ID_CULTIVO,VIVEIRO,QUANTIDADE_PL,TAMANHO_AREA,DENSIDADE_PL_HA,N_DIAS,SUP_05_MEDIA,SUP_05_STD,SUP_05_MIN,SUP_05_MAX,SOLO_05_MEDIA,SOLO_05_STD,SOLO_05_MIN,SOLO_05_MAX,TEMP_05_MEDIA,TEMP_05_STD,TEMP_05_MIN,TEMP_05_MAX,PH_05_MEDIA,PH_05_STD,PH_05_MIN,PH_05_MAX,SUP_14_MEDIA,SUP_14_STD,SUP_14_MIN,SUP_14_MAX,SOLO_14_MEDIA,SOLO_14_STD,SOLO_14_MIN,SOLO_14_MAX,TEMP_14_MEDIA,TEMP_14_STD,TEMP_14_MIN,TEMP_14_MAX,PH_14_MEDIA,PH_14_STD,PH_14_MIN,PH_14_MAX,SAL_14_MEDIA,SAL_14_STD,SAL_14_MIN,SAL_14_MAX,NIVEL_MEDIA,NIVEL_STD,NIVEL_MIN,NIVEL_MAX,DELTA_OXI_SUP_MEDIA,DELTA_OXI_SUP_STD,DELTA_OXI_SUP_MIN,DELTA_OXI_SUP_MAX,DELTA_OXI_SOLO_MEDIA,DELTA_OXI_SOLO_STD,DELTA_OXI_SOLO_MIN,DELTA_OXI_SOLO_MAX,DENSIDADE_PL_M2,RACAO_TOTAL,RACAO_MEDIA,RACAO_STD,RACAO_POR_PL,RACAO_POR_DIA,AMPLITUDE_TERMICA,TAXA_O2_BAIXO,TEND_SUP_05,TEND_TEMP_05,TEND_PH_05,PESO_FINAL,PESO_INICIAL,GP_SEMANAL,SOBREVIVENCIA,KG_DESPESCADO,PRODUTIVIDADE_KG_HA,N_DESBASTES,PESO_MEDIO_DESPESCA,MES_POVOAMENTO,SEN_MES,COS_MES
V10_C1,10,205000.0,1.0,205000.0,176.0,3.474857142857143,0.7363679561407263,1.7,5.2,3.374857142857143,0.7363679561407261,1.6,5.1,28.627272727272725,0.7151786626295003,26.6,30.2,8.247727272727273,0.36362532450776736,7.6,8.6,8.1375,1.8851972128847763,3.5,12.3,7.9541666666666675,1.959730072750315,0.8,12.1,30.37916666666667,0.7163304898085592,28.4,32.0,8.177941176470588,0.26907005186467225,7.6,9.0,36.96350364963504,3.546764804064993,25.0,41.0,99.92957746478874,0.8391813582966892,90.0,100.0,4.724475524475524,1.7887054404137492,-1.0,8.5,4.640559440559441,1.9102480394300014,-3.6000000000000005,8.5,20.5,4474.0,25.420454545454547,10.73176496298625,0.02182439024390244,25.420454545454547,1.7518939393939448,0.22857142857142856,-0.006865036500476562,0.01025686570650303,-0.005550188604752444,22.0,2.3,1.0476190476190477,0.4902912669408517,1875.5,1875.5,3.0,21.29,10,-0.8660254037844386,0.5000000000000001
V10_C2,10,195000.0,1.0,195000.0,148.0,3.878723404255319,0.6051928276695078,2.4,5.4,3.779432624113475,0.6061020341371645,2.3,5.3,27.69148936170213,1.1527290204245193,25.0,30.4,8.090780141843972,0.08856047910879733,7.1,8.2,8.21203007518797,1.6053432368747638,2.4,11.2,8.006766917293234,1.5725002042068472,2.3,11.0,29.423308270676692,1.1606481482112632,27.2,32.3,8.10451127819549,0.20738803538373077,7.5,8.7,29.533834586466167,1.221951197882645,26.0,32.0,98.84210526315789,3.671846421128052,80.0,100.0,4.40625,1.8180092079840964,-1.4,8.2,4.2984375,1.783563820437834,-1.4000000000000004,8.1,19.5,3645.0,24.79591836734694,10.107598373006455,0.018692307692307692,24.62837837837838,1.7318189089745637,0.0425531914893617,-0.008067726627500401,-0.01896518466985349,-0.0001714557036618151,18.2,1.6,1.011111111111111,0.510672957505295,1539.0,1539.0,2.0,17.07,4,0.8660254037844387,-0.4999999999999998
V10_C3,10,200000.0,1.0,200000.0,152.0,3.977205882352941,0.7871154004304389,1.5,5.6,3.8764705882352946,0.7871406570260195,1.4,5.5,28.408823529411762,0.7256639961401709,26.7,30.0,8.203703703703704,0.28162836934338964,8.0,8.8,7.6876033057851245,0.9679506054833806,4.9,9.5,7.485123966942149,0.954957342592222,4.8,9.4,30.2578125,0.9482357737805306,27.8,32.4,8.538095238095238,0.3184605828939307,7.8,9.2,32.75,2.5098232205526303,29.0,40.0,97.67441860465117,4.552064762791849,80.0,100.0,3.6429824561403508,0.933351492493073,1.5000000000000004,6.3,3.5412280701754386,0.9423949347329929,1.5,6.300000000000001,20.0,2588.0,19.313432835820894,9.713503437446738,0.01294,17.026315789473685,1.8489889705882376,0.11764705882352941,-0.012620039780886721,0.012407223465506104,0.005597377322723853,13.5,1.2,0.7941176470588235,0.599374617131941,1456.0,1456.0,2.0,10.78,9,-1.0,-1.8369701987210297e-16
V10_C4,10,140000.0,1.0,140000.0,73.0,3.4,1.1978050100518292,0.9,6.7,3.3000000000000003,1.1978050100518292,0.8,6.6,28.986206896551725,0.9048501428436838,27.1,31.8,8.63103448275862,0.04666753088820425,8.6,8.7,6.80327868852459,2.300287461247308,1.8,12.7,6.649180327868853,2.3115379404788543,1.7,12.6,30.58888888888889,1.3974759633354557,28.0,34.2,8.819642857142856,0.14944703270528842,8.6,9.2,22.517857142857142,3.4535413783460074,15.0,29.0,96.53225806451613,9.170011248246466,40.0,100.0,3.3040816326530615,2.7647301845202326,-2.4000000000000004,10.1,3.2530612244897954,2.781344252396696,-2.4999999999999996,10.1,14.0,2133.0,29.21917808219178,10.961101140120787,0.015235714285714286,29.21917808219178,1.602681992337164,0.43103448275862066,0.017820534911771695,-0.015081126267306845,-0.0016891215357174804,27.0,3.5,3.05,0.3824670837745945,1183.0,1183.0,1.0,25.63,2,0.8660254037844386,0.5000000000000001
V10_C5,10,180000.0,1.0,180000.0,109.0,4.739,0.7563729238940277,3.3,6.8,4.641,0.7586664270117327,3.2,6.7,26.504,0.7251499322501731,25.2,28.5,8.860714285714286,0.1642931974648338,8.5,9.0,8.969148936170212,2.0640302258635708,4.0,12.8,8.821276595744681,2.073430088349811,3.8,12.7,28.61063829787234,0.724897929056057,26.8,30.6,8.994594594594595,0.2946518223407709,8.3,9.9,17.53488372093023,4.998111818579693,11.0,28.0,98.01075268817205,4.431837933722391,80.0,100.0,4.336363636363637,2.3815469626304266,-1.5999999999999996,8.9,4.286363636363636,2.394206696450654,-1.6000000000000005,8.899999999999999,18.0,1731.0,16.805825242718445,6.6362909739348455,0.009616666666666667,15.880733944954128,2.1066382978723404,0.0,-0.01621690674419629,-0.01191533412624976,0.0025278985396320016,14.2,1.8,1.1833333333333333,0.4075007765830346,969.0,969.0,1.0,13.95,5,0.49999999999999994,-0.8660254037844387
V10_C6,10,95000.0,1.0,95000.0,31.0,4.430000000000001,0.5590324153207128,3.1,5.4,4.33,0.5590324153207131,3.0,5.3,27.23,0.5140441414026081,26.0,28.0,8.72,0.200688470194393,8.0,9.0,9.573076923076924,1.6641052111709027,4.8,12.3,9.434615384615386,1.6733062619119807,4.6,12.2,30.192307692307693,0.8597316218090741,27.8,32.0,8.834615384615386,0.1547703012656047,8.5,9.0,29.09090909090909,1.2690112727590752,27.0,30.0,99.03846153846153,4.004804806536959,80.0,100.0,4.9173913043478255,1.6058563770017888,1.1999999999999997,8.0,4.873913043478261,1.6079963227299503,1.0999999999999996,7.999999999999999,9.5,599.0,19.966666666666665,49.18822632699214,0.0063052631578947365,19.322580645161292,2.962307692307693,0.0,0.016845249048111056,-0.0018811306600237238,0.0114991011903919,12.5,2.2,2.5,0.3375737923006568,406.0,406.0,0.0,12.66,9,-1.0,-1.8369701987210297e-16
V10_C7,10,80000.0,1.0,80000.0,49.0,3.6816326530612247,0.9299806157002585,2.2,6.7,3.576,0.9219677270902261,2.1,6.6,28.780392156862746,0.5734176864531231,27.6,29.8,8.7,0.0,8.7,8.7,8.674545454545454,1.5585152219242826,3.1,12.2,8.532727272727273,1.5482432751532427,3.0,12.0,30.97037037037037,1.1447385183228251,26.0,32.8,8.974545454545455,0.12052075557866548,8.7,9.3,33.90196078431372,1.57803551241136,30.0,35.0,98.07692307692308,4.660413824283702,70.0,100.0,4.94054054054054,1.472990054175418,0.09999999999999964,8.9,4.963157894736842,1.4889541137233973,0.10000000000000053,8.9,8.0,901.0,19.58695652173913,4.445102608272123,0.0112625,18.387755102040817,2.189978213507626,0.1836734693877551,-0.035867157402311535,0.020165375446960544,-1.9497000043548392e-17,14.5,8.7,3.625,0.4299450549450549,626.0,626.0,0.0,18.2,10,-0.8660254037844386,0.5000000000000001
V10_C8,10,160000.0,1.0,160000.0,63.0,3.043103448275862,1.0404304218903435,0.7,6.4,2.9465517241379313,1.0426375995255222,0.6,6.3,29.053448275862067,0.5178279593873729,27.6,30.2,8.9,0.0,8.9,8.9,7.933333333333334,1.667173256343403,4.3,11.8,7.754901960784314,1.6068993404056395,4.2,11.7,31.590566037735847,0.9598205262811056,28.9,33.8,9.05952380952381,0.22203001753720708,8.8,9.8,25.41025641025641,4.089253880715242,20.0,30.0,96.32075471698113,7.2821530652412365,60.0,100.0,4.7275,1.9038405853324416,-0.10000000000000053,11.100000000000001,4.6899999999999995,1.9132198661968403,-0.20000000000000018,11.1,16.0,2039.0,33.983333333333334,17.222857955583095,0.01274375,32.36507936507937,2.5371177618737804,0.4482758620689655,-0.02162889460844316,0.003982252788125233,-3.426714711462689e-17,9.5,1.1,2.042857142857143,0.6579532738095238,1235.0,1235.0,2.0,13.44,1,0.49999999999999994,0.8660254037844387
V11A_C1,11A,270000.0,3.13,86262.0,149.0,5.4,0.9897282676551281,2.3,8.4,5.279710144927536,0.9546780265350645,2.2,7.3,27.674820143884894,1.0516442285104757,24.2,29.5,8.553237410071942,0.15050743073445805,8.4,8.7,8.44608695652174,1.0748551070466035,6.2,11.9,8.38448275862069,1.2356729163584868,6.1,15.0,29.957758620689653,1.3666939393434407,27.3,34.5,8.420175438596491,0.23202831096767773,8.0,9.0,32.026315789473685,6.734484661175408,17.0,41.0,94.08695652173913,15.497348509710497,30.0,100.0,3.044545454545455,1.476767258105412,-0.6000000000000005,6.7,3.05,1.4589646951353474,-0.5999999999999996,6.7,8.6262,2879.0,20.564285714285713,10.665759585874762,0.010662962962962963,19.322147651006713,2.282938476804759,0.014492753623188406,-0.015371328024836133,0.019520843980313004,-0.003210393171837255,17.5,1.7,0.9375,0.5837006947836944,2030.415,648.6948881789137,4.0,15.0,8,-0.8660254037844384,-0.5000000000000004
V11A_C2,11A,215000.0,3.13,68690.0,153.0,4.289864864864865,1.0126908900336387,1.0,7.2,4.1891891891891895,1.0116421038474475,0.9,7.1,29.3156462585034,0.629274498575799,27.8,30.6,7.975,0.24491425682732343,7.0,8.5,7.743076923076924,1.4695323551641117,2.4,10.6,7.618461538461538,1.478831752168726,2.3,10.5,31.079230769230772,0.9151351112891078,29.1,33.5,8.1984,0.23622842963483875,7.5,8.8,33.95967741935484,5.180324241269956,26.0,41.0,99.6923076923077,2.7670434613490693,70.0,100.0,3.4410852713178293,1.4730714300347065,-0.8000000000000003,6.8999999999999995,3.4170542635658916,1.4830882070345517,-0.8000000000000003,6.800000000000001,6.869,4410.0,29.59731543624161,13.785479759655875,0.020511627906976745,28.823529411764707,1.763584510727373,0.060810810810810814,-0.01071204272919532,0.0005465559433706484,-0.0015763777695330281,22.0,1.5,1.4666666666666666,0.5512633206559012,2325.0,742.8115015974441,6.0,21.95,1,0.49999999999999994,0.8660254037844387
V11A_C3,11A,330000.0,3.13,105431.0,107.0,4.783168316831683,0.788298079019693,2.8,6.9,4.683168316831683,0.7882980790196928,2.7,6.8,27.451485148514852,0.6393142985083531,25.7,28.9,8.006930693069307,0.04063846882591479,8.0,8.3,8.322916666666666,1.0461437122435266,3.5,10.6,8.117708333333333,1.0448867772122408,3.3,10.5,29.003125,0.8831109038060012,26.9,31.0,8.058333333333334,0.16837718727007708,7.7,8.5,29.875,0.8735890880367273,28.0,32.0,97.8125,9.228459984429172,30.0,100.0,3.582608695652174,1.0084923679370563,0.0,6.1,3.4782608695652173,1.0118882454644513,-0.09999999999999964,6.0,10.5431,2534.0,24.133333333333333,12.436814663504437,0.007678787878787879,23.682242990654206,1.5516398514851488,0.009900990099009901,-0.006377907021405708,0.006659913810394852,-0.00038691647255940904,19.2,3.8,,0.4175580451294737,2423.0,774.1214057507988,2.0,19.11,6,1.2246467991473532e-16,-1.0
V11A_C4,11A,750000.0,3.13,239617.0,184.0,4.1725146198830405,1.0055751023915165,1.0,7.4,4.069005847953216,1.0037158345050605,0.9,7.3,28.919999999999998,0.7937328482049407,27.1,30.7,8.376190476190477,0.2536530931119921,8.1,8.8,7.40204081632653,1.8259345285174402,2.1,10.6,7.216216216216216,1.8252966976810043,1.8,10.5,30.67820512820513,1.0164006621593906,28.1,33.4,8.678666666666667,0.3199384728322128,7.6,9.7,32.869281045751634,3.712873781391749,20.0,40.0,97.61437908496733,9.59860473893453,40.0,100.0,3.2711267605633805,1.740448339806187,-2.3999999999999995,7.6,3.1944055944055947,1.7433081803856332,-2.5,7.6,23.9617,6538.0,40.8625,21.243271224720644,0.008717333333333334,35.53260869565217,1.7582051282051303,0.1111111111111111,-0.008836798607193106,0.009049599214639405,0.003210344840775049,19.6,1.2,,0.2446316103016087,3178.0,1015.335463258786,5.0,22.0,9,-1.0,-1.8369701987210297e-16
V11A_C5,11A,250000.0,3.13,79872.0,69.0,4.426315789473684,1.4516648466735251,0.6,8.1,4.326315789473684,1.451664846673525,0.5,8.0,28.821052631578947,0.9463721787710581,27.0,30.6,8.416981132075472,0.037906002450412236,8.4,8.5,6.749019607843137,1.6916704819815949,3.5,10.8,6.6039215686274515,1.7004659107801863,3.3,10.7,30.171999999999997,1.1317387742147995,28.3,32.4,8.902777777777779,0.19491552911983048,8.5,9.2,18.70731707317073,2.2050385760687323,15.0,23.0,98.77551020408163,8.571428571428571,40.0,100.0,2.404255319148936,1.8734944618579465,-1.9,6.9,2.359574468085106,1.8794841538441716,-2.0,6.9,7.9872,2262.0,33.76119402985075,17.294323426925825,0.009048,32.78260869565217,1.3509473684210498,0.10526315789473684,-0.006273853082910272,-0.03418088602791121,0.0014759880789205885,14.0,2.0,,0.6503572349766578,2138.0,683.0670926517572,0.0,13.17,4,0.8660254037844387,-0.4999999999999998
V11A_C6,11A,280000.0,3.13,89457.0,95.0,4.446464646464646,0.8013143706911472,2.6,6.8,4.352525252525252,0.795054026446032,2.5,6.7,26.616161616161616,0.518181094872318,25.7,28.3,8.858241758241759,0.27691391926250064,6.4,9.0,7.918478260869565,1.4048526063883224,4.0,10.8,7.836666666666666,1.3715774564716068,3.8,10.6,28.45888888888889,0.7925062569411616,27.1,30.4,8.836363636363636,0.32683050931359364,8.3,9.8,18.583333333333332,7.894192364793846,5.0,30.0,96.64835164835165,7.925168945095292,50.0,100.0,3.526190476190476,1.6268914143620865,-1.0999999999999996,6.300000000000001,3.551219512195122,1.5885581553559527,-1.1000000000000005,6.2,8.9457,2456.0,25.31958762886598,11.11263019398102,0.00877142857142857,25.852631578947367,1.8427272727272737,0.04040404040404041,-0.009428948210199573,0.0038777424419403276,-0.0007289275297399093,14.8,1.2,1.3454545454545457,0.3863810186366644,1867.0,596.4856230031949,2.0,20.35,6,1.2246467991473532e-16,-1.0
V11A_C7,11A,280000.0,3.13,89457.0,142.0,3.9525547445255476,0.9063566604146843,1.7,6.4,3.8566176470588234,0.90861736280052,1.6,6.3,28.854014598540147,0.8223008071456441,26.7,30.2,8.71029411764706,0.11755497485555272,8.5,8.8,8.110169491525424,1.4247140862072445,3.4,11.5,7.954237288135594,1.4425549549025682,3.3,11.4,30.861206896551725,0.8698597139993236,28.6,32.8,8.987735849056603,0.18241910415235624,8.6,9.3,33.16470588235294,3.2637719495058004,8.8,36.0,99.01709401709402,3.2323336983727877,70.0,100.0,4.122608695652174,1.5931906015622173,-1.9000000000000004,7.8,4.0508771929824565,1.5986856113382693,-2.0,7.800000000000001,8.9457,4997.0,36.210144927536234,19.39954582151429,0.017846428571428572,35.190140845070424,2.007192298011578,0.12408759124087591,-0.013811933477681698,0.015264702364119897,0.0013153985832982948,16.2,2.0,1.0125,0.7547555850755181,3073.0,981.7891373801916,1.0,14.63,10,-0.8660254037844386,0.5000000000000001
V11B_C1,11B,400000.0,4.95,80808.0,141.0,4.499230769230769,1.0651997777355078,2.8,7.3,4.400769230769231,1.0638890303097206,2.7,7.2,27.668396946564886,1.0488263160415832,25.0,29.4,8.287022900763358,0.15109698697035967,8.2,8.8,6.7287037037037045,1.4452662611413962,3.1,10.5,6.600925925925925,1.4577216489017049,3.0,10.4,29.39537037037037,1.2136593510628462,26.4,32.4,8.330188679245284,0.2111960548516614,7.5,8.9,33.67289719626168,4.78948474980106,25.0,41.0,93.73831775700934,16.627061624816232,30.0,100.0,2.2685714285714287,1.3559919932338416,-1.4000000000000004,7.2,2.239047619047619,1.3753667509554315,-1.4000000000000004,7.2,8.0808,3155.0,23.198529411764707,13.563469376418944,0.0078875,22.375886524822697,1.7269734238054824,0.03076923076923077,-0.017794841124724844,0.020253127413677723,-0.0027791077404354585,17.0,1.0,1.2266666666666666,0.6303979290296712,3202.0,646.8686868686868,3.0,12.47,8,-0.8660254037844384,-0.5000000000000004
V11B_C2,11B,390000.0,4.95,78788.0,177.0,3.6283236994219656,0.8447898248072492,0.9,6.0,3.5069364161849714,0.8711515911543768,0.8,5.9,28.951445086705203,0.9349547269487096,25.1,30.5,7.989595375722543,0.22697801958304517,7.1,8.5,6.396753246753247,1.5494219386415178,2.5,10.0,6.248701298701298,1.5475570887285932,2.4,9.9,30.011688311688314,1.1243559115960209,26.7,32.5,8.143243243243244,0.22502068299861858,7.6,8.9,33.20945945945946,5.011895208738829,26.0,40.0,99.64285714285714,2.432563862836643,80.0,100.0,2.735526315789474,1.45435668374072,-1.2999999999999998,5.800000000000001,2.7125,1.495835831378927,-1.3000000000000003,6.8,7.8788,7262.0,41.97687861271676,17.160647842850864,0.01862051282051282,41.02824858757062,1.060243224983111,0.1676300578034682,-0.0016621877765681857,-0.00694526476556434,-0.0016443006416689114,24.0,1.8,1.0909090909090908,0.6111865804044218,4609.0,931.1111111111112,0.0,10.55,1,0.49999999999999994,0.8660254037844387
V11B_C3,11B,465000.0,4.95,93939.0,108.0,3.739622641509434,0.9284579376356633,1.8,6.0,3.639622641509434,0.9284579376356631,1.7,5.9,27.53018867924528,0.6200107236124466,26.1,28.7,8.272641509433964,0.04686966501536209,8.1,8.3,6.275247524752475,1.4325087043780265,2.4,10.0,6.063366336633663,1.4395640154072504,2.3,9.8,28.59009900990099,0.7383095489691375,26.5,30.6,8.106930693069307,0.20940746201727034,7.6,8.7,31.04,1.6262990145875644,28.0,39.0,99.36633663366337,4.546917136428212,55.0,100.0,2.4391752577319585,1.0064952290240177,-0.20000000000000018,4.7,2.3257731958762884,1.0068803254065113,-0.30000000000000027,4.6,9.3939,4685.0,43.78504672897196,27.572897561747588,0.0100752688172043,43.379629629629626,1.0599103306557076,0.19811320754716982,-0.021585008538067045,0.009393509789460686,0.0003732656637175849,17.0,1.1,1.2142857142857142,0.4804056740154271,3863.0,780.4040404040404,0.0,17.29,7,-0.4999999999999997,-0.8660254037844388
V11B_C4,11B,318000.0,4.95,64242.0,114.0,3.7407766990291265,0.9632906116998109,1.3,5.7,3.6427184466019416,0.9623910115780329,1.2,5.6,28.998058252427185,0.6227674765967781,27.4,30.5,8.361386138613861,0.24534477660211396,8.1,8.9,6.056626506024096,1.493334194792861,2.3,11.4,5.87710843373494,1.4901567523704746,2.0,11.2,30.63736263736264,1.1010750657272672,28.1,33.0,8.756818181818183,0.2685831083713266,7.8,9.3,36.472527472527474,2.0129616618342916,30.0,40.0,99.23076923076923,2.974248450643258,80.0,100.0,2.4353658536585363,1.2262934165651347,-0.7999999999999998,5.7,2.357317073170732,1.2370844345570864,-0.8999999999999999,5.6,6.4242,4550.0,46.90721649484536,17.59798903889471,0.014308176100628931,39.91228070175438,1.6393043849354534,0.21359223300970873,-0.00973661054944583,0.00928234465720346,0.0048785233922818295,19.6,17.0,1.4000000000000001,0.6232285573983251,3673.0,742.020202020202,4.0,19.19,10,-0.8660254037844386,0.5000000000000001
V11B_C5,11B,560000.0,4.95,113131.0,119.0,3.827722772277228,1.1129347520749984,0.9,8.4,3.715841584158416,1.1201546922873935,0.8,8.3,28.798019801980196,1.076938271027621,24.4,30.8,8.633673469387755,0.15192502054036205,8.4,8.8,6.334782608695652,1.6789213427968015,1.9,9.9,6.15934065934066,1.6843711666691008,1.8,9.8,30.12150537634409,1.0811476855201443,28.1,33.6,8.90886075949367,0.28065394030669216,7.6,9.7,23.729411764705883,5.099925852155002,15.0,35.0,98.65591397849462,3.769138477435541,80.0,100.0,2.5534883720930233,2.0485115212769434,-3.1999999999999997,6.6000000000000005,2.498823529411765,2.0670023220692753,-3.2,6.6000000000000005,11.3131,2790.0,24.051724137931036,9.131736181972812,0.004982142857142857,23.445378151260503,1.3234855743638931,0.16831683168316833,-0.0029209399152600067,-0.013982103860675717,-0.00408612125054019,22.0,3.3,2.341666666666667,0.1628490877552426,2128.0,429.8989898989899,1.0,22.5,2,0.8660254037844386,0.5000000000000001
V11B_C6,11B,500000.0,4.95,101010.0,47.0,4.241304347826087,0.923417826929818,2.2,7.1,4.141304347826087,0.9234178269298181,2.1,7.0,26.519565217391307,0.6628623336937708,25.5,28.0,9.031428571428572,0.06761234037828151,8.9,9.1,6.428205128205128,1.5017443748326245,4.1,10.7,6.221052631578948,1.4839971397103708,3.9,10.6,27.818421052631578,0.5931388166028456,26.7,29.0,9.15,0.3214550253664317,8.6,9.8,9.13888888888889,2.3561806597940027,5.0,17.0,95.26315789473684,14.47025693289947,40.0,100.0,2.1444444444444444,1.4114722697431814,-1.0,5.499999999999999,2.0142857142857142,1.3495408494008918,-1.0,5.5,10.101,1399.0,29.76595744680851,10.444912982669656,0.002798,29.76595744680851,1.2988558352402713,0.06521739130434782,0.012982930369925464,-0.023167142213545558,-0.0057311233885820045,18.0,5.3,3.0,0.2018702362896957,1832.0,370.1010101010101,1.0,20.46,6,1.2246467991473532e-16,-1.0
V11B_C7,11B,430000.0,4.95,86869.0,108.0,3.038679245283019,0.7596453752485879,1.5,4.9,2.939622641509434,0.7609116393583758,1.4,4.8,27.217924528301886,0.7750633976909604,25.5,29.0,8.70754716981132,0.19745915223518193,8.3,8.9,6.341489361702128,1.4172826927146205,3.0,9.5,6.173404255319149,1.4514490743617456,2.8,9.4,29.357446808510637,1.1657744079617285,27.1,31.8,8.747252747252746,0.25048426845286664,8.1,9.2,32.20238095238095,3.6064859975767463,25.0,38.0,94.46808510638297,10.329727564779779,65.0,100.0,3.256521739130435,1.3976671574587067,0.6000000000000001,6.4,3.1869565217391305,1.4323742981347434,0.5,6.4,8.6869,3319.0,31.018691588785046,18.62640715637153,0.007718604651162791,30.73148148148148,2.1395222802087517,0.4339622641509434,-0.0006638822210313886,0.020242528092332783,0.0036216836413563627,12.0,4.0,1.2727272727272727,0.5651962780968115,2759.5,557.4747474747475,0.0,10.44,8,-0.8660254037844384,-0.5000000000000004
V11B_C8,11B,450000.0,4.95,90909.0,131.0,3.0034188034188034,1.0983476322947674,1.2,8.3,2.9008620689655173,1.1006318888359718,1.1,8.2,29.17948717948718,0.5153737280611013,27.8,30.2,8.806896551724138,0.07543974034147083,8.6,8.9,5.761,1.814915475116728,2.9,10.8,5.588888888888889,1.8935383619944615,0.9,10.7,31.085858585858585,0.7698409723151408,29.1,33.2,9.131578947368421,0.16428473357013668,8.7,9.5,31.876712328767123,6.141718013081274,20.0,40.0,93.73737373737374,12.643935271695023,50.0,100.0,2.4870967741935486,1.7626700230327215,-3.5,7.800000000000001,2.398901098901099,1.8684214671745718,-3.5,7.799999999999999,9.0909,5510.0,45.53719008264463,22.771342122030653,0.012244444444444445,42.06106870229008,1.906371406371406,0.5470085470085471,-0.0015816128832848032,0.0008940108285449683,-0.0007380165263650692,14.5,2.3,1.3181818181818181,0.7125630667028869,4139.0,836.1616161616162,4.0,16.14,12,-2.4492935982947064e-16,1.0
V11C_C1,11C,240000.0,2.98,80537.0,149.0,4.180272108843537,0.5632147763986151,2.3,5.4,4.080952380952381,0.5648776486911726,2.2,5.3,27.623809523809523,1.0269874372878365,24.6,29.5,8.45945945945946,0.27000575399205934,8.2,9.1,8.194915254237289,0.9366103147230775,6.1,10.8,8.088135593220338,0.9306894321223242,6.0,10.6,30.11271186440678,1.2879153373837442,27.2,33.5,8.422608695652174,0.19782185392073054,7.9,8.9,32.310344827586206,6.642961352607275,17.0,41.0,93.54700854700855,13.407727909612507,40.0,100.0,4.0025641025641026,0.9549744118671214,1.8999999999999995,6.2,3.994871794871795,0.9494868081964025,1.9000000000000004,6.2,8.0537,2922.0,19.877551020408163,9.286090614081203,0.012175,19.610738255033556,2.4889023405972566,0.013605442176870748,-0.002895359900079066,0.018759491949315896,-0.005521272539489204,22.0,2.3,1.2941176470588236,0.5610189533861039,2526.0,847.6510067114094,2.0,22.74,8,-0.8660254037844384,-0.5000000000000004
V11C_C2,11C,270000.0,2.98,90604.0,109.0,3.8009345794392524,0.9353130166291926,2.0,5.5,3.7056603773584906,0.9384719280556163,1.9,5.4,29.318691588785047,0.6453214558215766,27.1,30.7,7.9943925233644855,0.23465421195635286,7.8,8.3,8.387500000000001,1.6785488720288937,4.2,11.6,8.282291666666667,1.67759193279607,4.1,11.5,31.436458333333334,1.2613376184508647,29.0,39.5,8.247252747252746,0.2531317879597539,7.7,8.7,35.644444444444446,4.947615726113285,26.0,41.0,98.17708333333333,8.275512121747692,45.0,100.0,4.604255319148936,1.6010020312303357,1.1000000000000005,8.0,4.592473118279569,1.608147500206897,1.0999999999999996,8.0,9.0604,2713.0,25.35514018691589,11.593957711010098,0.010048148148148148,24.889908256880734,2.1177667445482875,0.1588785046728972,-0.021018290651186947,0.01268296366621636,-0.005821660795520146,21.3,1.8,1.5214285714285716,0.4424486684038217,2054.0,689.261744966443,1.0,16.63,1,0.49999999999999994,0.8660254037844387
V11C_C3,11C,277600.0,2.98,93154.0,39.0,3.6540540540540536,0.66231689066765,2.1,4.6,3.554054054054054,0.6623168906676499,2.0,4.5,28.605405405405406,0.4807089359280545,27.6,29.9,8.2,0.0,8.2,8.2,9.059375,1.6267639309674817,7.0,12.7,8.853125,1.6622923105779115,6.8,12.6,30.759375,1.0124576852965887,29.2,33.0,8.428125,0.21286732957408053,8.0,8.8,30.625,1.4756081305138944,29.0,34.0,87.8125,14.697898686766461,55.0,100.0,5.338709677419355,1.7973457132402844,2.5,9.3,5.229032258064516,1.8255946151664484,2.3999999999999995,9.3,9.3154,174.0,5.2727272727272725,2.362106148026683,0.0006268011527377522,4.461538461538462,2.1539695945945923,0.13513513513513514,0.009151256519677575,-0.021834992887623902,5.507311879398477e-17,6.5,3.0,2.1666666666666665,0.0983657186565979,163.0,54.69798657718121,0.0,5.92,4,0.8660254037844387,-0.4999999999999998
V11C_C4,11C,250000.0,2.98,83893.0,97.0,3.5869565217391304,0.871933230544878,1.8,6.6,3.4847826086956526,0.8693732468460146,1.7,6.5,27.305434782608696,0.6760200482160696,25.6,28.7,8.097826086956522,0.014662959759729295,8.0,8.1,7.676404494382023,1.4286852245644126,2.4,11.3,7.461797752808989,1.4084570553669977,2.3,11.0,29.06179775280899,1.0363293634459796,25.6,31.0,8.13820224719101,0.1661773545845251,7.4,8.5,29.820224719101123,0.7000291836904983,27.0,32.0,98.98876404494382,2.9368132931278708,90.0,100.0,4.0702380952380945,1.5192562988725098,-0.7000000000000002,6.9,3.9583333333333335,1.521746644946399,-0.7000000000000002,6.799999999999999,8.3893,2820.0,29.68421052631579,18.428852931768137,0.01128,29.072164948453608,1.7563629702002928,0.1956521739130435,-0.014961488208467917,0.010259482035414063,9.56605847696209e-05,15.0,3.0,1.5,0.7515681983953318,2576.0,864.4295302013422,0.0,13.71,6,1.2246467991473532e-16,-1.0
V11C_C5,11C,260000.0,2.98,87248.0,194.0,3.2736842105263153,1.0638210236118848,0.8,6.1,3.173684210526316,1.062160891067795,0.7,6.0,28.74502923976608,0.8798505048613128,26.4,30.4,8.444705882352942,0.34658294168662307,8.0,9.0,7.914838709677419,2.122721652519765,2.0,14.6,7.714193548387097,2.131990068130585,1.8,14.8,31.115,1.0814734881911692,28.2,33.6,8.769620253164556,0.3620023684265538,7.6,9.7,33.04968944099379,3.3630366527812754,25.0,42.0,90.40372670807453,21.0726062940692,20.0,100.0,4.6367346938775515,2.250725351350704,-4.1,11.2,4.535374149659863,2.2831365928299086,-4.2,11.5,8.7248,4231.0,25.035502958579883,13.41902234175881,0.01627307692307692,21.809278350515463,2.369970760233919,0.36257309941520466,-0.009256684688790234,0.009784137103989373,0.005571483827780634,17.7,2.2,1.3294117647058825,0.4029561876494352,1748.0,586.5771812080537,3.0,18.66,9,-1.0,-1.8369701987210297e-16
V11C_C7,11C,220000.0,2.98,73826.0,139.0,3.8265151515151516,1.0285140729430784,1.5,6.2,3.7265151515151516,1.028959294032719,1.4,6.1,26.950833333333332,0.8303269306151841,24.8,28.8,8.78560606060606,0.1414928993754644,8.0,8.9,8.32436974789916,1.585044852413269,3.5,11.7,8.185593220338983,1.5877886263621246,3.4,11.5,29.153389830508473,1.3173842383104006,26.2,31.9,8.844736842105263,0.23464984467094507,8.4,9.6,24.36111111111111,7.98767547547831,11.0,35.0,97.11864406779661,5.446192885782923,80.0,100.0,4.4879310344827585,1.9915977930082776,-1.0,8.9,4.431304347826087,1.9871678346458577,-1.0000000000000004,8.799999999999999,7.3826,3038.0,22.503703703703703,9.251763909327854,0.01380909090909091,21.85611510791367,2.2025564971751415,0.21212121212121213,-0.01692914629085802,0.01711638472047928,-0.0017004349718483683,14.5,1.2,1.1076923076923078,0.786265568491454,2306.5,773.993288590604,8.0,14.68,7,-0.4999999999999997,-0.8660254037844388
V11C_C8,11C,250000.0,2.98,83893.0,109.0,3.595959595959596,0.9605397283712043,1.3,5.3,3.494949494949495,0.9589932792611795,1.2,5.2,29.235353535353536,0.5137523288219986,27.9,30.1,8.8,0.0,8.8,8.8,8.92134831460674,1.6202182730417103,0.8,12.5,8.873033707865169,1.3772307561440273,6.0,12.4,31.615730337078652,0.815043065845505,29.8,33.4,9.108108108108109,0.15417189904099218,8.8,9.4,32.56944444444444,3.2924428573175084,23.0,36.0,97.8409090909091,8.087007266002434,50.0,100.0,5.228048780487804,1.5163531943240554,-2.5,8.8,5.28780487804878,1.2568223937210166,2.1,8.8,8.3893,3346.0,33.7979797979798,18.935971490401588,0.013384,30.69724770642202,2.3803768017251166,0.25252525252525254,-0.013654061214299587,0.001963755885593502,5.593131097626163e-17,18.0,2.7,1.5,0.459253001101476,2364.5,793.4563758389262,1.0,21.71,12,-2.4492935982947064e-16,1.0
V12A_C1,12A,1225000.0,22.61,54180.0,135.0,3.7669291338582673,0.7735770467891906,2.3,5.4,3.6692913385826773,0.7698187594393258,2.2,5.3,27.1511811023622,1.4881471457013535,23.0,29.5,8.446511627906975,0.308738995661155,5.2,8.6,6.986666666666667,1.4361451251572106,3.4,12.1,6.917572815533981,1.4185614544453375,3.3,12.0,28.97843137254902,1.2207470080323215,25.9,32.2,8.349019607843138,0.24444120880535103,8.0,9.5,34.324271844660196,6.535220806078355,9.4,44.0,95.52038834951456,12.121552343666838,8.6,100.0,3.2284313725490197,1.1516993428980329,0.3999999999999999,7.699999999999999,3.2157843137254902,1.152829868408205,0.3999999999999999,7.7,5.418,11427.0,87.22900763358778,58.39923140767891,0.009328163265306123,84.64444444444445,1.8272502701868198,0.13385826771653545,-0.014852443034327856,0.030816853959386967,0.003262665770547203,20.3,2.2,1.3533333333333333,0.9917401147661778,17239.5,762.4723573639983,2.0,17.89,8,-0.8660254037844384,-0.5000000000000004
V12A_C2,12A,1390000.0,22.61,61477.0,150.0,3.6145833333333335,1.1506743993965338,1.6,7.7,3.5202797202797202,1.152679636213274,1.5,7.6,28.406293706293706,0.9974062689003917,26.0,30.7,8.019718309859154,0.25853911363542753,7.8,8.6,7.024031007751939,1.9383778331458004,2.0,12.5,6.894573643410853,1.940977124958562,1.8,12.3,30.157364341085273,0.9264157403838769,28.0,32.5,8.22983870967742,0.2622540934786128,7.6,8.9,34.8130081300813,5.142796320265513,27.0,43.0,92.40310077519379,14.335554237980379,50.0,100.0,3.3634920634920635,1.835847626557419,-1.7000000000000002,7.200000000000001,3.3408,1.8379115075752204,-1.6999999999999997,7.199999999999999,6.1477,11505.0,79.34482758620689,52.32502313403228,0.008276978417266188,76.7,1.7510706347915672,0.2708333333333333,-0.01417255743104127,-0.009988781745876484,-0.004440619781913353,24.6,1.7,1.2947368421052632,0.494832234958441,16350.0,723.1313578062804,11.0,24.64,12,-2.4492935982947064e-16,1.0
V12A_C3,12A,1400000.0,22.61,61920.0,151.0,3.126797385620915,0.7367251983527215,1.0,6.0,3.0267973856209154,0.7367251983527215,0.9,5.9,26.68223684210526,1.2411862502351338,24.1,29.1,8.256862745098038,0.15164219741599505,8.1,9.2,7.010791366906475,1.3938108872763715,2.7,10.6,6.802877697841727,1.37556009388551,2.6,10.4,28.22877697841727,1.2365358697374367,26.0,31.7,8.186231884057971,0.23026231597564578,7.7,8.7,31.158273381294965,2.534569662486406,27.0,42.0,94.35251798561151,12.600818531816717,25.0,100.0,3.889393939393939,1.4140655250998684,0.5,8.799999999999999,3.784090909090909,1.4026055114251066,0.2999999999999998,8.700000000000001,6.192,13610.0,92.58503401360544,71.77283833338585,0.009721428571428572,90.13245033112582,1.5465401363120073,0.35947712418300654,-0.0037796113987829108,0.018534652114957646,0.00039120762816088396,16.5,1.4,1.1785714285714286,0.8563032035149095,17563.0,776.780185758514,4.0,16.11,6,1.2246467991473532e-16,-1.0
V12A_C4,12A,1450000.0,22.61,64131.0,178.0,2.977536231884058,1.0825772247663341,0.6,5.7,2.8731884057971016,1.0808579894885526,0.5,5.6,28.226086956521737,1.0419174034418694,25.9,30.4,8.596350364963504,0.22076363428819187,8.3,9.0,6.805263157894737,1.9871296410970063,2.2,13.8,6.6496240601503755,1.9872557620143283,2.0,13.6,30.242957746478872,1.098767709969437,27.6,32.6,8.974045801526717,0.23323404760670438,7.7,9.6,29.022727272727273,5.2733897858444925,18.0,40.0,90.43165467625899,15.999116986373199,25.0,100.0,3.764655172413793,1.6827645116887568,-0.7999999999999998,10.0,3.716379310344828,1.684349646936002,-0.9000000000000004,10.0,6.4131,17448.9,107.04846625766872,55.874099386039475,0.012033724137931035,98.02752808988765,2.016870789957135,0.42028985507246375,-0.006647884572475934,-0.004743847461273807,-0.0019479127215156272,22.8,1.3,1.1411764705882355,0.74744,19053.5,842.702344095533,10.0,21.34,10,-0.8660254037844386,0.5000000000000001
V12A_C5,12A,1500000.0,22.61,66342.0,139.0,3.5523076923076924,1.026789637099586,0.3,5.4,3.4530769230769227,1.0297277777949636,0.2,5.3,25.81923076923077,1.0609412344337863,24.1,28.4,8.855263157894736,0.0996383773516353,8.5,8.9,7.075213675213675,1.7957279756605657,3.0,10.7,6.926495726495726,1.7992523908362208,2.8,10.6,27.689655172413794,1.081173220272258,25.2,31.0,9.106122448979592,0.2731323936103159,8.5,9.9,18.723809523809525,7.02535961041694,10.0,34.0,97.95652173913044,4.630924473556703,60.0,100.0,3.4405405405405403,1.6997528364911487,-1.4000000000000004,7.8,3.389189189189189,1.6961641939897716,-1.3999999999999995,7.700000000000001,6.6342,15224.0,114.46616541353383,74.11125429524759,0.010149333333333333,109.5251798561151,1.8704244031830228,0.3076923076923077,-0.01407609457236495,0.013723161874055837,0.0005873882933741781,16.3,1.8,1.0866666666666667,0.5813283480119917,11614.0,513.6665192392746,13.0,17.12,6,1.2246467991473532e-16,-1.0
V12A_C6,12A,1500000.0,22.61,66342.0,146.0,2.9963235294117645,1.2080230613591776,1.3,6.8,2.8772058823529414,1.2468013540888279,0.5,6.7,28.458333333333332,0.8603249578379563,25.9,30.4,8.799248120300751,0.18027598396394123,8.0,9.6,6.953571428571428,2.622972956396448,3.6,14.8,6.79375,2.6309413671683144,3.5,14.7,30.161607142857143,0.9432783101497517,28.4,33.4,9.169791666666667,0.1466250439344248,8.8,9.4,34.09574468085106,4.212294215480093,23.0,40.0,94.36363636363636,11.965337761904733,30.0,100.0,3.570873786407767,1.6265343325286274,1.0,8.700000000000001,3.5359223300970872,1.707300033875988,1.0,9.9,6.6342,14852.0,113.37404580152672,80.10333094753423,0.009901333333333333,101.72602739726027,1.703273809523811,0.6176470588235294,-0.015967507001972456,-0.001468612349137046,-0.002711133874383451,18.8,2.2,1.175,,,,,,11,-0.5000000000000004,0.8660254037844384
V12A_C7,12A,1100000.0,22.61,48651.0,61.0,4.207692307692308,0.6576387213225859,1.7,5.7,4.101960784313725,0.6628695787493742,1.6,5.6,27.10576923076923,0.7423897453067698,25.2,28.3,8.756521739130434,0.17009646182125857,8.5,8.9,7.204761904761905,0.9622008260923854,4.6,8.7,7.0476190476190474,0.9630333416810213,4.4,8.5,28.864285714285714,1.0626293731442726,27.2,31.8,8.957142857142857,0.3412968158121553,8.5,9.6,27.41025641025641,2.6922691340982907,18.0,32.0,96.66666666666667,11.189425902722641,50.0,100.0,2.87,1.0839623420462348,0.5,5.199999999999999,2.81,1.0843407544655286,0.39999999999999947,5.1,4.8651,6880.0,129.81132075471697,43.64368691847019,0.0062545454545454545,112.78688524590164,1.758516483516484,0.019230769230769232,0.00914128119080556,-0.021407954550487707,-0.007376405643017828,11.8,1.5,1.55,0.1721118181818181,2209.4,97.71782397169396,5.0,12.62,4,0.8660254037844387,-0.4999999999999998
V12B1_C1,12B1,30500.0,0.243,125514.0,128.0,6.097560975609756,0.6763527325238531,1.6,8.1,5.996747967479675,0.6758037060224691,1.5,8.0,26.61869918699187,0.6335367280742363,25.2,28.1,8.057377049180328,0.13168835788002656,7.7,8.3,7.150980392156862,0.7879972229482166,5.0,9.1,7.040196078431372,0.7871819400349214,4.9,9.0,28.067647058823532,0.9533849818956295,26.1,30.5,8.306666666666667,0.2556331641370927,7.8,9.2,24.564356435643564,4.348369445169437,16.0,33.0,97.12871287128714,9.30984786807672,60.0,100.0,1.0495049504950495,0.8313391320485566,-1.2000000000000002,4.699999999999999,1.0396039603960394,0.8352340040875721,-1.3000000000000007,4.7,12.5514,452.5,3.562992125984252,1.2925183459203513,0.014836065573770492,3.53515625,1.4489478718316633,0.008130081300813009,0.0016323743334432643,0.0026112457924353035,0.001922662662347838,13.9,1.8,0.86875,0.4736705769159605,192.0,790.1234567901234,0.0,13.29,6,1.2246467991473532e-16,-1.0
V12B1_C2,12B1,30000.0,0.243,123457.0,163.0,5.517341040462428,0.5212238330870731,3.8,8.2,5.417341040462428,0.5212238330870732,3.7,8.1,28.5051724137931,0.6446997994208803,26.7,30.0,8.011494252873563,0.41958561648626347,7.5,8.7,7.27112676056338,1.0001830318961513,3.3,10.2,7.159859154929578,1.009111670233131,3.2,10.2,29.975352112676056,0.6919175349254763,28.1,32.3,8.09925925925926,0.2525973423408423,7.4,8.6,35.82222222222222,4.598615409184812,26.0,41.0,94.96478873239437,11.290749349668307,40.0,100.0,1.7914285714285716,0.9804921473302893,-1.7000000000000002,4.6,1.78,0.9893097659225045,-1.7000000000000002,4.699999999999999,12.3457,1076.0,6.366863905325443,2.975349557164733,0.035866666666666665,6.601226993865031,1.470179698882955,0.0,-0.004685643335636736,0.00925004656725523,-0.007758883854631193,17.3,1.7,0.865,0.7867846805234796,382.0,1572.0164609053495,0.0,17.32,10,-0.8660254037844386,0.5000000000000001
V12B1_C4,12B1,55000.0,0.243,226337.0,237.0,4.686574074074074,1.0162655412348987,2.2,6.3,4.582870370370371,1.0272714375343137,1.9,6.2,27.831162790697675,0.8023948072154955,25.8,29.8,8.21214953271028,0.126127054484833,8.1,8.7,7.758974358974359,0.8835606119612007,4.6,10.6,7.562564102564103,0.8899111444950467,4.4,10.5,29.251231527093594,0.8379819940592165,27.1,31.5,8.380597014925373,0.3884219893248138,7.2,9.5,13.044117647058824,5.231866615430628,2.0,30.0,96.43627450980392,4.95107669467848,65.0,100.0,3.067379679144385,1.3668719017994804,0.09999999999999964,7.699999999999999,2.9759358288770055,1.3913359234109868,0.0,7.5,22.6337,7515.0,32.532467532467535,24.494321124764248,0.13663636363636364,31.70886075949367,1.420068736395919,0.046296296296296294,-0.012236328183401174,0.008620670076323167,-9.217561560329625e-05,28.0,1.3,1.412,0.1180461329715061,174.0,716.0493827160494,0.0,26.8,7,-0.4999999999999997,-0.8660254037844388
V12B1_C5,12B1,25000.0,0.243,102881.0,119.0,4.540384615384616,0.6965266435664245,1.7,5.6,4.444230769230769,0.6946154797261078,1.6,5.5,27.501923076923074,1.1610156893507482,25.7,31.6,8.355813953488372,0.13337664595184048,8.1,8.6,7.26060606060606,1.5742713365831775,2.8,11.3,7.11010101010101,1.5727588492378963,2.6,11.2,28.806930693069308,1.3016341594889564,26.1,31.9,8.724657534246575,0.38107334592853503,8.0,9.7,5.170454545454546,2.330317875357134,1.0,12.0,97.2,8.418354166265928,50.0,100.0,2.758426966292135,1.5855748160986831,-1.7999999999999998,6.800000000000001,2.704494382022472,1.5897334047768936,-1.9,6.799999999999999,10.2881,4372.0,35.54471544715447,13.049874085517999,0.17488,36.739495798319325,1.3050076161462343,0.028846153846153848,-0.00011116349529621027,-0.02885165357194999,-0.0003244630657297878,12.4,2.8,0.8266666666666667,0.9844310668513432,284.5,1170.781893004115,0.0,7.36,4,0.8660254037844387,-0.4999999999999998
V12B1_C6,12B1,24000.0,0.243,98765.0,168.0,4.626708074534162,0.6859079533704905,2.3,6.8,4.5125,0.7540873946315098,0.5,6.7,27.380745341614908,0.8953711191421092,25.7,29.2,8.484905660377358,0.2991948434295719,8.0,8.9,7.674452554744526,1.935733224702642,2.8,13.5,7.538686131386861,1.9492550679374354,2.6,13.4,29.00802919708029,1.3545163231683472,26.8,39.9,8.921969696969697,0.30575008352988775,8.3,9.8,8.3,6.0357478493423145,1.0,23.0,98.38235294117646,4.508524967838259,60.0,100.0,3.052592592592593,1.89724189559278,-1.4000000000000004,8.6,3.0385185185185186,1.9295419449164142,-1.4,8.6,9.8765,5136.0,32.301886792452834,21.488223067408292,0.214,30.571428571428573,1.6272838554653823,0.006211180124223602,-0.007003652049971926,0.017470650975498755,-0.0012909460273104096,34.0,10.5,2.1363636363636362,0.3466357776661644,188.0,773.6625514403293,0.0,19.91,8,-0.8660254037844384,-0.5000000000000004
V12B1_C7,12B1,20000.0,0.243,82305.0,124.0,3.924074074074074,0.6540842739681223,1.5,5.5,3.8194444444444446,0.6510176553204536,1.4,5.4,28.22222222222222,0.7651685213360574,26.3,29.8,8.83625,0.1577080703167655,8.1,8.9,6.724137931034483,2.067689729616877,3.2,12.1,6.538372093023256,2.0329155304723234,3.0,12.0,29.705882352941178,0.8721010400691194,27.9,31.5,8.861224489795918,0.20291246730488285,8.1,9.3,10.072727272727272,6.64838002356958,2.0,31.6,95.83333333333333,14.577379737113255,20.0,100.0,2.815,2.2421226380487385,-1.2000000000000002,9.899999999999999,2.7341772151898733,2.208194881539854,-1.1999999999999997,9.9,8.2305,4667.0,39.888888888888886,22.58385820317237,0.23335,37.63709677419355,1.483660130718956,0.05555555555555555,0.002300594405511995,-0.01648294217915836,-0.0028533234764034,34.5,12.0,2.3333333333333335,,,,,,2,0.8660254037844386,0.5000000000000001
V12B2_C1,12B2,7000.0,0.122,57377.0,108.0,5.710891089108911,0.7799873063196613,2.6,7.4,5.610891089108911,0.7799873063196611,2.5,7.3,27.14607843137255,0.5796331322871714,25.8,28.5,8.138235294117646,0.10628200638210566,7.9,8.5,8.441666666666666,1.4708581491017807,4.3,12.0,8.33452380952381,1.471291052399919,4.2,11.9,29.410843373493975,0.7638177614653557,27.9,31.0,8.317857142857143,0.21851674926055648,8.0,9.1,35.63095238095238,3.138489245591425,27.0,40.0,86.56626506024097,14.333308275621794,60.0,100.0,2.7974025974025976,1.6512335122866264,-1.2999999999999998,7.6000000000000005,2.78961038961039,1.653273022918988,-1.2999999999999998,7.6,5.7377,152.0,1.4757281553398058,0.5018526499269685,0.021714285714285714,1.4074074074074074,2.264764942121424,0.009900990099009901,-0.013353211470887966,0.012074005801493787,-0.0019830252585510107,10.2,1.0,0.7846153846153846,,,,,,8,-0.8660254037844384,-0.5000000000000004
V12B2_C2,12B2,8000.0,0.122,65574.0,86.0,5.88780487804878,0.5119293556352243,3.5,6.5,5.787804878048781,0.5119293556352243,3.4,6.4,28.370731707317074,0.48546472704456567,27.1,29.5,7.762195121951219,0.12236380072961626,7.7,8.0,7.261038961038961,1.3064773694492824,3.5,10.4,7.150649350649351,1.2980373217227226,3.4,10.3,30.062337662337665,0.7798513625312413,28.6,32.0,7.981944444444445,0.2810074375682991,7.3,8.7,33.61971830985915,6.94337545986532,2.0,41.0,91.42857142857143,10.420663393657328,30.0,104.0,1.395945945945946,1.363460463451104,-2.3,4.300000000000001,1.3851351351351349,1.3557268113332381,-2.3000000000000003,4.300000000000001,6.5574,176.0,2.070588235294118,0.6820528413776844,0.022,2.046511627906977,1.6916059550205915,0.0,0.00114252415325844,0.008482695839239886,-0.003465130173837523,17.5,3.5,1.75,0.6257822277847309,80.0,655.7377049180328,0.0,15.98,1,0.49999999999999994,0.8660254037844387
V12B2_C4,12B2,13500.0,0.122,110656.0,107.0,5.494174757281553,0.47358152345352084,3.5,6.7,5.388349514563107,0.4634273365369827,3.4,6.6,26.529411764705884,0.6554551340339823,25.1,27.7,7.60392156862745,0.027866615206364916,7.6,7.8,7.046938775510204,1.4031043697820849,2.9,10.4,6.840816326530612,1.3931967789531154,2.8,10.2,28.35816326530612,0.8938418722890862,26.5,30.1,7.891836734693877,0.13213041775626155,7.6,8.2,29.73469387755102,1.1975147840007105,27.0,34.0,91.88775510204081,10.361390119948052,50.0,100.0,1.565957446808511,1.2575409689120813,-1.2999999999999998,4.800000000000001,1.4670212765957447,1.2649440718540808,-1.3000000000000003,4.699999999999999,11.0656,210.4,2.0038095238095237,0.616585481241373,0.015585185185185186,1.966355140186916,1.8287515006002373,0.0,-0.003238740195212263,0.011667374934715594,-0.00022132486052202545,11.0,1.2,0.8461538461538461,0.7407407407407407,112.0,918.032786885246,0.0,11.2,6,1.2246467991473532e-16,-1.0
V12B2_C5,12B2,10000.0,0.122,81967.0,67.0,6.0095238095238095,0.3892566471201091,4.9,6.7,5.90952380952381,0.3892566471201089,4.8,6.6,28.02857142857143,1.3412113652468356,26.1,37.5,8.191803278688525,0.15198144839334016,8.0,8.4,7.317857142857143,1.0137432242315236,3.8,9.4,7.126785714285715,1.016498637736166,3.6,9.3,29.49642857142857,2.001995757484768,20.9,39.8,8.367924528301886,0.25097776863366034,7.6,8.8,33.75,2.711926520860298,30.0,39.0,85.71428571428571,13.122796661070085,15.0,100.0,1.3222222222222224,1.03352605222555,-2.2,3.3,1.2314814814814814,1.0361073875417153,-2.3000000000000003,3.200000000000001,8.1967,90.0,1.5,0.4694027940381772,0.009,1.3432835820895523,1.4678571428571416,0.0,-0.008613400769617464,0.019115844010668973,0.006769750198058991,13.4,3.0,1.9142857142857144,0.3357664233576642,46.0,377.0491803278688,0.0,13.7,10,-0.8660254037844386,0.5000000000000001
V12B2_C6,12B2,20000.0,0.122,163934.0,96.0,4.7,1.5723991301162195,1.5,7.3,4.6000000000000005,1.5723991301162197,1.4,7.2,28.527710843373494,0.7460976940235969,26.5,30.0,8.26867469879518,0.24788259949526498,8.1,8.7,5.9174999999999995,2.0985694343733488,1.3,10.1,5.77,2.0897822550250833,1.2,10.0,29.617857142857144,1.0721176785667512,27.7,33.1,8.522499999999999,0.33938701257384174,7.6,9.6,22.0,3.990843177612054,15.0,30.0,99.4047619047619,1.9642531160910608,90.0,100.0,1.167605633802817,2.113411233587425,-3.3000000000000003,5.3,1.1225352112676055,2.1038194642193444,-3.4,5.300000000000001,16.3934,239.0,2.5698924731182795,0.993433324849228,0.01195,2.4895833333333335,1.0901462994836493,0.1686746987951807,0.0003227995790565248,-0.0010519163603641918,-0.005865740387695043,9.4,1.0,1.0909090909090908,0.1879126460132046,74.0,606.5573770491803,0.0,19.69,1,0.49999999999999994,0.8660254037844387
V12B2_C7,12B2,10000.0,0.122,81967.0,177.0,5.598214285714286,0.6639090564556247,2.6,7.5,5.480357142857143,0.7105078666499254,1.9,7.4,26.728571428571428,0.7170417318167848,25.3,29.4,8.445098039215686,0.23394251893826976,8.0,8.8,6.717333333333333,1.9504859716816905,0.5,11.8,6.591275167785235,1.9183654671784984,2.6,11.7,28.078523489932884,1.0240066880053231,25.9,30.3,8.806870229007634,0.26981213968658796,8.2,9.8,6.431818181818182,3.2414142183048327,1.0,15.0,97.36486486486487,3.8441556465205227,85.0,100.0,1.1006849315068492,2.063726010127028,-4.7,6.700000000000001,1.089655172413793,2.076111621180695,-3.4000000000000004,7.699999999999999,8.1967,2250.0,13.31360946745562,10.261537843715487,0.225,12.711864406779661,1.3499520613614564,0.005952380952380952,-0.0026530223383869284,0.004458176621454976,-0.0003188225525872959,32.0,1.2,1.6470588235294117,0.1625,52.0,426.2295081967213,0.0,32.0,5,0.49999999999999994,-0.8660254037844387
V12B2_C8,12B2,10500.0,0.122,86066.0,116.0,5.064150943396226,0.5993947231515796,2.1,6.3,4.972641509433963,0.603881574462115,2.0,6.2,28.247619047619047,0.4843900284210028,27.3,29.9,8.121698113207547,0.09360984582030554,8.0,8.9,6.409782608695653,1.9274226817125328,3.2,12.3,6.254347826086956,2.0308831535029372,0.9,12.0,30.06111111111111,0.6686720773788648,28.6,31.7,8.9,0.17358955421722078,8.6,9.3,7.422535211267606,4.483818435953846,1.0,25.0,97.33695652173913,3.9537912641825494,85.0,100.0,1.3852272727272728,2.0481300567499594,-1.7000000000000002,7.4,1.3193181818181818,2.1476990068520867,-3.8000000000000003,7.2,8.6066,3161.0,28.736363636363638,21.610682574468697,0.30104761904761906,27.25,1.8134920634920633,0.018867924528301886,-0.004682717437595932,0.0029194334514148785,-0.00041206102343242486,22.0,6.2,2.6399999999999997,0.5559389617360632,145.0,1188.5245901639344,0.0,24.84,12,-2.4492935982947064e-16,1.0
V12B3_C1,12B3,49500.0,0.357,138655.0,122.0,6.184615384615385,0.6238942473129876,4.1,9.0,6.0829059829059835,0.6329038983391254,4.0,8.9,26.622413793103448,0.8337538169545965,25.0,30.1,7.915384615384616,0.09524504206065142,7.9,8.9,7.311702127659574,0.7955327400085638,5.0,8.9,7.202127659574468,0.8030825990812848,4.8,8.8,27.992553191489364,0.9108945575585055,25.8,30.4,8.382558139534883,0.2064785193015689,7.7,9.0,24.311827956989248,4.980349417250313,16.0,33.0,98.93617021276596,5.5296046070674,60.0,100.0,1.1849462365591399,1.0403747481764878,-3.0,2.7,1.178494623655914,1.0524143528475256,-3.1000000000000005,2.7,13.8655,531.0,4.3884297520661155,1.993204709450112,0.010727272727272728,4.352459016393443,1.3701393983859163,0.0,-0.004971641176690704,-0.001261223411168821,-0.00038841698428905764,16.3,1.2,1.0866666666666667,0.2713320345401822,211.0,591.0364145658264,0.0,15.71,6,1.2246467991473532e-16,-1.0
V12B3_C2,12B3,55000.0,0.357,154062.0,136.0,5.346666666666667,0.6194364313933377,3.5,8.2,5.247407407407407,0.6202827508398875,3.4,8.1,28.266176470588235,0.49399663940006877,26.8,29.8,8.37205882352941,0.38962302321329223,7.6,8.8,7.328703703703703,0.8408997101931815,5.0,10.1,7.212962962962963,0.8496390209407508,4.9,10.0,29.923584905660377,0.5495542586483727,28.7,31.3,8.177142857142858,0.22112350484650897,7.6,8.6,38.34285714285714,1.7911565420816127,34.0,41.0,97.99065420560747,7.456155272978821,60.0,100.0,2.0435185185185185,0.9267845274935934,-0.39999999999999947,4.5,2.026851851851852,0.9348503285154852,-0.5,4.5,15.4062,956.0,7.242424242424242,3.3295375102835103,0.017381818181818182,7.029411764705882,1.657408435072142,0.0,-0.010819062849546996,0.006498651818174171,-0.007667025819570681,18.1,2.1,1.2066666666666668,0.4240052756581939,419.0,1173.6694677871149,1.0,17.99,10,-0.8660254037844386,0.5000000000000001
V12B3_C3,12B3,85000.0,0.357,238095.0,91.0,5.566279069767441,0.5281734263124698,4.7,8.7,5.466279069767442,0.52817342631247,4.6,8.6,28.795348837209303,0.8071601600300974,26.9,30.1,7.830232558139534,0.04619591894850229,7.8,7.9,7.65875,1.159626058234597,5.1,13.5,7.498749999999999,1.1550104114824735,5.0,13.4,30.28125,1.121492422250171,27.4,32.5,8.039240506329115,0.22212131215297867,7.6,8.6,29.17721518987342,1.972629987728122,26.0,34.0,97.3125,7.913445936017913,40.0,100.0,2.044594594594595,0.8599365844557668,-0.40000000000000036,4.5,1.981081081081081,0.8331612805232845,-0.40000000000000036,4.5,23.8095,394.0,4.5813953488372094,1.8244426467478303,0.004635294117647059,4.329670329670329,1.4859011627906966,0.0,-0.010135548283267057,-0.02684122604914177,0.0011417982119301575,26.5,2.8,2.2083333333333335,0.1025882352941176,218.0,610.6442577030813,0.0,25.0,3,1.0,6.123233995736766e-17
V12B3_C5,12B3,82000.0,0.357,229692.0,251.0,4.564159292035399,1.0417500025661666,1.6,6.8,4.463274336283186,1.0416337103931184,1.5,6.7,27.787610619469028,0.829418296115518,25.8,29.6,8.20488888888889,0.12543891196483364,7.6,8.6,7.4817307692307695,1.116348812480211,4.3,11.7,7.2860576923076925,1.1160869516359553,4.0,11.5,29.397209302325578,1.1036014230000026,26.4,39.5,8.338028169014084,0.33309562788480307,7.4,9.1,12.410648148148148,5.699067859016149,3.0,30.0,94.65277777777777,7.1035393514662335,60.0,100.0,2.9080808080808085,1.4377560609849065,-0.20000000000000018,8.399999999999999,2.813636363636364,1.449581038401898,-0.20000000000000018,8.3,22.9692,12475.0,50.91836734693877,37.844719803370864,0.1521341463414634,49.701195219123505,1.60959868285655,0.06637168141592921,-0.010126079687203892,0.007848170167593453,0.001307295239089192,36.0,1.2,1.2384615384615383,0.0767752526664346,252.0,705.8823529411765,0.0,40.56,7,-0.4999999999999997,-0.8660254037844388
V12B3_C6,12B3,3770.0,0.357,10560.0,120.0,4.417,0.5517749138512511,3.0,5.4,4.3469999999999995,0.6415661078229355,2.9,7.6,27.465999999999998,1.127634513465956,25.5,30.5,8.382926829268293,0.31301200152464487,8.1,8.8,6.8755319148936165,1.5834280336283566,2.7,9.7,6.741489361702128,1.5809626558652323,2.5,9.5,28.819148936170212,1.3300720811370979,26.7,31.9,8.86923076923077,0.2999599332218566,8.4,9.8,4.892857142857143,2.661722683150248,1.0,14.0,99.51086956521739,1.9695180713436622,90.0,100.0,2.4329411764705884,1.646741966320606,-1.7999999999999998,5.699999999999999,2.401176470588235,1.653531150630807,-1.9000000000000004,5.699999999999999,1.056,5083.0,43.07627118644068,15.070862122732418,1.3482758620689654,42.358333333333334,1.3531489361702143,0.0,-0.0035793416518221316,-0.029717754819654597,0.00815827574770206,12.5,2.8,1.3416666666666666,,,,,,4,0.8660254037844387,-0.4999999999999998
V12B3_C7,12B3,25000.0,0.357,70028.0,42.0,5.154999999999999,0.4460366778065653,4.1,6.1,5.055000000000001,0.4460366778065654,4.0,6.0,26.1325,0.3957385176590393,25.2,26.8,8.5425,0.05006406152531321,8.5,8.6,8.21891891891892,1.452361647233345,4.5,10.6,8.064864864864864,1.438791201015672,4.4,10.4,27.98108108108108,0.5994617205079524,26.9,29.3,8.63529411764706,0.1535091606015475,8.3,9.0,20.09375,2.005787995744059,15.0,25.0,93.37837837837837,8.169561906353474,70.0,100.0,3.0361111111111114,1.3744926914066,0.0,5.8,2.983333333333333,1.3666434376655403,0.0,5.7,7.0028,482.0,11.476190476190476,31.388391589837482,0.01928,11.476190476190476,1.848581081081079,0.0,-0.0016718144825219735,0.020330604173816123,-0.0033754963965289225,14.5,10.0,2.9,0.6618876941457588,277.0,775.9103641456583,0.0,16.74,8,-0.8660254037844384,-0.5000000000000004
V12B3_C8,12B3,4500.0,0.357,12605.0,147.0,4.1909090909090905,1.1407255592545,0.5,6.6,4.109090909090909,1.1038287458333567,1.8,6.5,27.80839160839161,0.8194378443629244,26.1,29.4,8.28041958041958,0.2627746695133523,8.0,8.9,6.348333333333333,1.9663549579687511,2.8,11.7,6.194166666666666,1.9835159273808898,2.7,11.6,29.35666666666667,0.7916298826777945,27.3,31.4,8.93125,0.17399971523224048,8.5,9.4,4.93,2.2439818505180797,2.0,10.0,97.22689075630252,5.625964286145226,80.0,100.0,2.17563025210084,1.8508342776015498,-2.0,6.9,2.119327731092437,1.8645341723384126,-2.1,6.9,1.2605,6732.0,46.75,25.552222680543544,1.496,45.795918367346935,1.5482750582750597,0.18181818181818182,-0.02238471522545594,0.01718894189699618,-0.0008679833330957406,9.5,2.2,2.8000000000000003,,,,,,10,-0.8660254037844386,0.5000000000000001
V12B3_C9,12B3,3600.0,0.357,10084.0,81.0,4.098684210526316,0.9011834324638731,1.8,6.1,4.002631578947368,0.9018460599179187,1.7,6.0,27.910666666666668,0.6813288552593401,26.2,29.2,8.720408163265306,0.1645443099349609,8.4,8.9,6.9,1.773502889763645,3.3,11.6,6.758461538461539,1.7795621220271705,3.1,11.4,29.49846153846154,1.060879986687392,27.7,32.2,8.854545454545454,0.23596995186213435,8.3,9.3,10.5,3.9531570902750834,3.0,18.0,93.59375,8.750000000000009,50.0,100.0,2.6127272727272732,1.744202518127532,-0.6000000000000001,6.8999999999999995,2.5745454545454542,1.7563870936942187,-0.6999999999999997,6.8999999999999995,1.0084,2371.0,32.93055555555556,25.24378400067879,0.6586111111111111,29.271604938271604,1.5877948717948733,0.05263157894736842,-0.01464964480118092,-0.021032594592641528,-0.005250303361555486,8.3,4.2,4.766666666666667,,,,,,3,1.0,6.123233995736766e-17
V12B4_C1,12B4,165000.0,0.915,180328.0,128.0,5.628,0.8207588935188713,3.3,9.4,5.4896,0.9417574511381324,0.4,9.3,27.4544,0.7714151219172359,25.0,28.7,7.9472,0.050122430752270276,7.9,8.0,7.41734693877551,0.8580757073998235,5.2,10.8,7.309183673469387,0.8518127104894098,5.1,10.7,29.45,0.861460040896765,25.8,31.3,8.401020408163264,0.20832909035583982,8.0,9.0,33.92857142857143,4.844488844547845,9.0,40.0,96.53061224489795,11.496484520161927,40.0,100.0,1.75,0.8558169666537182,-0.09999999999999964,4.800000000000001,1.7928571428571427,0.9926793899008985,-0.10000000000000053,6.8,18.0328,1944.0,15.307086614173228,8.79439920164165,0.011781818181818181,15.1875,1.9955999999999996,0.0,-0.016292035308430947,0.015620911761703934,0.0011713892777959285,16.8,1.4,1.2,0.331923890063425,942.0,1029.5081967213114,0.0,17.2,8,-0.8660254037844384,-0.5000000000000004
V12B4_C2,12B4,140000.0,0.915,153005.0,170.0,5.161585365853658,0.4638329758412821,3.8,6.1,5.057926829268292,0.4678609142726021,3.7,6.0,28.39390243902439,1.0939148541887869,20.2,30.2,7.907317073170732,0.08548739770773962,7.6,8.6,7.464285714285714,0.9024786906707801,3.2,11.3,7.307843137254902,0.8993074390713334,3.1,11.0,29.964473684210528,1.172217454609983,26.7,32.4,8.026845637583893,0.2264982764934188,7.4,8.6,32.50675675675676,4.741618630061603,26.0,40.0,98.14935064935065,4.389206112105243,80.0,100.0,2.313698630136986,0.8404128818611186,-0.20000000000000018,4.6,2.2655172413793103,0.8198390179331978,-0.20000000000000018,4.6,15.3005,3565.0,21.09467455621302,9.328172002027424,0.025464285714285714,20.970588235294116,1.5705712451861373,0.0,-0.0054620300589129835,-0.009132715552306157,-0.0005186583359421294,25.0,1.4,1.1904761904761905,0.3999089055254483,1419.0,1550.8196721311474,0.0,25.57,1,0.49999999999999994,0.8660254037844387
V12B4_C3,12B4,122000.0,0.915,133333.0,86.0,5.311111111111111,0.43531597719357823,4.5,7.2,5.212345679012346,0.43599963189473645,4.4,7.1,27.006172839506174,0.6124429930639133,25.6,28.1,7.87037037037037,0.060092521257733005,7.8,8.1,7.544155844155844,0.8381517113163351,3.8,10.8,7.336363636363636,0.8350715523879709,3.6,10.6,28.61948051948052,0.8032891203045914,27.1,31.0,8.015584415584415,0.10889992395837934,7.8,8.3,29.857142857142858,0.6222684670725196,27.0,31.0,98.7012987012987,7.089771978860471,40.0,100.0,2.224324324324324,0.6749552620000765,-0.7999999999999998,3.4000000000000004,2.114864864864865,0.669426749741269,-0.7999999999999998,3.4000000000000004,13.3333,1863.0,22.71951219512195,8.118374814927673,0.015270491803278689,21.662790697674417,1.6133076799743442,0.0,-0.012064297429939475,0.015504348216078252,0.0015870134418821706,13.0,3.6,1.6111111111111112,0.701069026367612,1096.5,1198.360655737705,0.0,12.82,7,-0.4999999999999997,-0.8660254037844388
V12B4_C4,12B4,180000.0,0.915,196721.0,134.0,4.897391304347827,1.2002529608791475,1.1,6.8,4.788695652173914,1.2031220510479292,1.0,6.7,28.614782608695652,1.118445308661455,27.3,38.2,8.428070175438597,0.22869726170136614,8.0,8.9,7.777777777777778,1.3146431471549118,3.6,11.2,7.59537037037037,1.3067319769848087,3.5,11.0,30.238793103448273,0.8958621353295609,26.9,32.4,8.622321428571428,0.27728081886357386,7.9,9.6,30.57758620689655,3.9012837621100918,22.0,37.0,98.54700854700855,4.20692312515463,65.0,100.0,2.7572916666666667,1.3738723446151195,-0.3999999999999999,7.2,2.689583333333333,1.3819497413868918,-0.3999999999999999,7.1,19.6721,2810.0,24.017094017094017,12.994019118878281,0.01561111111111111,20.970149253731343,1.6240104947526213,0.06956521739130435,-0.023722890437465345,0.005628961907951739,0.004830853020390823,18.4,1.8,1.2266666666666666,0.3913499296765119,1317.0,1439.344262295082,1.0,19.75,10,-0.8660254037844386,0.5000000000000001
V12B4_C6,12B4,190000.0,0.915,207650.0,104.0,5.276136363636364,0.795388189499832,1.4,6.5,5.176136363636363,0.7953881894998321,1.3,6.4,27.22298850574713,1.1766824816648924,25.1,29.3,8.464285714285714,0.19339507831043537,8.3,8.7,7.382142857142857,1.169199161024817,4.8,9.7,7.230952380952381,1.1683554697647467,4.6,9.6,28.81190476190476,1.1783595664859112,26.9,31.8,8.844642857142857,0.3617732302560126,8.0,9.7,16.013333333333332,3.2982113634814567,11.0,23.0,97.89156626506023,3.414502957053347,90.0,100.0,2.095833333333333,1.2269781384004674,-0.7999999999999998,5.0,2.0430555555555556,1.2216159223171748,-0.9000000000000004,4.9,20.765,2213.0,21.485436893203882,10.456130650943777,0.011647368421052632,21.278846153846153,1.5889162561576313,0.03409090909090909,0.00795711391257294,-0.03488281448155483,0.005156387500268663,13.2,1.3,1.0999999999999999,0.3866807889362617,1007.5,1101.0928961748634,3.0,14.69,4,0.8660254037844387,-0.4999999999999998
V12B4_C9,12B4,110000.0,0.915,120219.0,148.0,3.9136690647482015,0.9566852070249772,1.2,5.6,3.7897810218978107,0.9486278536060297,1.0,5.5,28.321739130434782,0.6835650568342367,26.3,29.5,8.596350364963504,0.2559321943532773,8.2,9.0,7.586065573770492,1.7737906169244824,3.0,13.5,7.501680672268908,1.7467152316721473,2.8,13.3,30.120338983050846,0.6815717534115754,28.3,31.8,9.053921568627452,0.20229943918494958,8.7,9.9,5.961038961038961,2.369996438158318,2.0,10.0,94.53389830508475,14.187199119677029,20.0,100.0,3.515929203539823,1.4529874625652077,-0.7999999999999998,8.7,3.5263636363636364,1.4060600997717498,-0.9000000000000004,8.7,12.0219,9621.0,71.26666666666667,42.29096089159394,0.08746363636363637,65.00675675675676,1.7985998526160643,0.12949640287769784,-0.018075006685135026,0.01059232853960092,-0.005058977077703749,15.0,1.9,1.1583333333333334,0.5073314031180401,853.5,932.7868852459015,3.0,17.96,11,-0.5000000000000004,0.8660254037844384
V12B5_C1,12B5,257400.0,2.59,99382.0,171.0,5.133333333333333,0.6337563087051116,3.0,6.9,5.035087719298246,0.6338002732546812,2.9,6.8,27.70174418604651,1.0352542325387448,24.6,29.5,8.283040935672515,0.09077505207444876,8.1,8.4,7.937037037037037,1.1450569131876873,4.3,11.5,7.832592592592594,1.1414071983661362,4.2,11.4,29.983703703703704,0.8930249956729246,27.5,32.2,8.33157894736842,0.24382321621525338,7.9,9.1,34.59398496240601,4.576020492221026,24.0,40.0,97.08955223880596,9.4848218175559,50.0,100.0,2.782962962962963,1.1735607724688664,0.09999999999999964,6.1000000000000005,2.7762962962962963,1.1703556933115578,0.09999999999999964,6.1000000000000005,9.9382,3815.0,22.57396449704142,10.597429338946789,0.01482128982128982,22.309941520467838,2.2819595176571923,0.0,-0.0031232110680949224,0.016996509943869323,-0.0015241662025602786,21.3,1.5,1.065,0.6723122021173016,2745.0,1059.8455598455598,2.0,19.67,8,-0.8660254037844384,-0.5000000000000004
V12B5_C2,12B5,260000.0,2.59,100386.0,139.0,5.193233082706767,0.36185454316948185,4.3,6.5,5.0932330827067664,0.36185454316948173,4.2,6.4,28.517424242424244,0.9705193551106791,26.1,30.2,7.832330827067669,0.1334557423974572,7.6,8.3,7.740163934426229,0.9979863888889127,4.6,12.0,7.580487804878048,1.0088671244767866,4.4,11.8,30.18536585365854,1.2893436458854242,27.0,33.0,8.085833333333333,0.22465504213166926,7.4,8.6,30.933333333333334,3.514037476145283,26.0,40.0,96.76229508196721,10.202943408311082,40.0,100.0,2.5487179487179485,1.0003977988621175,-0.5,6.5,2.48728813559322,1.0016692572319836,-0.5999999999999996,6.4,10.0386,4209.0,30.280575539568346,16.010878899817293,0.016188461538461537,30.280575539568346,1.6679416112342942,0.0,-0.0040310868200814955,-0.016201158192062227,-0.0024167868264915954,18.4,2.2,1.15,0.5796975708502025,2372.0,915.830115830116,1.0,9.92,2,0.8660254037844386,0.5000000000000001
V12B5_C3,12B5,285000.0,2.59,110039.0,149.0,5.3868965517241385,0.39969696375535385,4.2,7.2,5.288275862068965,0.3997400975557364,4.1,7.1,27.507655172413795,0.7564243497765472,25.8,29.3,7.848275862068966,0.24155268814365463,7.6,8.4,7.851145038167939,0.697398066686092,4.9,9.5,7.630534351145038,0.7116495604494146,4.8,9.5,29.54230769230769,0.9286036349234705,27.6,31.9,8.245384615384616,0.25030571647380245,7.8,8.8,31.908396946564885,2.515950292034923,28.0,39.0,96.4885496183206,6.129834245737103,80.0,100.0,2.491338582677165,0.6445157677886042,-0.09999999999999964,4.5,2.369291338582677,0.6515563554209749,-0.10000000000000053,4.6,11.0039,3792.0,27.085714285714285,16.03659740470708,0.013305263157894737,25.449664429530202,2.0346525198938963,0.0,-0.002758851934915787,0.013185932081242729,0.0020964202075079044,14.3,1.0,0.8411764705882353,0.5963684210526315,2153.0,831.2741312741313,3.0,11.72,7,-0.4999999999999997,-0.8660254037844388
V12B5_C4,12B5,280000.0,2.59,108108.0,127.0,4.5076086956521735,1.0816383275253818,1.7,6.3,4.407608695652174,1.081638327525382,1.6,6.2,28.991304347826084,0.6245265765490314,27.2,30.7,8.326373626373625,0.19935181900636745,8.2,8.8,7.94,1.4564694884502443,3.5,10.7,7.782222222222222,1.4534405348223471,3.3,10.5,30.976237623762376,1.1468346449991373,26.2,32.9,8.763636363636364,0.24513825564052352,7.5,9.2,25.138613861386137,4.098852773570422,18.0,33.0,97.07920792079207,4.6512002070795235,80.0,100.0,3.572151898734177,1.7066188426437998,-0.3999999999999999,9.0,3.508860759493671,1.7095650873996657,-0.5,8.9,10.8108,4049.0,34.02521008403362,18.132030926135602,0.014460714285714285,31.881889763779526,1.9849332759362923,0.14130434782608695,-0.01493351142458035,-0.0023279177239428684,-0.0037086124328297174,10.0,2.1,1.4416666666666667,0.7511781392174705,2028.0,783.0115830115831,1.0,9.42,12,-2.4492935982947064e-16,1.0
V12B5_C5,12B5,300000.0,2.59,115830.0,142.0,5.391791044776119,0.4286801754822954,4.3,6.6,5.29179104477612,0.4279780240761588,4.2,6.5,26.66417910447761,0.8361568893576398,25.3,29.1,8.606896551724137,0.1256109507349076,8.2,8.8,8.266666666666666,0.7765565014858873,6.2,9.8,8.112698412698412,0.7757302754936539,6.0,9.6,28.66904761904762,0.934020495339524,26.8,32.2,8.759,0.27600871015387846,8.4,9.8,18.37391304347826,5.002562272537726,11.0,28.0,93.18548387096774,7.579783697585088,50.0,100.0,2.8586206896551727,0.8994751093075717,0.39999999999999947,4.7,2.8043103448275857,0.8980551199680059,0.40000000000000036,4.6000000000000005,11.583,3509.0,25.064285714285713,11.766438502184668,0.011696666666666666,24.711267605633804,2.00486851457001,0.0,-0.004639938133475591,-0.01021880470485602,0.0017508372792801547,15.3,2.1,1.092857142857143,0.3271016600002973,1394.0,538.2239382239383,3.0,14.58,5,0.49999999999999994,-0.8660254037844387
V12B5_C7,12B5,245000.0,2.59,94595.0,70.0,4.987692307692307,0.4459917643254793,3.2,6.1,4.88,0.4366777988402891,3.1,6.0,28.806153846153848,0.4914509522440039,27.0,29.8,8.8,0.0,8.8,8.8,7.907017543859649,0.9053136096566613,6.0,9.7,7.7631578947368425,0.9023049015373605,5.8,9.6,31.082456140350878,0.6313598721969513,29.3,32.1,8.988372093023257,0.14344287451901125,8.7,9.2,20.214285714285715,2.92621218814269,15.0,25.0,97.54385964912281,7.141603900081833,50.0,100.0,2.923636363636364,0.9782758143916108,1.0,5.300000000000001,2.889090909090909,0.9667955330335378,1.0,5.299999999999999,9.4595,3328.0,49.67164179104478,23.9895103716133,0.013583673469387755,47.542857142857144,2.2763022941970306,0.0,-0.007047894331079488,-0.0013547506527445935,4.749643714578738e-17,12.0,3.3,1.3333333333333333,0.5158730158730158,1638.0,632.4324324324325,0.0,12.96,1,0.49999999999999994,0.8660254037844387
V12B5_C8,12B5,400000.0,2.59,154440.0,78.0,5.007692307692308,0.4580214556613632,3.8,5.9,4.907692307692308,0.4580214556613629,3.7,5.8,27.916923076923077,0.5946556857673054,26.0,29.1,8.547368421052632,0.08925166999804215,8.4,8.6,8.244,1.200367290729409,6.5,14.3,8.088,1.248777361245464,5.8,14.2,30.058333333333334,1.1944612127032332,28.4,33.3,8.885714285714286,0.21514114968019116,8.5,9.3,24.733333333333334,3.8043037829184034,3.0,28.0,94.59183673469387,12.617643677517183,50.0,100.0,3.2444444444444445,1.334090693992721,1.2999999999999998,9.9,3.193333333333333,1.3761606671527058,1.0,9.899999999999999,15.444,2145.0,31.544117647058822,16.836734734599403,0.0053625,27.5,2.141410256410257,0.0,0.007450713895388735,-0.016476341268618275,-0.003499846744324451,9.7,1.4,2.4499999999999997,,,,,,3,1.0,6.123233995736766e-17
V13_C1,13,240000.0,3.01,79734.0,159.0,4.050980392156863,0.865350373750336,0.7,6.8,3.950980392156863,0.8662622101409395,0.6,6.7,28.153246753246755,0.8832625817887321,25.5,29.9,8.266883116883117,0.0878614438071043,8.2,8.5,8.490243902439024,1.0276038206211275,6.0,10.5,8.364462809917356,1.0267147854631815,5.9,10.4,31.291869918699188,0.8518632900338939,28.9,33.3,8.362809917355372,0.2058042076849415,7.9,9.0,36.86065573770492,3.107749773930234,29.0,40.0,98.53658536585365,4.906156525352554,70.0,100.0,4.480991735537191,1.1123034695012253,0.7999999999999998,7.0,4.46470588235294,1.1179269733960537,0.7999999999999998,7.0,7.9734,3854.0,24.864516129032257,12.517041588230484,0.016058333333333334,24.238993710691823,3.138623165452433,0.08496732026143791,-0.007475750861550416,0.01536850013567498,-0.0016446849931851218,16.7,1.2,0.9277777777777777,0.8932125635691169,2938.0,976.0797342192692,1.0,14.42,8,-0.8660254037844384,-0.5000000000000004
V13_C2,13,244000.0,3.01,81063.0,131.0,4.702419354838709,0.7687455423549698,3.1,6.7,4.6016,0.769686153047818,3.0,6.6,28.789516129032258,0.9946865787682271,26.1,31.3,8.446399999999999,0.19532603017651287,7.9,8.7,8.331858407079647,1.3422572596939129,3.2,12.1,8.168141592920353,1.3339833934716558,3.1,11.9,30.745535714285715,1.3851781940759942,27.1,34.1,8.324545454545454,0.23233413285842394,7.8,8.9,30.89090909090909,3.6355670520325796,26.0,40.0,97.2566371681416,7.877158163528839,60.0,100.0,3.6467289719626166,1.434041508636458,-1.2999999999999998,6.6000000000000005,3.5814814814814815,1.405739114344402,-1.3000000000000003,6.6,8.1063,3213.0,24.906976744186046,11.637890608687103,0.013168032786885246,24.52671755725191,1.9560195852534576,0.0,-0.006645694072955986,-0.017205224361196494,0.0036714981433920045,17.4,1.8,1.3384615384615384,0.5238385078431738,2098.0,697.0099667774086,3.0,17.62,2,0.8660254037844386,0.5000000000000001
V13_C3,13,280000.0,3.01,93023.0,93.0,4.11123595505618,1.0391690520278902,1.4,6.2,4.001123595505618,1.0378621363630214,1.3,6.1,27.285393258426968,0.723399575520423,25.7,28.7,8.28314606741573,0.11797144787095036,8.2,9.3,8.495505617977528,1.0144311115505662,5.9,10.4,8.285393258426966,1.0143908339712775,5.8,10.2,29.66179775280899,1.034024091724954,27.1,31.7,8.237499999999999,0.16768367866895706,7.9,8.7,30.1123595505618,0.9935954253388757,28.0,32.0,96.0,7.824785794337936,45.0,100.0,4.356097560975609,0.9391482299252633,2.5,7.1,4.262195121951219,0.9352678686604982,2.0999999999999996,7.000000000000001,9.3023,3160.0,35.111111111111114,21.313837065084115,0.011285714285714286,33.97849462365591,2.3764044943820224,0.1348314606741573,-0.02305416410666795,0.01669148316668752,-0.001975298654369933,15.0,1.0,1.3636363636363635,0.522176660325147,2330.5,774.2524916943522,1.0,16.52,7,-0.4999999999999997,-0.8660254037844388
V13_C4,13,270000.0,3.01,89701.0,149.0,4.400769230769231,0.891605654988323,2.1,6.8,4.283076923076923,0.897985554478732,2.0,6.7,28.920930232558142,0.7834892327958161,27.2,30.6,8.487596899224807,0.3077153087519528,8.1,9.0,7.999173553719008,1.9218695701394775,1.4,13.4,7.909917355371901,1.8615587088368384,3.5,13.3,31.26,1.165432348160774,27.2,33.9,8.718110236220474,0.27557078508579436,7.6,9.6,33.03846153846154,3.2787874629489746,26.0,40.0,94.1923076923077,14.54482307744593,20.0,100.0,3.55462962962963,1.7992409749232736,-2.5,10.8,3.6,1.7699464060738765,-1.0,10.8,8.9701,4632.0,35.3587786259542,17.680092543392526,0.017155555555555556,31.08724832214765,2.3390697674418597,0.06923076923076923,-0.010058505498031988,0.009588328410172485,0.006055581412605886,17.4,1.2,0.9666666666666666,0.7189427133395501,2893.0,961.1295681063124,1.0,15.49,10,-0.8660254037844386,0.5000000000000001
V13_C5,13,215000.0,3.01,71429.0,62.0,4.093333333333333,1.0911628492742795,1.1,6.1,3.993333333333333,1.0911628492742793,1.0,6.0,28.837777777777777,0.8054611578267917,27.0,30.7,8.302222222222223,0.16443966687026687,8.1,8.8,7.388372093023255,2.201753554645282,3.0,14.2,7.234883720930233,2.2018264843328677,2.9,14.1,30.657777777777774,1.135479251819746,28.3,34.0,8.870000000000001,0.1842517786853576,8.6,9.3,21.7,2.652526613607757,18.0,29.0,93.52272727272727,10.486954545759241,70.0,100.0,3.3736842105263163,2.532457860755182,-1.3999999999999995,11.5,3.3184210526315794,2.5371675272173952,-1.4000000000000004,11.5,7.1429,3080.0,49.67741935483871,7.341269362586109,0.014325581395348837,49.67741935483871,1.8199999999999967,0.13333333333333333,0.0024557116676847714,0.0002219507228670836,-0.004094889024638584,13.2,7.0,2.1999999999999997,0.9946498333550562,2612.0,867.7740863787376,1.0,12.49,3,1.0,6.123233995736766e-17
V13_C6,13,610000.0,3.01,202658.0,125.0,4.54054054054054,0.9352081322434331,0.9,7.6,4.432727272727273,0.9354495647763168,0.8,7.5,26.548648648648648,0.8081252001183602,25.1,30.1,8.575,0.2161870535098313,7.0,8.9,8.517142857142856,1.3646256983888656,3.8,11.5,8.371428571428572,1.3664745688276623,3.6,11.3,28.97142857142857,0.8753806079593084,26.9,31.8,8.750588235294117,0.33968596471130447,8.2,9.8,21.59375,7.100152889384251,12.0,31.0,92.0,11.300102109817757,50.0,100.0,3.991919191919192,1.3803782953601456,-0.09999999999999964,6.6000000000000005,3.9530612244897956,1.3949248275672186,-0.20000000000000018,6.500000000000001,20.2658,4004.0,33.932203389830505,15.735923740228248,0.006563934426229508,32.032,2.422779922779924,0.036036036036036036,0.0014431283297987826,-0.010550785593268363,0.0024505128210037556,15.5,1.5,1.3416666666666666,0.2604843461111796,2457.0,816.2790697674419,2.0,15.96,5,0.49999999999999994,-0.8660254037844387
V13_C7,13,230000.0,3.01,76412.0,62.0,4.181666666666667,0.6352609677724118,2.8,5.7,4.081666666666667,0.6352609677724119,2.7,5.6,27.938333333333333,0.7396956925074851,26.5,29.1,8.736666666666668,0.1765648358052593,8.0,8.9,9.572727272727272,1.5054782118863914,5.5,12.3,9.434545454545454,1.502493998486588,5.4,12.0,30.96,0.7898898188519254,29.7,32.8,8.825454545454544,0.18279535391836954,8.3,9.3,33.94230769230769,1.6734777869661357,30.0,35.0,96.66666666666667,5.827715174143586,70.0,100.0,5.206,1.501211755447538,1.2000000000000002,7.7,5.17,1.5001020373457867,1.2000000000000002,7.700000000000001,7.6412,2094.0,34.32786885245902,24.306872355690825,0.009104347826086956,33.774193548387096,3.0216666666666683,0.016666666666666666,-0.01847777278850471,0.028793053950400008,0.0065739397999219785,14.5,2.7,2.0,0.6223061555576156,1990.0,661.1295681063124,2.0,14.07,10,-0.8660254037844386,0.5000000000000001
V13_C8,13,245000.0,3.01,81395.0,75.0,4.377966101694915,0.861647939268055,2.4,6.0,4.268965517241379,0.8696050518243897,2.3,5.9,29.198305084745762,0.5873645186188213,28.0,30.6,8.60344827586207,0.026261286571944688,8.6,8.8,8.492307692307692,1.7301078005454733,4.2,13.2,8.446,1.7127624184459485,4.0,13.1,31.576,1.150077193505031,29.0,33.4,9.038095238095238,0.12678458964674333,8.7,9.2,27.28205128205128,2.9014399142922667,20.0,30.0,97.6923076923077,3.765365703867445,90.0,100.0,4.266666666666667,1.7354051992758806,0.9000000000000004,7.999999999999999,4.371739130434783,1.6490620961933025,0.8000000000000003,8.0,8.1395,3338.0,54.721311475409834,9.7161912077058,0.013624489795918368,44.50666666666667,2.3776949152542386,0.06779661016949153,-0.006936187179748211,-0.00949489293834219,-1.0011012113438919e-05,19.0,6.5,2.111111111111111,0.734431649490212,2968.0,986.0465116279072,1.0,18.0,12,-2.4492935982947064e-16,1.0
V13_C9,13,620000.0,3.01,205980.0,84.0,4.661538461538462,0.7296600894621041,2.2,6.1,4.563076923076923,0.7292053103313115,2.1,6.0,28.16923076923077,0.7405494322045354,26.2,29.6,8.783783783783784,0.18183251376765172,8.5,8.9,8.970689655172412,2.026232232467716,3.9,14.8,8.751724137931035,2.0512932488409534,3.8,14.6,30.784745762711864,1.2352318725958185,28.4,32.6,8.96551724137931,0.19870268901222662,8.6,9.3,26.745098039215687,2.1618800822885804,20.0,30.0,92.58333333333333,12.93699421075233,45.0,100.0,3.7804347826086957,1.6317161470491925,-0.6000000000000001,6.0,3.6478260869565218,1.6787216208154454,-0.6000000000000005,6.000000000000001,20.598,2976.0,40.21621621621622,22.52564460651263,0.0048,35.42857142857143,2.6155149934810957,0.03076923076923077,-0.003995187164029335,-0.025301128763497337,-0.006945634049799565,12.0,2.6,3.8,0.0310048387096774,193.0,64.11960132890366,1.0,10.04,3,1.0,6.123233995736766e-17
V14_C1,14,211000.0,2.15,98140.0,142.0,4.385106382978723,0.9151843038592806,2.2,8.1,4.293571428571429,0.9122831437824548,2.1,8.0,28.73262411347518,1.0021759507549202,25.2,30.2,8.287323943661972,0.213335268695647,7.7,8.7,8.47787610619469,1.3358206756037343,3.5,12.2,8.357522123893805,1.3339525927091447,3.4,12.1,31.56991150442478,0.8243920872541056,29.8,33.3,8.367272727272727,0.3162594135841138,7.8,9.5,38.8018018018018,2.008254872541739,33.0,41.0,94.95575221238938,12.544484687738686,50.0,100.0,4.099115044247788,1.2336426589012461,0.10000000000000009,7.199999999999999,4.084821428571429,1.2520404838623918,-0.10000000000000009,7.199999999999999,9.814,3004.0,21.30496453900709,11.928922393201296,0.014236966824644549,21.154929577464788,2.8372873909496015,0.0425531914893617,-0.007442970721358739,0.01685945725642396,-0.003160579306818449,17.5,1.0,1.1666666666666667,0.4539856543316259,1802.0,838.139534883721,1.0,17.82,10,-0.8660254037844386,0.5000000000000001
V14_C2,14,220000.0,2.15,102326.0,150.0,5.0539007092198585,0.8561973846605077,2.2,7.8,4.951063829787234,0.8520242301447765,2.1,7.7,28.615602836879432,1.2279648487258,25.6,30.7,8.494326241134752,0.1205778051392481,7.8,8.6,8.705263157894736,1.381770701358361,5.2,14.3,8.524812030075188,1.3900842581306583,5.0,14.1,30.572180451127817,1.457548449397902,27.3,34.0,8.27175572519084,0.2102287432445924,7.9,8.8,29.87786259541985,2.1232156336859886,26.0,36.0,97.54135338345864,6.469639208472941,70.0,100.0,3.570967741935484,1.283147438350112,-0.10000000000000053,9.0,3.4919354838709675,1.3035035200175478,-0.09999999999999964,9.0,10.2326,3310.0,22.364864864864863,11.924449615016618,0.015045454545454546,22.066666666666666,1.9565776142483848,0.02127659574468085,0.0017573213389008061,-0.02420788182583629,0.0016403362822438397,14.1,1.0,0.90625,0.6720664644950252,1745.0,811.6279069767443,3.0,13.34,2,0.8660254037844386,0.5000000000000001
V14_C3,14,310000.0,2.15,144186.0,134.0,4.0458015267175576,0.890311919582961,1.3,6.6,3.945038167938931,0.8898758548210762,1.2,6.5,28.705384615384613,0.873406548069736,26.4,30.9,8.136923076923077,0.12460073384286359,8.1,8.6,7.655813953488372,1.2544238578392388,3.9,11.0,7.437209302325582,1.2500043604575104,3.7,10.8,30.911627906976744,0.9933079132198239,27.0,33.7,8.448818897637794,0.2291690101117529,7.7,9.0,33.184615384615384,2.4865050201568772,30.0,39.0,94.3076923076923,10.431649927728074,60.0,100.0,3.4991228070175437,1.1663797415932473,0.5,5.799999999999999,3.3815789473684212,1.1690375581204508,0.5,5.7,14.4186,4070.0,33.36065573770492,15.320307688347128,0.013129032258064516,30.37313432835821,2.2062432915921306,0.10687022900763359,0.0011956606835785183,0.017912203569129613,0.0014633866556443358,17.8,1.5,1.1125,0.4453404294126843,2421.0,1126.046511627907,1.0,18.57,8,-0.8660254037844384,-0.5000000000000004
V14_C4,14,625000.0,2.15,290698.0,172.0,4.4888059701492535,1.0695133070462715,1.1,7.3,4.390298507462687,1.0723363154259087,1.0,7.2,28.785820895522388,0.9863849837165252,26.0,31.0,8.58695652173913,0.2273114175513386,8.3,8.9,7.595238095238095,1.8978243182278869,3.0,13.2,7.455555555555556,1.9045442732813769,2.9,13.1,30.541353383458645,1.3841706749918514,28.0,34.4,8.904854368932039,0.32820923526475937,8.1,9.7,23.30322580645161,5.887812070114595,8.6,33.0,93.97727272727273,11.387327836384456,50.0,100.0,3.246902654867257,1.92979786119743,-0.9000000000000004,8.5,3.207079646017699,1.9454946494657528,-0.8999999999999995,8.5,29.0698,6212.0,38.11042944785276,15.683602404496789,0.0099392,36.116279069767444,1.7555324879362573,0.08208955223880597,3.2878142458471464e-05,-0.01215781327445095,-0.0035231697580882402,25.4,1.5,1.65,0.1444617553087516,1840.0,855.8139534883721,4.0,22.51,1,0.49999999999999994,0.8660254037844387
V14_C5,14,195000.0,2.15,90698.0,36.0,5.48125,0.5555801965861542,4.1,6.3,5.390625,0.5532072906710583,4.0,6.2,26.5125,0.49301573618803674,25.7,27.5,8.6,0.0,8.6,8.6,8.796774193548387,1.037780924526862,6.6,10.9,8.69032258064516,1.0296778909638613,6.5,10.7,29.009677419354837,0.6599771908733804,27.7,30.7,8.783870967741937,0.2099154975913701,8.4,9.3,25.533333333333335,1.008013865987463,25.0,28.0,95.64516129032258,7.609416916324907,80.0,100.0,3.1999999999999997,0.8383657572069261,1.5,5.300000000000001,3.182758620689655,0.8319808400597941,1.5,5.300000000000001,9.0698,1380.0,39.42857142857143,68.31772042720502,0.007076923076923077,38.333333333333336,2.4971774193548377,0.0,-0.01191906246266467,0.00891920365804673,8.78637625894089e-17,14.4,4.5,2.88,0.6055692307692307,1612.0,749.7674418604652,1.0,14.6,7,-0.4999999999999997,-0.8660254037844388
V14_C6,14,620000.0,2.15,288372.0,99.0,4.459574468085107,0.7862144429536091,2.0,6.1,4.361702127659575,0.7879613525508115,1.9,6.0,27.822340425531916,0.7779424551401597,26.3,29.5,8.799999999999999,0.12181424250644841,8.7,9.0,8.575609756097561,1.3979315385848876,3.0,11.8,8.440243902439025,1.392915031671418,2.9,11.6,30.396341463414632,0.9478298959163993,27.5,32.2,8.781012658227848,0.2496540937064357,8.2,9.5,32.83561643835616,2.4324981365194263,30.0,36.0,97.4074074074074,5.651941652604383,80.0,100.0,4.123749999999999,1.6301932594913828,-2.0999999999999996,7.6,4.085,1.6280842201336212,-2.1,7.5,28.8372,2023.0,21.752688172043012,14.39554272349189,0.003262903225806452,20.434343434343436,2.5740010378827165,0.031914893617021274,-0.0028030631580376253,0.023328648083220098,0.0022215063052353793,13.0,1.2,2.2333333333333334,0.2069811740358715,1768.0,822.3255813953489,1.0,14.73,8,-0.8660254037844384,-0.5000000000000004
V14_C7,14,620000.0,2.15,288372.0,121.0,4.667289719626168,1.1341005663149808,1.4,6.9,4.557943925233645,1.1271133092641124,1.3,6.8,29.41214953271028,0.5721047338430507,28.0,30.5,8.6,0.0,8.6,8.6,8.279775280898876,1.7200805858025228,1.3,13.2,8.24494382022472,1.590812487946951,4.5,13.0,31.80348837209302,0.9211818080013374,29.1,33.2,9.067567567567568,0.17912122481800846,8.7,9.8,26.720588235294116,4.308428352972267,18.0,35.0,94.94318181818181,9.98545834027726,50.0,100.0,3.7518072289156623,1.8609177807674293,-4.7,7.699999999999999,3.825301204819277,1.6357919968473222,0.3000000000000007,7.699999999999999,28.8372,4760.0,42.123893805309734,18.685906044473935,0.00767741935483871,39.33884297520661,2.3913388393827404,0.07476635514018691,-0.019008815033522714,0.0038540495040220424,5.548952341779744e-17,17.8,1.9,1.3692307692307693,0.1880184331797235,2448.0,1138.6046511627908,0.0,21.0,12,-2.4492935982947064e-16,1.0
V1_C1,1,370000.0,7.01,52782.0,112.0,4.66875,0.9276562785704471,2.1,7.4,4.577678571428572,0.935651222982266,2.0,7.3,26.474545454545453,1.0163287378695502,24.4,28.8,8.598198198198197,0.03009675905832546,8.3,8.7,8.256521739130434,1.9651526992552886,2.2,11.7,8.15108695652174,1.9649396470454994,2.1,11.6,28.257608695652173,1.4972673787403645,22.3,34.4,8.622619047619047,0.2913827402568041,7.8,9.4,22.39325842696629,7.06723872001211,5.0,34.0,95.43478260869566,13.580289812106114,20.0,100.0,3.568131868131868,2.1776072047027077,-3.8,7.200000000000001,3.5516483516483515,2.1810477929127265,-3.8000000000000003,7.199999999999999,5.2782,3930.0,37.78846153846154,19.194797574364685,0.010621621621621622,35.089285714285715,1.7830632411067207,0.044642857142857144,-0.012247939749548001,0.006871034774234001,0.0001131714214525111,16.3,1.9,1.1642857142857144,0.7147311264182235,4091.4,583.6519258202568,2.0,15.7,6,1.2246467991473532e-16,-1.0
V1_C2,1,775000.0,7.01,110556.0,185.0,3.8830601092896178,0.9775431367868676,0.8,8.4,3.7852459016393447,0.9773539179633886,0.7,8.3,28.750273224043717,0.7279260254756816,27.0,30.7,8.284239130434782,0.4226141225781685,7.7,9.2,7.67225806451613,1.4156149360811257,3.5,11.5,7.556774193548387,1.4143062800805055,3.4,11.4,30.78766233766234,0.8134753911682459,29.0,34.2,8.246938775510204,0.24080519110165335,7.6,8.8,36.265306122448976,4.578578068753949,26.0,42.0,94.57516339869281,11.864749210236583,50.0,100.0,3.8594771241830066,1.5319164944130708,0.20000000000000018,9.3,3.841176470588235,1.524084255327592,0.19999999999999973,9.299999999999999,11.0556,12357.0,67.8956043956044,41.02209460480149,0.01594451612903226,66.7945945945946,2.037389113618623,0.10382513661202186,-0.0044289704691858785,0.006723256789825492,-0.006500806912920982,38.0,4.0,1.8095238095238095,0.448939108816968,8585.125,1224.6968616262482,9.0,28.0,10,-0.8660254037844386,0.5000000000000001
V1_C3,1,650000.0,7.01,92725.0,144.0,4.021428571428571,0.7571040731597388,1.3,6.3,3.9257142857142857,0.7568746252554652,1.2,6.2,27.220000000000002,0.9480916083595122,24.8,29.6,8.219285714285714,0.05863731786370103,8.0,8.7,8.073846153846153,1.2620614271561128,4.7,11.5,7.865384615384615,1.2655673445682165,4.6,11.4,29.119230769230768,1.2419724343672418,26.8,37.2,8.098461538461539,0.206478264480892,7.5,8.6,30.346153846153847,1.0976475088420974,28.0,35.0,98.15384615384616,9.046359101837801,10.0,100.0,4.079527559055118,1.2320674702379726,1.1,7.6000000000000005,3.9653543307086614,1.2292969956898325,0.8999999999999999,7.3,9.2725,11309.0,79.64084507042253,41.166043561935865,0.01739846153846154,78.53472222222223,1.8992307692307655,0.06428571428571428,-0.00454442849659061,-0.009136071834704242,-0.0005345539424494004,24.0,2.5,1.3333333333333333,0.5400911586534072,7658.0,1092.4393723252497,6.0,20.29,5,0.49999999999999994,-0.8660254037844387
V1_C4,1,750000.0,7.01,106990.0,218.0,3.697395833333333,0.9786963706641274,1.0,6.6,3.6099476439790577,0.9669025408800046,0.9,6.5,28.758333333333336,1.2141544504997728,26.4,38.4,8.47989417989418,0.2858693151394307,8.1,8.9,7.186585365853658,1.817283227813232,2.5,14.1,7.00060606060606,1.8045503787578887,2.4,14.0,30.389714285714284,1.0033320513441792,28.1,32.9,8.715116279069768,0.32372735689895993,7.4,9.7,30.838150289017342,5.095294345340019,18.0,41.0,96.49425287356321,8.983444713379395,40.0,100.0,3.445161290322581,1.803322818605205,-1.1,10.5,3.3745222929936305,1.7957536971550387,-1.0999999999999996,10.4,10.699,12053.0,62.128865979381445,41.69577570522824,0.016070666666666667,55.288990825688074,1.6313809523809475,0.20833333333333334,-0.003479710315873235,0.007370522279258151,0.003201340174925147,32.0,1.2,1.3904761904761904,0.4135533852895444,7390.5,1054.2796005706134,9.0,33.25,2,0.8660254037844386,0.5000000000000001
V1_C5,1,890000.0,7.01,126961.0,99.0,4.452272727272727,0.9227616313074386,1.7,8.0,4.357954545454546,0.9395182907212565,1.6,7.9,26.876136363636363,1.0355735062941454,24.9,29.3,8.781428571428572,0.24630183976838643,8.0,9.4,7.228205128205127,1.8977017840725297,3.0,11.6,7.0858974358974365,1.887878240004966,2.8,11.4,28.76410256410256,1.1964204576242854,26.9,31.7,9.055555555555555,0.35377568133550763,8.4,9.8,16.48732394366197,4.345603018403931,8.6,25.0,95.19736842105263,13.962826587614325,5.0,100.0,2.859154929577465,1.9513788139810078,-1.5,7.199999999999999,2.8281690140845073,1.9330348528815327,-1.6000000000000005,7.1000000000000005,12.6961,5479.0,57.072916666666664,27.304229397337988,0.006156179775280899,55.343434343434346,1.8879662004661988,0.056818181818181816,-0.00030867003763637837,-0.02637774947620326,0.004347035993821501,18.8,1.3,1.5666666666666667,0.3466499645149403,5057.8,721.5121255349501,5.0,20.05,5,0.49999999999999994,-0.8660254037844387
V1_C6,1,720000.0,7.01,102710.0,174.0,3.7,0.7756319605789881,1.8,5.6,3.600613496932515,0.7753531200713408,1.7,5.5,27.661963190184046,1.2818875255911881,24.9,30.0,8.63558282208589,0.1971027749693775,8.0,8.9,7.154545454545454,1.8884275921534974,0.2,11.2,7.048951048951049,1.7996817845819126,2.8,11.0,29.832887323943666,1.2578753791546957,27.4,33.1,8.838759689922481,0.1977648846797738,8.3,9.4,32.916666666666664,2.5817176659043444,26.0,35.0,96.14285714285714,10.201968655111456,45.0,100.0,3.445323741007194,1.7246391356035817,-2.4,9.1,3.4402877697841725,1.6505036308439458,-0.2999999999999998,9.0,10.271,9239.0,55.99393939393939,33.98950644553314,0.012831944444444444,53.09770114942529,2.1709241337596197,0.147239263803681,-0.00916993928702756,0.020898894731379986,-0.00026690952554934424,19.5,1.0,1.225,0.4105138773040881,4767.0,680.0285306704708,6.0,10.46,8,-0.8660254037844384,-0.5000000000000004
V1_C7,1,535000.0,7.01,76320.0,69.0,3.710144927536232,1.0649696112118758,1.7,5.5,3.618840579710145,1.0584777307833944,1.6,5.4,28.907246376811592,0.6719853903742142,27.1,30.5,8.795588235294119,0.03638034375545006,8.5,8.8,7.7679245283018865,1.3543056104521523,4.9,11.5,7.624528301886793,1.3503426431803491,4.8,11.3,31.2078431372549,0.8724318053016875,28.9,33.2,9.0975,0.13865193462176803,8.9,9.4,25.02857142857143,4.501540352614702,20.0,30.0,97.26415094339623,4.109795724832898,90.0,100.0,3.9183673469387754,1.5184522642847762,1.0999999999999996,7.8999999999999995,3.8591836734693876,1.4756239312218267,1.0999999999999996,7.9,7.632,5746.0,88.4,56.533949976982846,0.01074018691588785,83.27536231884058,2.300596760443309,0.2463768115942029,-0.03582795211922311,0.002096534270504475,-0.0003363115620039464,15.4,1.1,1.7111111111111112,0.6107173586995225,5596.0,798.2881597717546,2.0,15.34,2,0.8660254037844386,0.5000000000000001
V3_C1,3,210000.0,2.72,77206.0,141.0,4.846896551724138,0.709563164952543,3.3,8.4,4.727586206896552,0.6475898434688315,3.2,6.5,28.064383561643833,0.8789287936344123,25.1,29.8,8.398630136986302,0.011663685877842181,8.3,8.4,7.985217391304348,0.8754190453480251,6.0,11.1,7.880869565217391,0.8822713562138486,5.9,11.2,30.120353982300884,1.022877531773141,27.3,32.0,8.354954954954955,0.16719000554009836,8.0,8.8,35.875,4.062850816453486,20.0,41.0,100.0,0.0,100.0,100.0,3.123478260869565,1.1133425596935649,-1.2000000000000002,6.8999999999999995,3.143478260869565,1.047313223710248,1.0,6.9,7.7206,2897.0,20.841726618705035,11.256083052857997,0.013795238095238095,20.54609929078014,2.055970420657051,0.0,-0.011474036615438278,0.01572921718400087,5.8192819242336074e-05,19.8,1.2,1.1647058823529415,0.9451057235982792,3086.0,1134.5588235294117,1.0,18.55,8,-0.8660254037844384,-0.5000000000000004
V3_C2,3,245000.0,2.72,90074.0,197.0,4.458638743455498,0.6929845675858136,1.7,6.2,4.360209424083769,0.6954649774489636,1.6,6.1,28.06439790575916,1.4028127866974642,20.0,30.4,8.267015706806284,0.10005785044767015,7.2,8.5,8.106250000000001,1.0106380587105779,4.8,11.0,7.946590909090909,1.0052944260846584,4.7,10.9,29.886285714285716,1.4302702214630394,26.8,33.8,8.084302325581396,0.19053044267308933,7.5,8.6,31.49122807017544,4.205554339977265,19.0,42.0,98.07386363636364,6.752794034525806,60.0,100.0,3.6730994152046783,1.1707118430554309,0.2999999999999998,8.1,3.6116959064327485,1.1692546851511225,0.20000000000000018,8.100000000000001,9.0074,5864.0,29.918367346938776,12.655331070353778,0.02393469387755102,29.766497461928935,1.8218878085265544,0.031413612565445025,9.233658358899107e-05,-0.01660558825126771,0.0007657815729993551,33.8,3.7,1.4695652173913043,0.4042907494951482,2782.0,1022.7941176470588,5.0,35.27,1,0.49999999999999994,0.8660254037844387
V3_C3,3,310000.0,2.72,113971.0,118.0,4.576923076923077,0.7007858415778445,2.4,5.8,4.476068376068376,0.7000799920611995,2.3,5.7,27.944444444444443,1.2147402478438756,26.3,38.3,8.176923076923076,0.1302415629570117,8.1,8.4,8.163366336633663,0.8977441475473097,4.5,10.6,7.953465346534653,0.8869683598004661,4.3,10.5,29.722772277227723,1.011521743524952,25.9,31.9,8.33,0.31510780582671877,7.6,8.9,33.81188118811881,2.737564140936711,30.0,40.0,96.48514851485149,5.768212654516367,75.0,100.0,3.580808080808081,1.1063524153147626,0.0,7.4,3.4717171717171715,1.102505532777121,0.0,7.300000000000001,11.3971,3306.0,30.3302752293578,18.012883787193953,0.010664516129032258,28.016949152542374,1.7783278327832797,0.03418803418803419,-0.01158501085817449,0.0158590769854558,0.0028825881456544366,17.0,1.7,1.2142857142857142,0.5005270925574531,2374.0,872.7941176470588,0.0,15.3,8,-0.8660254037844384,-0.5000000000000004
V3_C4,3,270000.0,2.72,99265.0,186.0,4.255629139072848,1.231348083015219,0.6,11.1,4.1569536423841065,1.2316119482897108,0.5,11.0,28.511920529801326,1.0895214333102308,25.8,30.7,8.59621212121212,0.22696312476837585,8.3,9.3,7.836690647482014,1.8860719046988916,2.7,13.4,7.6820143884892085,1.8811903338724765,2.6,13.3,30.385234899328857,1.3347930216575496,27.0,33.8,8.963934426229507,0.29849915867663596,7.9,9.8,24.70921985815603,7.807998652565204,10.0,40.0,99.25170068027211,2.640162763286265,80.0,100.0,3.623015873015873,2.180758132335182,-1.4000000000000004,11.2,3.568253968253968,2.1843681299140316,-1.4,11.200000000000001,9.9265,6307.0,35.632768361581924,16.276225331526643,0.02335925925925926,33.90860215053763,1.873314369527531,0.12582781456953643,0.0019011433420681057,-0.012807246099655592,-0.00202423688563697,29.5,17.0,,0.4256947656143228,2513.0,923.8970588235294,4.0,27.1,1,0.49999999999999994,0.8660254037844387
V3_C5,3,270000.0,2.72,99265.0,119.0,4.630357142857143,0.513921381745483,3.3,6.0,4.529464285714286,0.5128332171602271,3.2,5.9,26.464285714285715,0.7239602227459762,25.0,28.0,8.913392857142858,0.2227977451946826,7.8,9.9,8.94095238095238,0.9187884202427467,6.6,11.4,8.802857142857142,0.9198094642639044,6.5,11.2,28.72952380952381,0.9438998286083595,26.2,31.1,8.75,0.19126985757259635,8.3,9.3,27.83157894736842,4.712257966195995,20.0,35.0,97.66666666666667,5.237928735282445,60.0,100.0,4.260606060606061,1.0518999508002207,1.3999999999999995,7.300000000000001,4.224242424242424,1.0555094435999883,1.4000000000000004,7.199999999999999,9.9265,2872.0,25.19298245614035,14.665519849025717,0.010637037037037037,24.134453781512605,2.265238095238093,0.0,-0.004183489710608382,0.015414785100404744,-0.002851884975512698,15.5,0.5,1.1923076923076923,0.5395610156548301,2152.0,791.1764705882352,1.0,15.52,7,-0.4999999999999997,-0.8660254037844388
V3_C6,3,190000.0,2.72,69853.0,129.0,4.3075,0.8533830353610371,0.9,6.2,4.222881355932204,0.7891801454944177,1.6,6.1,28.83781512605042,0.5841104487846751,27.2,30.1,8.755833333333333,0.1193792300202368,8.2,9.6,8.565346534653466,1.42467088434939,5.0,12.6,8.415841584158416,1.427776780401427,4.9,12.5,31.064,1.2986799825090456,20.6,32.8,9.068674698795181,0.1644856809272193,8.6,9.6,31.463414634146343,4.795046626149082,21.0,35.0,94.15841584158416,8.719785173119032,50.0,100.0,4.228421052631579,1.5449067422033158,1.0999999999999996,10.399999999999999,4.145263157894737,1.4859461074569682,1.0,10.4,6.9853,3478.0,28.74380165289256,14.10468534779598,0.018305263157894738,26.96124031007752,2.226184873949581,0.041666666666666664,-0.00940237781234343,0.0030838273879945453,0.0013316390016868598,22.5,1.7,1.40625,0.6612496430810593,2599.6,955.735294117647,2.0,23.62,11,-0.5000000000000004,0.8660254037844384
V3_C7,3,190000.0,2.72,69853.0,65.0,4.15,0.6959623814285053,2.9,7.0,4.048214285714286,0.6993480266202676,2.7,6.9,28.325,0.7637824535583655,26.6,29.8,8.703703703703702,0.01924500897298782,8.7,8.8,8.600000000000001,1.2951833846988627,5.5,12.4,8.465853658536586,1.3195851158787675,5.3,12.3,30.458536585365852,1.0848906879856848,28.8,32.2,9.0,0.24494897427831783,8.7,9.4,28.17142857142857,1.5432150222966388,25.0,30.0,93.65853658536585,14.449238312273698,40.0,100.0,4.53421052631579,1.5608861509099305,1.5,9.100000000000001,4.505263157894737,1.589993603322345,1.5,9.100000000000001,6.9853,2545.0,43.87931034482759,12.426736295368459,0.013394736842105263,39.15384615384615,2.133536585365853,0.03571428571428571,-0.009608561285108168,-0.029313538967557232,-0.0001479289940829495,32.0,4.5,3.5714285714285716,0.3743009908549812,1870.6,687.720588235294,4.0,30.13,4,0.8660254037844387,-0.4999999999999998
V4_C1,4,295000.0,3.57,82633.0,70.0,5.153623188405797,0.7252950130291661,2.0,7.2,5.056521739130434,0.7250716518081189,1.9,7.1,26.42173913043478,0.9761674104881981,24.4,28.4,8.317391304347828,0.03818115387869835,8.3,8.4,7.591379310344828,0.9217231160833075,6.1,10.3,7.482758620689655,0.9171156025459121,6.0,10.2,28.641379310344828,1.0275220547013846,26.5,32.4,8.182456140350876,0.28292023548895007,7.6,8.9,27.32758620689655,3.7199694916428796,20.0,34.0,95.34482758620689,11.878850030197679,40.0,100.0,2.4350877192982456,0.9668600186890284,0.40000000000000036,5.8,2.4228070175438594,0.9667725289886019,0.39999999999999947,5.800000000000001,8.2633,872.0,12.823529411764707,7.788129460381315,0.0029559322033898307,12.457142857142857,2.219640179910048,0.014492753623188406,0.019192546583850945,0.034687614176105094,-0.00124954329557911,10.0,1.3,1.4285714285714286,0.5010044493385515,1683.4,471.5406162464986,0.0,11.39,8,-0.8660254037844384,-0.5000000000000004
V4_C10,4,310000.0,3.57,86835.0,70.0,4.867213114754098,0.787341796061366,3.3,6.3,4.752459016393442,0.7925920677071842,3.2,6.2,27.84918032786885,0.7415351083663484,26.0,29.0,8.765625,0.04825587044348169,8.7,8.8,8.065217391304348,0.9933595950229475,5.7,10.0,7.913043478260869,0.9860377941037383,5.5,9.8,30.02608695652174,1.0216402460115486,28.2,32.8,8.8,0.4765068976724387,7.6,9.6,27.476190476190474,2.0980606054872037,21.0,30.0,97.11111111111111,4.057665149398905,85.0,100.0,3.36,1.1555006785726343,1.0,5.2,3.3244444444444445,1.1348118697819387,0.9000000000000004,5.1000000000000005,8.6835,2312.0,39.86206896551724,23.101187237556292,0.007458064516129032,33.02857142857143,2.1769066286528904,0.0,-0.02677884497486412,-0.02584795847468012,-0.0018703539151730957,12.2,1.8,1.9,0.1528774193548387,518.0,145.09803921568627,1.0,10.93,4,0.8660254037844387,-0.4999999999999998
V4_C2,4,215000.0,3.57,60224.0,159.0,3.753205128205128,0.7287125077431258,1.7,6.1,3.6519230769230773,0.7275651975083129,1.6,6.0,28.568152866242038,0.6250167399358723,26.8,30.2,8.132467532467533,0.30290167883910013,7.7,8.5,8.03560606060606,1.2126013029693599,3.0,11.5,7.920454545454546,1.21232466341371,2.9,11.4,30.875,0.8303751566390692,28.1,33.1,8.20241935483871,0.24642606690772823,7.6,8.8,37.28225806451613,3.3265634110870663,24.0,41.0,98.93129770992367,5.7179754885457585,50.0,100.0,4.316793893129771,1.199304456870778,0.7999999999999998,8.1,4.302290076335878,1.1951482462828915,0.7999999999999998,8.100000000000001,6.0224,4918.0,31.729032258064517,13.568637289299287,0.022874418604651163,30.930817610062892,2.3068471337579624,0.0641025641025641,-0.007195937344633568,0.008642689381228552,-0.0046914240494349176,32.5,3.0,1.7105263157894737,0.6550262261827138,3883.0,1087.6750700280113,2.0,32.1,10,-0.8660254037844386,0.5000000000000001
V4_C3,4,265000.0,3.57,74230.0,116.0,4.4,0.7093090060439426,2.6,6.6,4.3,0.7093090060439426,2.5,6.5,27.71727272727273,1.2500171808660798,25.4,30.4,8.227272727272727,0.0715607022866586,8.1,8.3,8.128155339805826,0.9436493071309159,4.9,10.2,7.929126213592234,0.9404453542370824,4.7,10.0,29.47087378640777,1.3793740458714423,26.3,32.4,8.189320388349515,0.2623097336069425,7.6,8.8,29.116504854368934,1.5799042591604902,25.0,32.0,98.83495145631068,5.477399353168529,50.0,100.0,3.7535353535353537,0.95354474348035,1.3000000000000007,6.200000000000001,3.652525252525253,0.9400763575525508,1.2000000000000002,6.1,7.423,3596.0,31.54385964912281,14.095213742898805,0.013569811320754717,31.0,1.7536010591350397,0.03636363636363636,-0.0024830436687007648,-0.03209093482416133,-0.001239943819671661,17.7,1.5,1.2642857142857142,0.8443317761551521,3862.5,1081.9327731092435,5.0,18.22,4,0.8660254037844387,-0.4999999999999998
V4_C4,4,510000.0,3.57,142857.0,123.0,3.95390625,0.8858380385328958,1.8,6.4,3.85546875,0.8853851507437204,1.7,6.3,27.62421875,0.6736603613693737,26.2,29.2,8.5625,0.15873515802650828,8.0,9.6,8.197368421052632,0.9121074038522479,4.7,10.4,7.976991150442478,0.9096711385320133,4.5,10.1,29.766666666666666,0.9283791820181664,27.0,32.1,8.315929203539822,0.28207343638587845,7.6,9.0,33.20175438596491,3.0078946994884355,28.0,40.0,97.67543859649123,6.982272893670293,45.0,100.0,4.246788990825688,1.1884138828348962,2.0,7.500000000000001,4.125925925925926,1.1969876810061337,1.8999999999999995,7.3999999999999995,14.2857,5432.0,44.16260162601626,21.717022855369766,0.010650980392156863,44.16260162601626,2.142447916666665,0.09375,-0.01657923429604805,0.009124663390650913,0.0004127095693843353,15.5,1.2,1.1071428571428572,0.386158071278826,3082.0,863.3053221288516,5.0,15.9,7,-0.4999999999999997,-0.8660254037844388
V4_C5,4,350000.0,3.57,98039.0,112.0,3.385882352941177,1.0450738116079097,0.3,6.1,3.288235294117647,1.0460141768940348,0.2,6.0,28.97764705882353,0.6966546713346844,27.5,30.6,8.66046511627907,0.20991823044864863,8.3,9.1,7.762025316455697,2.403965943136699,2.3,12.9,7.572151898734178,2.4281963713127905,2.2,12.8,31.047191011235952,1.2011443301021163,28.1,33.8,8.902272727272727,0.2729057235755464,8.0,9.5,29.727272727272727,4.834567276639253,19.0,35.0,99.15730337078652,3.786635819216697,70.0,100.0,4.48169014084507,2.5978732983046466,-2.3,10.0,4.385915492957746,2.6039144036100668,-2.3,10.0,9.8039,5014.0,50.14,12.169692442350964,0.014325714285714285,44.767857142857146,2.069543952412424,0.32941176470588235,-0.01023431070285944,0.002894395159116833,-0.004210399361043106,22.3,2.8,1.3142857142857143,0.4816989873417721,3421.0,958.2633053221288,3.0,24.49,12,-2.4492935982947064e-16,1.0
V4_C6,4,1250000.0,3.57,350140.0,125.0,4.345454545454545,0.9469248474227864,2.1,7.5,4.24297520661157,0.9468215641715001,2.0,7.4,26.269166666666667,0.8257205494417058,24.5,28.1,8.983333333333333,0.21529778288113302,8.1,9.1,9.002631578947367,1.6911252224279547,3.0,12.7,8.858771929824561,1.688315461626219,2.9,12.5,28.4070796460177,0.943655204714937,26.8,32.3,9.10919540229885,0.3123921893687731,8.4,9.8,18.737864077669904,5.060344026607131,10.0,28.0,92.43362831858407,10.879105223673605,40.0,100.0,4.7625,2.1545250417063633,-1.4000000000000004,9.2,4.720192307692307,2.154939226394753,-1.4,9.1,35.014,4095.0,33.5655737704918,14.68174089758327,0.003276,32.76,2.1379129793510323,0.08264462809917356,-0.017569855420906968,-0.012561036008840358,0.0036712222242849656,13.0,1.0,1.0833333333333333,0.5262771561461794,3085.0,864.1456582633053,4.0,15.05,4,0.8660254037844387,-0.4999999999999998
V4_C7,4,195000.0,3.57,54622.0,43.0,4.45,0.6130977808546437,3.2,6.3,4.35,0.613097780854644,3.1,6.2,27.217391304347824,0.6492061298492295,26.2,28.6,8.673913043478262,0.16657968744877424,8.3,9.0,9.197727272727272,1.3384282063020596,7.2,13.8,9.049999999999999,1.3422473345016355,7.0,13.7,30.16818181818182,0.9409971769902369,28.6,33.6,9.025,0.1314056386174695,8.7,9.3,34.073170731707314,1.5064900248995874,30.0,35.0,90.3409090909091,16.403265672899696,20.0,100.0,4.724390243902438,1.1867561855336752,3.1000000000000005,8.399999999999999,4.673170731707317,1.1964581877867488,3.0,8.4,5.4622,1395.0,34.02439024390244,31.016518022561822,0.007153846153846154,32.44186046511628,2.950790513833997,0.0,-0.02213382670366945,0.03062596361393787,0.008078939253777406,14.8,4.0,3.075,0.7550645507310263,2062.5,577.7310924369748,3.0,14.16,10,-0.8660254037844386,0.5000000000000001
V4_C8,4,195000.0,3.57,54622.0,46.0,3.6818181818181817,0.7437406172236692,2.0,5.7,3.5930232558139537,0.7459079953597018,1.9,5.6,28.563636363636363,0.526104998402991,27.3,29.7,8.729545454545455,0.15031679021559394,8.6,8.9,8.73235294117647,1.3664199159882253,4.8,11.4,8.561764705882354,1.3952331630672477,4.7,11.3,30.88235294117647,0.7187828888855958,29.3,33.0,9.041176470588235,0.16718280152742884,8.7,9.5,33.4375,1.8997028630135648,30.0,35.0,93.67647058823529,7.9113290008515404,70.0,100.0,5.027272727272727,1.5362846268011194,1.4,8.4,4.9624999999999995,1.588212628975953,1.4000000000000004,8.299999999999999,5.4622,2015.0,47.976190476190474,7.36003743110211,0.010333333333333333,43.80434782608695,2.3187165775401084,0.13636363636363635,-0.038745595489781515,0.025116279069767336,-0.01004228329809721,15.0,8.0,3.0,0.9290617687564252,2850.0,798.3193277310925,0.0,15.91,12,-2.4492935982947064e-16,1.0
V4_C9,4,245000.0,3.57,68627.0,74.0,4.024657534246575,0.9350847884784749,1.0,6.0,3.9246575342465753,0.9350847884784749,0.9,5.9,28.828767123287673,0.5399278377850333,27.4,30.3,8.89178082191781,0.059519895500800425,8.4,8.9,8.504615384615384,1.3820761973873275,5.7,14.3,8.366153846153846,1.3844309439121683,5.5,14.2,31.372307692307693,0.8292518639389086,29.0,33.5,9.122448979591837,0.16741329363092328,8.7,9.4,27.82608695652174,3.683623504866351,23.0,35.0,90.76923076923077,11.118353675861304,50.0,100.0,4.426229508196721,1.7611456157233059,1.1000000000000005,13.3,4.385245901639344,1.7666197539910098,1.0999999999999996,13.299999999999999,6.8627,4035.0,55.273972602739725,52.96677687055155,0.016469387755102042,54.527027027027025,2.5435405690200206,0.1095890410958904,-0.027892815702777008,0.006620266310122655,0.0005399671981488687,18.0,4.5,2.0,0.5968628449939746,3046.0,853.2212885154062,0.0,20.83,1,0.49999999999999994,0.8660254037844387
V5_C1,5,330000.0,3.78,87302.0,173.0,4.042941176470588,0.7204392537978536,2.6,8.4,3.9447058823529413,0.7196326943365575,2.5,8.3,27.905263157894737,0.8788537426266072,25.1,29.5,8.2698224852071,0.11842454586290198,7.8,8.3,8.596350364963504,0.962182625988197,5.8,12.7,8.49051094890511,0.9558552692929624,5.7,12.6,30.594160583941605,0.8915259904625571,28.3,32.2,8.369465648854963,0.23034860864183504,7.7,9.2,36.15384615384615,3.8948615293405586,29.0,41.0,98.8970588235294,4.332956243019487,80.0,100.0,4.599264705882353,1.0778920665769565,-0.9000000000000004,7.499999999999999,4.591176470588235,1.0741039737405451,-0.9000000000000004,7.4,8.7302,5362.0,31.541176470588237,17.354332331689772,0.01624848484848485,30.99421965317919,2.688897426046868,0.023529411764705882,-0.004546549924137782,0.013359638087433907,-0.0009526349273346705,17.5,2.8,1.3461538461538463,0.6703538523441098,4173.0,1103.968253968254,4.0,16.45,8,-0.8660254037844384,-0.5000000000000004
V5_C2,5,715000.0,3.78,189153.0,117.0,3.818421052631579,1.0383415801531728,0.9,8.2,3.7359649122807017,1.0049547335363276,2.3,8.1,28.59298245614035,1.4999539401922792,25.4,39.7,8.2,0.0,8.2,8.2,8.25686274509804,1.3225769777834055,2.9,10.8,8.094117647058823,1.322600463489308,2.8,10.5,30.52549019607843,1.241261437147093,27.2,32.8,8.147474747474748,0.2484003657459903,7.5,8.6,29.87,2.6577692476468675,26.0,35.0,94.31372549019608,14.65847532503266,20.0,100.0,4.415151515151515,1.673647101292876,-0.40000000000000036,7.9,4.332323232323232,1.6320656926321926,-0.3999999999999999,7.9,18.9153,7433.0,64.63478260869566,38.71223806561457,0.010395804195804196,63.52991452991453,1.9325077399380781,0.15789473684210525,-0.019635008939862725,-0.026990891628772683,-2.8855297224994725e-18,19.1,2.0,,0.3234101684273097,4128.5,1092.1957671957673,2.0,21.12,2,0.8660254037844386,0.5000000000000001
V5_C3,5,410000.0,3.78,108466.0,126.0,3.8951219512195125,0.9916746606357251,1.5,6.1,3.7951219512195125,0.9916746606357253,1.4,6.0,27.090243902439024,0.7175110251219349,25.3,28.7,8.273170731707316,0.1774469076596856,8.2,8.7,8.457894736842105,0.9798767067866381,2.2,10.3,8.248245614035087,0.9771035810836194,2.0,10.1,29.544736842105262,1.091892252558382,26.9,32.0,8.214912280701755,0.2278147268272061,7.8,8.9,31.37719298245614,2.2670801106081204,25.0,39.0,96.23684210526316,4.994337734722891,75.0,100.0,4.532110091743119,1.2572663418839507,1.0999999999999996,6.7,4.421100917431192,1.249672060278172,1.0,6.6,10.8466,5003.0,41.34710743801653,21.261746064940837,0.012202439024390244,39.70634920634921,2.4544929396662383,0.11382113821138211,-0.021935136927215385,0.010887070110563057,0.0015618824295285023,18.8,1.2,,0.4499670076726343,3510.0,928.5714285714288,2.0,19.55,7,-0.4999999999999997,-0.8660254037844388
V5_C4,5,900000.0,3.78,238095.0,173.0,3.7558620689655173,1.06228761681708,1.0,6.3,3.6374999999999997,1.056440454340155,0.9,6.2,28.819444444444443,0.738575247008315,27.2,30.6,8.656944444444445,0.19347856453352696,8.0,9.0,8.219696969696969,2.0598836176247155,2.4,14.2,8.059541984732824,2.057249045391001,2.3,14.1,31.131205673758867,1.2224176718859265,28.0,34.3,8.902919708029197,0.298264984298757,7.5,9.8,29.607142857142858,5.68058213220617,17.0,40.0,86.80851063829788,9.186103552662749,45.0,100.0,4.407377049180329,2.5903880826321104,-2.2,12.6,4.383333333333334,2.608078378640422,-2.4000000000000004,12.6,23.8095,8413.0,52.911949685534594,20.894364708083724,0.009347777777777778,48.630057803468205,2.311761229314424,0.22758620689655173,-0.006668366530311962,0.0022874410355228684,0.0024529756318453734,12.8,0.8,,0.314838571508682,3717.5,983.4656084656084,2.0,12.85,11,-0.5000000000000004,0.8660254037844384
V5_C5,5,315000.0,3.78,83333.0,61.0,4.659999999999999,0.671239525057933,2.6,6.5,4.558461538461539,0.6707953086850308,2.5,6.4,25.98125,0.6989504603559149,24.8,27.9,8.998039215686275,0.031560710248227736,8.8,9.1,9.51,0.9318652699590926,7.0,11.6,9.371666666666666,0.9281093715989069,6.8,11.4,28.386666666666667,0.8581546355588101,26.8,30.7,9.125,0.28783473940666476,8.5,9.9,15.142857142857142,3.7534399806459797,10.0,20.0,86.01694915254237,9.947260106949093,30.0,100.0,4.855769230769231,0.8523125316359667,2.8,7.1,4.821153846153846,0.854362860519989,2.7,7.0,8.3333,1806.0,29.129032258064516,25.567322811929955,0.005733333333333333,29.60655737704918,2.4054166666666674,0.015384615384615385,-0.00553648558780657,-0.015150103753350797,0.0007058185651337196,23.0,7.0,3.2857142857142856,0.3522279022524944,2301.0,608.7301587301588,2.0,23.91,5,0.49999999999999994,-0.8660254037844387
V5_C6,5,850000.0,3.78,224868.0,101.0,3.768041237113402,0.6163647445156049,1.5,5.1,3.62680412371134,0.6835135124117769,0.6,5.0,26.990721649484534,0.9151596484387791,24.7,28.7,8.724742268041236,0.14507966765069488,8.0,8.9,8.74047619047619,1.0079346708150756,4.7,10.9,8.602380952380953,1.0101862157425192,4.6,10.8,29.908333333333335,1.053760716000721,27.9,32.2,8.844444444444445,0.21794494717703217,8.3,9.2,33.229729729729726,2.308692907177559,30.0,36.0,84.4047619047619,9.86061784473859,60.0,100.0,5.002409638554217,1.094774272714996,1.8000000000000003,8.5,5.0120481927710845,1.132706406147322,1.7999999999999998,8.5,22.4868,2921.0,29.806122448979593,20.141590639008328,0.0034364705882352943,28.92079207920792,2.9176116838488007,0.05154639175257732,-0.0014023860011100162,0.026194403960463214,0.003281492948020009,11.3,1.2,1.7399999999999998,0.3160738006126053,2561.0,677.5132275132275,2.0,6.0,8,-0.8660254037844384,-0.5000000000000004
V5_C7,5,850000.0,3.78,224868.0,101.0,3.6677083333333336,0.8784549584555194,2.1,5.4,3.5677083333333335,0.8801309461984278,2.0,5.3,28.735416666666666,0.5640043237360712,27.2,29.9,8.790625,0.0883511236636616,8.0,8.9,8.606976744186047,1.3432875122732566,4.0,11.5,8.466279069767442,1.3557381722855133,3.8,11.4,31.490476190476187,0.8479058608264651,29.0,33.2,9.208695652173912,0.14010408991257248,8.9,9.4,30.880597014925375,4.547801293797885,22.0,35.0,82.17647058823529,10.841033677859405,45.0,100.0,4.9817073170731705,1.4676871911469789,1.0,7.9,4.941463414634146,1.4892164829912695,0.8999999999999995,7.8999999999999995,22.4868,4331.0,46.56989247311828,24.056273632366032,0.005095294117647059,42.881188118811885,2.7550595238095212,0.19791666666666666,-0.014937204487343012,0.004992871112482233,0.0005052512512631835,9.0,2.1,1.2857142857142858,0.419977298524404,3145.0,832.0105820105821,0.0,8.81,12,-2.4492935982947064e-16,1.0
V5_C8,5,235000.0,3.78,62169.0,46.0,4.058139534883721,0.6776122497555855,2.5,5.4,3.934883720930232,0.646928170344919,2.4,5.2,28.190697674418605,0.7364050236140359,26.4,29.7,8.7,0.0,8.7,8.7,8.322222222222221,1.502647236695532,5.9,10.8,8.177777777777779,1.5174202129153624,5.8,10.7,30.75925925925926,0.7977175417108953,29.6,32.3,9.07,0.2162817093001111,8.8,9.4,27.956521739130434,1.7959110341795166,25.0,30.0,85.74074074074075,10.256677346949656,70.0,100.0,4.226923076923077,1.5703649747259882,0.9000000000000004,6.500000000000001,4.180769230769231,1.5887150105086136,0.7999999999999998,6.499999999999999,6.2169,2567.0,59.69767441860465,54.174556883379495,0.010923404255319149,55.80434782608695,2.568561584840655,0.046511627906976744,-0.010275021861049196,-0.030129128122185326,-1.342930219790892e-16,17.5,5.5,2.9166666666666665,0.6506451462334674,2591.7,685.6349206349206,0.0,17.0,3,1.0,6.123233995736766e-17
V6_C1,6,178000.0,1.04,171154.0,126.0,4.627049180327869,0.7536179277540969,3.0,7.0,4.527049180327868,0.7536179277540971,2.9,6.9,26.85983606557377,0.9664333196517786,24.6,28.7,8.402459016393443,0.02716072381275505,8.4,8.7,8.432,1.2946572417969844,4.9,12.2,8.324,1.2993487102033356,4.7,12.1,28.719,1.1515202950443306,26.8,31.2,8.496808510638298,0.2537682151562025,7.9,9.1,24.346938775510203,5.832900006948369,15.0,35.0,99.6969696969697,1.7229219690157895,90.0,100.0,3.7940000000000005,1.5152304221877382,-0.5999999999999996,8.299999999999999,3.786,1.5166430234587376,-0.7000000000000002,8.3,17.1154,2081.0,16.648,5.852013714622433,0.011691011235955057,16.515873015873016,1.8591639344262312,0.0,-0.011677409334635971,0.01884397288068173,-9.868812025156707e-05,16.5,1.7,1.375,0.336358398156151,934.0,898.0769230769231,0.0,15.6,7,-0.4999999999999997,-0.8660254037844388
V6_C2,6,205000.0,1.04,197115.0,149.0,3.3284722222222225,0.6377038348960911,1.4,5.2,3.2223776223776226,0.6362765344000281,1.3,5.1,28.826896551724136,0.5796616796332599,27.3,30.2,8.073793103448276,0.3093498311098008,7.7,8.9,8.001626016260163,1.602047037839013,3.8,11.0,7.89349593495935,1.5986028652811115,3.7,10.9,30.621951219512194,0.7369116531078906,28.9,31.9,8.182905982905982,0.22640008768831385,7.6,8.7,37.052173913043475,4.0018493055368545,26.0,42.0,99.8360655737705,1.2750670423968622,90.0,100.0,4.695081967213114,1.6641505643011592,-0.40000000000000036,7.800000000000001,4.691735537190083,1.6690110233737974,-0.39999999999999947,7.800000000000001,19.7115,3593.0,24.4421768707483,10.866014159843854,0.017526829268292684,24.114093959731544,1.7950546677880581,0.20833333333333334,-0.00612173869958831,0.009360422606230193,-0.005831276301851817,17.5,1.9,1.0294117647058822,0.4868681470027114,1640.0,1576.923076923077,0.0,9.39,11,-0.5000000000000004,0.8660254037844384
V6_C3,6,170000.0,1.04,163462.0,131.0,3.6256,0.6237120923900292,2.0,4.8,3.5168000000000004,0.6253690523306245,1.9,4.7,27.7248,1.0727306128483247,25.8,31.1,8.4,0.0,8.4,8.4,8.563793103448276,1.77888076936151,2.2,12.9,8.374137931034483,1.7765682938037384,2.0,12.8,29.46206896551724,1.2564030904280612,27.0,32.8,8.110344827586207,0.2503490816213743,7.4,8.8,29.54310344827586,1.2186395934691336,27.0,33.0,98.16379310344827,4.934252889162946,80.0,100.0,4.941818181818182,1.6051169220998642,-0.8999999999999999,8.2,4.86,1.6015588736253417,-0.8999999999999999,8.1,16.3462,3584.0,27.56923076923077,10.753718276393437,0.021082352941176472,27.358778625954198,1.7372689655172415,0.152,-0.003116572851314994,-0.02105514282771568,-9.444049446854983e-18,17.5,2.5,1.25,0.5108392245385739,1511.0,1452.8846153846152,1.0,17.72,4,0.8660254037844387,-0.4999999999999998
V6_C4,6,200000.0,1.04,192308.0,114.0,3.9831858407079648,0.8526118124063657,0.5,6.3,3.87787610619469,0.8506021515535688,0.4,6.2,27.980357142857144,0.6090665263023726,26.6,29.5,8.183185840707964,0.14386418127827125,8.1,8.5,8.314141414141414,1.1308304787344188,3.5,10.9,8.083838383838383,1.1192843076577057,3.3,10.6,29.802020202020202,0.8102632222825069,27.6,31.7,8.35,0.2822041375630995,7.6,8.8,33.63636363636363,2.434675293501505,30.0,39.0,96.16161616161617,8.50654858270617,50.0,100.0,4.323958333333334,1.2296978483536571,0.10000000000000009,8.3,4.194791666666666,1.2298369418377266,0.0,8.2,19.2308,1992.0,19.529411764705884,11.244982055687395,0.00996,17.473684210526315,1.8216630591630576,0.09734513274336283,-0.012070611581364054,0.014214255475590864,0.0033354323364919495,17.0,1.0,1.2142857142857142,0.3813349814585908,1234.0,1186.5384615384614,0.0,16.18,8,-0.8660254037844384,-0.5000000000000004
V6_C5,6,540000.0,1.04,519231.0,146.0,3.2785714285714285,1.1112389458851746,0.6,6.1,3.2035398230088497,1.118587215095438,0.5,6.0,29.058407079646017,0.7162309164394651,27.0,30.4,8.516964285714286,0.171841322604433,8.1,8.9,6.756,2.4394617720664815,2.2,13.5,6.58,2.487788356973098,0.7,13.3,30.738392857142856,1.1097638362285784,27.9,34.0,8.782857142857143,0.2846918519196682,7.7,9.7,27.46728971962617,4.976013705407447,18.0,35.0,96.62162162162163,8.289153980357328,35.0,100.0,3.4449438202247196,2.401089299953965,-2.4000000000000004,10.9,3.347777777777778,2.4479401006926778,-3.5999999999999996,10.8,51.9231,4318.0,31.28985507246377,16.242776226399425,0.007996296296296296,29.575342465753426,1.6799857774968388,0.36607142857142855,0.010538682485677181,-0.003769106576547787,-0.00329882744097747,16.5,1.3,1.2588235294117647,0.178876582701207,1651.0,1587.5,2.0,23.29,12,-2.4492935982947064e-16,1.0
V6_C6,6,115000.0,1.04,110577.0,89.0,4.944578313253012,0.8684515252557683,2.5,8.1,4.844578313253012,0.8684515252557685,2.4,8.0,26.50963855421687,0.7996362675908758,25.1,28.6,8.982089552238806,0.19378633433252995,8.6,9.1,8.702597402597403,1.7918656864883085,3.0,11.7,8.548051948051949,1.8042063709134943,2.5,11.5,28.26103896103896,0.7584880813267267,26.8,30.0,9.056666666666667,0.3137345670006317,8.5,9.8,15.680555555555555,3.275286844287545,10.0,20.0,95.19736842105263,6.5033729440285715,70.0,100.0,3.7309859154929574,1.9264765431292863,-1.4999999999999996,7.8999999999999995,3.6774647887323937,1.9321488542995406,-1.5,7.8,11.0577,1280.0,14.883720930232558,6.012572327364724,0.011130434782608696,14.382022471910112,1.7514004068220892,0.012048192771084338,-0.014024975462766804,-0.02177760936724726,0.0063286930660908965,10.9,3.0,1.3625,0.7621969865882909,1058.0,1017.3076923076924,1.0,12.87,5,0.49999999999999994,-0.8660254037844387
V6_C7,6,115000.0,1.04,110577.0,98.0,3.4765957446808513,0.6869639504581075,2.0,5.0,3.368085106382979,0.6836355637888294,1.9,4.9,28.02127659574468,0.7600045755982137,26.5,29.4,8.88723404255319,0.1438592820161121,8.7,9.6,8.885227272727272,1.533198877617678,4.4,12.4,8.744318181818182,1.5359940399298773,4.3,12.3,29.98409090909091,0.8782017106075942,28.2,32.2,8.912500000000001,0.14288690166235277,8.5,9.3,33.207317073170735,2.5950465866940307,28.0,35.0,94.20454545454545,6.337552903330101,70.0,100.0,5.197402597402597,1.668198999391893,0.2999999999999998,9.9,5.171428571428572,1.6811538286214982,0.1999999999999993,9.9,11.0577,1317.0,13.438775510204081,6.517330309371769,0.011452173913043479,13.438775510204081,1.9628143133462288,0.1702127659574468,-0.012068805054089584,0.02181663090072664,0.003979751971359353,8.5,1.8,1.25,0.7897803675481847,881.0,847.1153846153846,0.0,9.7,9,-1.0,-1.8369701987210297e-16
V7_C1,7,190000.0,1.26,150794.0,134.0,4.273846153846154,0.7939259573538869,1.9,6.8,4.174615384615385,0.7968262178586393,1.8,6.7,27.395419847328245,1.0518015749852765,24.7,29.4,8.325190839694658,0.05455203789520884,8.2,8.5,8.789523809523809,1.79330613294186,4.1,11.9,8.693333333333333,1.7921981918790009,4.0,11.8,29.93173076923077,1.152646968332962,25.4,31.7,8.511881188118812,0.23034197564181638,8.0,8.9,32.46153846153846,5.140592457493617,23.0,40.0,100.0,0.0,100.0,100.0,4.504854368932039,1.663057581023385,-0.5,7.8,4.5077669902912625,1.6684317704434801,-0.5,7.8,15.0794,2204.0,16.82442748091603,7.815645960832997,0.0116,16.44776119402985,2.536310921902526,0.038461538461538464,-0.011998280322600063,0.023430235349800627,0.0002648376253020524,18.4,1.3,1.15,0.3758894736842105,1276.0,1012.6984126984128,2.0,20.0,8,-0.8660254037844384,-0.5000000000000004
V7_C2,7,190000.0,1.26,150794.0,172.0,3.510778443113772,0.7934240225330343,1.8,6.2,3.4107784431137724,0.793424022533034,1.7,6.1,28.803614457831323,0.7999160233398038,26.6,30.4,8.059880239520957,0.22762786165659266,7.8,8.6,8.21,1.7411232199686768,3.0,13.2,8.064666666666668,1.7357332808848722,2.9,13.1,30.641333333333332,1.2602432207282437,23.0,33.0,8.20625,0.25370506250616753,7.4,8.8,33.23776223776224,4.924726405438485,25.0,41.0,98.76666666666667,3.839771851910005,80.0,100.0,4.733561643835617,1.7954838901037529,-0.6000000000000001,10.100000000000001,4.688356164383562,1.7918401358023226,-0.6000000000000001,10.100000000000001,15.0794,4232.0,25.19047619047619,8.91540574803661,0.022273684210526317,24.6046511627907,1.8377188755020093,0.20958083832335328,-0.006174886375303008,-0.006423576407904786,0.00010041405523633767,30.0,1.6,1.3636363636363635,0.3827662733065848,1794.0,1423.809523809524,2.0,31.22,12,-2.4492935982947064e-16,1.0
V7_C3,7,210000.0,1.26,166667.0,108.0,3.920952380952381,0.9102720681726095,2.2,6.3,3.8228571428571425,0.909803142576326,2.1,6.2,27.168571428571425,0.6362924892438465,25.6,28.7,8.098095238095238,0.013734798456646541,8.0,8.1,8.678846153846154,1.2827967834977039,2.3,10.3,8.472115384615385,1.262026166452011,2.2,10.1,29.21442307692308,0.8947981569036714,26.6,31.2,8.143269230769231,0.18631032838127526,7.7,8.7,30.826923076923077,1.101123060345843,27.0,33.0,96.5673076923077,9.879629354193959,45.0,100.0,4.825773195876289,1.349095248561317,0.0,6.9,4.720618556701031,1.328998537772733,0.0,6.7,16.6667,2650.0,25.238095238095237,12.42943452015587,0.012619047619047618,24.537037037037038,2.045851648351654,0.12380952380952381,-0.02426208799802761,0.009419810557960819,0.00010531185298491611,17.0,1.1,1.4166666666666667,0.3048013612487978,1308.007,1038.1007936507938,0.0,19.31,6,1.2246467991473532e-16,-1.0
V7_C4,7,204000.0,1.26,161905.0,95.0,3.5707317073170732,0.9505667971123116,1.4,5.3,3.4707317073170736,0.9505667971123111,1.3,5.2,28.74878048780488,0.6937541284386636,27.6,30.2,8.517283950617283,0.19156599610629696,8.0,8.8,7.702777777777778,1.403915271933041,3.2,9.8,7.519444444444444,1.4236076854037183,2.9,9.7,30.67948717948718,1.0080660376171502,27.8,33.8,8.75945945945946,0.21062133711715703,7.7,9.2,35.311688311688314,2.1475796674135115,31.0,40.0,94.93589743589743,7.494309085210502,80.0,100.0,4.143283582089553,1.4729092918435596,0.6000000000000001,7.1000000000000005,4.061194029850746,1.4989850327633911,0.3999999999999999,7.1,16.1905,2660.0,33.25,10.366083937656093,0.01303921568627451,28.0,1.9307066916822997,0.2804878048780488,-0.02080464181201515,0.017810102925794467,0.007076212263939378,18.0,3.0,2.6,0.4510294117647059,1626.0,1290.4761904761904,1.0,12.79,10,-0.8660254037844386,0.5000000000000001
V7_C5,7,190000.0,1.26,150794.0,124.0,3.163106796116505,1.0055717611956614,0.3,5.7,3.054368932038835,1.0094433234902518,0.2,5.6,28.916504854368934,0.8027034086330419,26.8,30.6,8.683,0.08768054965543413,8.6,8.9,6.636458333333334,2.5495147027028975,1.9,13.4,6.4781249999999995,2.5590377766076964,1.8,13.3,30.404040404040405,1.0358787250661778,28.1,33.9,8.85813953488372,0.2796910548861199,8.2,9.9,26.13186813186813,5.1168757638248,20.0,35.0,97.83505154639175,5.14919170916484,80.0,100.0,3.422093023255814,2.6220064684620126,-1.8000000000000003,12.0,3.369767441860465,2.6212287090752757,-1.8,12.0,15.0794,4898.0,41.15966386554622,23.15093554989104,0.025778947368421054,39.5,1.4875355496714704,0.3786407766990291,0.009173850601372336,-0.007503626156930641,-0.0014932581518710376,19.0,2.6,1.7785714285714285,0.3362213888529677,1300.0,1031.7460317460318,0.0,20.35,1,0.49999999999999994,0.8660254037844387
V7_C6,7,190000.0,1.26,150794.0,57.0,4.718181818181818,0.9453768421837792,2.0,8.3,4.616363636363636,0.9433517148510717,1.9,8.2,26.183636363636364,0.6382161587737074,25.0,27.9,8.709523809523809,0.061721339984836886,8.7,9.1,8.928571428571429,1.3618308754516228,5.6,11.3,8.795918367346939,1.3589148832299782,5.4,11.2,28.19183673469388,0.6126570324870044,27.0,29.8,9.154054054054054,0.14451950001949854,8.9,9.4,14.085106382978724,4.267316574769934,6.0,20.0,94.89583333333333,5.104189282045716,80.0,100.0,4.178260869565218,1.6869318689368529,-1.9000000000000004,6.4,4.147826086956521,1.68334839998997,-1.8999999999999995,6.3,15.0794,1160.0,21.09090909090909,14.457181641319341,0.006105263157894737,20.350877192982455,2.008200371057516,0.03636363636363636,-0.0133395871536957,-0.015196783480498393,0.0006514565316340124,12.6,3.6,1.575,0.4029128330353639,924.0,733.3333333333334,0.0,12.07,6,1.2246467991473532e-16,-1.0
V7_C7,7,180000.0,1.26,142857.0,108.0,3.7163461538461537,0.8210945308116188,2.1,6.0,3.616346153846154,0.8210945308116179,2.0,5.9,27.478846153846156,0.9020659219579718,25.6,29.6,8.756730769230769,0.17723026713220202,8.0,9.1,8.363541666666666,1.940380852017767,3.4,12.6,8.217708333333333,1.933036596253713,3.3,12.5,29.621875,0.9473734466240947,27.8,31.7,8.891397849462365,0.16395645894598873,8.5,9.3,32.372093023255815,2.714000787324461,27.0,35.0,95.46875,9.264480131408517,40.0,100.0,4.477011494252873,1.8443944710887157,0.0,8.6,4.432183908045976,1.837496670009548,0.0,8.5,14.2857,1543.0,14.836538461538462,7.83087067153037,0.008572222222222222,14.287037037037036,2.143028846153843,0.15384615384615385,-0.020234770953430382,0.025477245635740595,-0.003162050405029031,10.0,1.2,1.9599999999999997,0.5344333344333344,990.0,785.7142857142857,0.0,9.62,8,-0.8660254037844384,-0.5000000000000004
V7_C8,7,145000.0,1.26,115079.0,75.0,2.7929577464788733,0.7089879998303361,1.4,5.2,2.692957746478873,0.708987999830336,1.3,5.1,29.060563380281693,0.4746363640392602,28.0,29.9,8.788732394366198,0.09494253265550834,8.0,8.8,7.769354838709678,1.6785619049492027,4.6,11.7,7.625806451612903,1.6818155182227161,4.4,11.6,31.016393442622952,0.8681743925941865,28.7,32.8,9.055102040816326,0.14003158050031073,8.8,9.3,31.53061224489796,3.3360533120260905,20.0,35.0,99.67213114754098,1.247949137256933,95.0,100.0,5.036666666666666,1.7377139343154628,1.0,9.799999999999999,4.993333333333334,1.741503993159961,1.0,9.799999999999999,11.5079,2426.0,33.23287671232877,5.073133340191918,0.01673103448275862,32.346666666666664,1.95583006234126,0.6197183098591549,0.003714058364923832,-0.008513339532222315,-0.0008472212288105575,17.0,7.0,2.125,0.6771474556024527,1586.1,1258.8095238095236,3.0,17.32,12,-2.4492935982947064e-16,1.0
V7_C9,7,400000.0,1.26,317460.0,62.0,3.143859649122807,1.1148378395629126,0.9,7.1,3.03859649122807,1.1123903454730961,0.8,7.0,28.787719298245616,0.7161579473229206,27.0,30.5,8.70408163265306,0.028571428571428872,8.7,8.9,8.0825,1.7388306562980915,4.1,12.3,7.952500000000001,1.7270083069596658,4.0,12.1,31.521052631578947,1.1008983787790332,28.6,33.3,9.0625,0.18838558977475567,8.8,9.6,26.103448275862068,3.097750653829402,20.0,30.0,90.0,14.59992790176863,30.0,100.0,4.9526315789473685,1.8847520221296392,0.7999999999999998,8.1,4.923684210526315,1.8786761023608598,0.7000000000000002,7.999999999999999,31.746,2540.0,45.357142857142854,38.56490565335209,0.00635,40.96774193548387,2.7333333333333307,0.3684210526315789,0.003370792744299091,-0.02356761538222752,-4.081632653062739e-05,13.3,1.4,1.6625,0.2181486396814863,1315.0,1043.6507936507935,0.0,15.07,3,1.0,6.123233995736766e-17
V8_C1,8,195000.0,1.55,125806.0,129.0,3.857142857142857,0.7750539151753066,1.3,5.5,3.757142857142857,0.7750539151753061,1.2,5.4,27.844444444444445,0.7457136775525114,25.6,29.1,8.301574803149608,0.012499218823235176,8.3,8.4,8.896039603960396,1.0046811227528067,6.6,12.3,8.704950495049506,1.2888270820884975,0.7,12.2,30.204950495049502,0.9581624327454888,27.1,32.1,8.402040816326531,0.20204092258581366,8.0,8.9,34.11,4.097042540144964,24.0,41.0,99.48979591836735,3.0025586956474157,80.0,100.0,5.0464646464646465,1.0309806240695127,2.8,8.5,4.9535353535353535,1.3801296250355033,-4.1,8.5,12.5806,2430.0,19.133858267716537,9.224159276633557,0.012461538461538461,18.837209302325583,2.360506050605057,0.11904761904761904,-0.008756182525284597,0.015393293572614064,-7.213110543933302e-05,16.5,1.7,1.1785714285714286,0.464792005577504,1500.0,967.741935483871,0.0,16.55,8,-0.8660254037844384,-0.5000000000000004
V8_C2,8,195000.0,1.55,125806.0,192.0,3.8521505376344085,0.7355973479404383,1.8,5.7,3.7486486486486488,0.7397199902157532,1.7,5.6,28.41945945945946,1.1415329746945255,25.2,30.4,7.817204301075269,0.1244435449241651,7.7,8.6,8.360344827586207,1.2866957711806815,4.4,12.1,8.204597701149424,1.2750525815726312,4.3,12.0,30.30057471264368,1.3870789837289423,27.0,33.3,8.121764705882352,0.2301205059695125,7.1,8.7,32.49112426035503,4.7360300121656875,25.0,40.0,96.29310344827586,10.209949732977641,30.0,100.0,4.483928571428571,1.4381179632785808,0.7000000000000002,9.3,4.412574850299401,1.40601888797398,0.6999999999999997,9.3,12.5806,4561.0,24.00526315789474,11.564631982615982,0.02338974358974359,23.755208333333332,1.8811152531842197,0.11827956989247312,-0.00343498585448587,-0.01457668461801014,-0.0005102107555903635,35.0,1.5,1.4,0.4501780735963046,2436.0,1571.6129032258063,1.0,19.28,1,0.49999999999999994,0.8660254037844387
V8_C3,8,255000.0,1.55,164516.0,146.0,3.99,0.8831190636463133,1.6,6.5,3.8892857142857142,0.8838028059439796,1.5,6.4,27.92357142857143,0.7549939934284563,25.7,29.9,8.13857142857143,0.23767026135937827,8.0,8.6,8.6609375,1.0826647189692604,3.0,10.8,8.4578125,1.0899403563108214,2.8,10.5,30.05078125,1.078931820381389,26.8,33.0,8.356692913385826,0.2804731125333487,7.9,8.9,32.7890625,2.6402467784624033,27.0,39.0,93.65625,8.681991044912278,60.0,100.0,4.686776859504133,1.2627973015466063,-1.5999999999999996,7.5,4.583471074380165,1.2743852836719622,-1.7000000000000002,7.300000000000001,16.4516,3277.0,25.015267175572518,11.89116332073426,0.012850980392156862,22.445205479452056,2.1272098214285684,0.07857142857142857,-0.010694151971040384,0.013319074512949123,0.0042988059952340976,24.0,1.8,1.411764705882353,0.3395764705882353,1638.0,1056.774193548387,1.0,24.0,7,-0.4999999999999997,-0.8660254037844388
V8_C4,8,175000.0,1.55,112903.0,114.0,3.1416666666666666,0.9409311375560327,1.4,5.9,3.0541176470588236,0.9423315740853676,1.3,5.8,29.070588235294117,0.7084227163904604,27.5,30.7,8.695348837209302,0.050659130166439595,8.6,8.9,8.171794871794871,2.194082800169432,3.8,13.2,8.023076923076923,2.2054197160350504,3.7,13.1,31.04659090909091,1.1141667536140782,28.1,33.5,8.7875,0.29935275005504286,7.4,9.6,28.873563218390803,4.312784126672993,20.0,34.0,91.83908045977012,10.090144354671152,50.0,100.0,5.016666666666667,2.316322972444917,0.0,11.399999999999999,4.970833333333333,2.3234528397605896,-0.09999999999999964,11.4,11.2903,3628.0,35.568627450980394,6.214817496378991,0.02073142857142857,31.82456140350877,1.976002673796792,0.40476190476190477,-0.0016708290893537577,0.0011755055373515468,0.00048592460868168415,22.0,4.0,1.55,0.517683321667197,1801.0,1161.9354838709678,2.0,22.45,1,0.49999999999999994,0.8660254037844387
V8_C5,8,200000.0,1.55,129032.0,108.0,4.288349514563107,1.29957013789506,0.3,10.5,4.192233009708738,1.300504375789907,0.2,10.4,26.775728155339806,1.1290692001420057,25.2,31.1,8.666666666666666,0.10218496498151337,8.2,8.9,8.87979797979798,2.158135050812831,3.2,12.2,8.723232323232324,2.1648786685532255,3.0,12.0,28.762626262626263,1.0939150676453833,26.9,32.6,9.038356164383561,0.2942174823844421,8.5,9.8,16.788888888888888,4.007000740121695,10.0,23.0,88.46938775510205,14.491521930726064,20.0,100.0,4.9021978021978025,2.2842931326769587,-2.1999999999999993,9.0,4.839560439560439,2.290991009288295,-2.3000000000000007,8.899999999999999,12.9032,1713.0,16.160377358490567,6.907741402572611,0.008565,15.86111111111111,1.986898107286457,0.0970873786407767,-0.016470243039032023,-0.025070115619884262,0.0006339425003126684,14.1,2.5,1.175,0.4382400334672021,1130.0,729.0322580645161,3.0,10.45,5,0.49999999999999994,-0.8660254037844387
V8_C6,8,199000.0,1.55,128387.0,98.0,4.142708333333333,0.7079614606915847,3.0,5.7,4.042708333333334,0.7079614606915844,2.9,5.6,27.7625,0.8318970077954013,25.4,29.4,8.696875,0.1943697642720166,8.5,8.9,9.160493827160494,0.9975819530677265,6.0,11.8,8.99375,0.9991570814530222,5.8,11.6,30.433333333333334,0.8864254057730967,28.4,32.3,8.909876543209878,0.16778329645081255,8.6,9.5,33.5921052631579,2.204103031947147,28.0,35.0,87.1604938271605,8.694045074249754,60.0,100.0,4.964935064935065,1.2399879279724584,2.1,7.4,4.889473684210526,1.2318635148823291,2.0,7.300000000000001,12.8387,1661.0,17.302083333333332,15.100449482098323,0.008346733668341709,16.948979591836736,2.6708333333333343,0.0,-0.01972909741216077,0.022442078687144915,0.006132463707132328,6.0,1.2,0.6666666666666666,0.0671930575849406,514.0,331.61290322580646,0.0,29.0,8,-0.8660254037844384,-0.5000000000000004
V8_C7,8,135000.0,1.55,87097.0,46.0,4.0125,0.509493212254426,3.1,6.3,3.9174999999999995,0.5073245560074984,3.0,6.2,29.1325,0.4548245646569505,28.2,29.9,8.752500000000001,0.050573632534081384,8.7,8.8,8.683333333333334,1.0866725094788874,5.5,12.3,8.544444444444444,1.0895462868144297,5.4,12.1,31.769444444444446,0.6972679109800899,30.0,33.2,9.092857142857143,0.1385869734367166,8.8,9.3,32.074074074074076,2.110886177850543,29.0,35.0,87.91666666666667,7.404149415795754,75.0,100.0,4.683333333333334,1.361616686149226,-0.7999999999999998,8.200000000000001,4.644444444444444,1.366631823016916,-0.7999999999999998,8.1,8.7097,1482.0,36.146341463414636,41.00034205687177,0.010977777777777777,32.21739130434783,2.6369444444444454,0.0,-0.015749763677311724,-0.003583828122617536,-0.003650042037123321,15.3,4.5,3.06,0.4784746086292478,1002.5,646.7741935483871,0.0,15.52,1,0.49999999999999994,0.8660254037844387
V8_C8,8,100000.0,1.55,64516.0,48.0,3.778048780487805,1.0120553826550085,0.8,5.1,3.680487804878049,1.0077746554153668,0.7,5.0,29.021951219512196,0.6222990419090938,27.4,30.3,8.887804878048781,0.07808688094430317,8.4,8.9,8.624324324324325,1.4780628097850477,5.0,11.6,8.481081081081081,1.480022116546055,4.8,11.4,31.5,0.9574741546155459,29.2,33.3,9.082758620689654,0.1605102700702653,8.8,9.3,25.22222222222222,3.4566917636257286,20.0,30.0,89.07894736842105,7.520715818962143,70.0,100.0,4.835294117647059,1.5874283286977802,1.9000000000000004,9.3,4.788235294117647,1.5862600776253852,1.8999999999999995,9.2,6.4516,1406.0,32.69767441860465,7.376070975412997,0.01406,29.291666666666668,2.4780487804878035,0.1951219512195122,-0.04007661284162605,0.01239210803709193,-3.8191845277267025e-05,19.5,5.8,2.7857142857142856,0.7399978775684093,1490.0,961.2903225806452,0.0,20.91,2,0.8660254037844386,0.5000000000000001
V9_C1,9,88000.0,0.77,114286.0,70.0,4.898571428571429,0.6189033913847094,3.2,6.3,4.797142857142857,0.6183126709086685,3.1,6.2,27.67142857142857,0.5677677768658627,26.7,28.7,8.3,0.0,8.3,8.3,9.629090909090909,1.2125383120747808,7.2,14.0,9.516363636363636,1.2101061533423012,7.1,13.9,30.4,0.8460786350001833,28.9,32.2,8.49622641509434,0.1764634023409602,8.2,8.9,32.2,2.7107467879070066,23.0,36.0,97.96296296296296,5.277088115593155,80.0,100.0,4.758181818181818,1.2833248064782976,1.6000000000000005,8.8,4.745454545454545,1.2820438228221231,1.5999999999999996,8.8,11.4286,640.0,9.411764705882353,5.339895728529869,0.007272727272727273,9.142857142857142,2.7285714285714278,0.0,-0.006499868777884704,0.015340740092730246,-2.394455727918061e-17,14.2,1.9,2.0285714285714285,0.100686119930596,102.0,132.46753246753246,0.0,8.05,8,-0.8660254037844384,-0.5000000000000004
V9_C2,9,175000.0,0.77,227273.0,143.0,3.419424460431655,0.763940746036839,1.7,5.7,3.2985611510791366,0.7592889132880479,1.6,5.6,28.925,0.8817188086651891,20.7,30.2,8.062142857142858,0.29073656328227393,7.7,8.5,9.093442622950821,1.807639331068597,4.8,13.7,8.981147540983606,1.8043717327514817,4.7,13.6,31.25,0.9136476706672559,29.2,33.9,8.274782608695652,0.19003392045358622,7.8,8.8,36.333333333333336,5.10364552453616,25.0,41.0,99.50413223140495,5.016844903160666,45.0,100.0,5.734453781512605,2.022015984060191,1.2000000000000002,10.899999999999999,5.746218487394958,2.032690040147867,1.2000000000000002,10.9,22.7273,3393.0,24.06382978723404,8.90442327157644,0.01938857142857143,23.727272727272727,2.3249999999999993,0.23741007194244604,-0.011100447167857967,0.005827172490642015,-0.005970842294390316,21.0,1.1,1.1666666666666667,0.4466140596094552,1446.0,1877.922077922078,1.0,20.85,11,-0.5000000000000004,0.8660254037844384
V9_C3,9,200000.0,0.77,259740.0,134.0,4.352307692307692,0.5128149075424133,3.2,5.6,4.252307692307692,0.5128149075424132,3.1,5.5,27.52923076923077,0.795573622107469,26.0,29.5,8.20076923076923,0.11101794941552012,8.1,8.6,7.566666666666666,1.6525858525353538,1.5,11.8,7.350793650793651,1.6546538505316946,1.4,11.7,29.535714285714285,1.170672578355829,27.2,33.1,8.0008,0.2977052016622733,7.0,8.8,30.015873015873016,1.0581805289013917,27.0,34.0,97.80952380952381,5.591013197214673,75.0,100.0,3.2161016949152543,1.3633148603214043,0.6000000000000005,6.6000000000000005,3.0940677966101697,1.3629588459954152,0.5,6.6,25.974,2818.0,21.348484848484848,9.400328765149574,0.01409,21.029850746268657,2.006483516483513,0.0,-0.0066510094296693195,-0.00839380159789353,-0.0001728737700669876,15.5,1.7,1.1071428571428572,0.3572235614443797,1205.0,1564.935064935065,1.0,17.17,4,0.8660254037844387,-0.4999999999999998
V9_C7,9,261000.0,0.77,338961.0,69.0,3.9760000000000004,1.0332354572913582,1.8,6.4,3.88,1.0249937779801197,1.9,6.3,28.974,0.9618880243711216,27.1,30.7,8.706122448979592,0.08268454930564582,8.3,8.8,6.5978260869565215,2.8713519177817255,1.3,11.9,6.658695652173913,2.849216351284177,1.7,11.8,30.714285714285715,1.275245074485686,28.2,34.0,8.95897435897436,0.19155588537023166,8.4,9.3,20.790697674418606,2.512427582797957,17.0,35.0,97.14285714285714,6.208193510729726,80.0,100.0,2.553846153846154,2.6850312312058144,-3.6000000000000005,7.5,2.7487179487179487,2.571388299493997,-1.9,7.500000000000001,33.8961,2059.0,29.840579710144926,14.48287344377509,0.00788888888888889,29.840579710144926,1.740285714285715,0.16,0.01669409168344433,-0.034564716586649995,-0.0021761367081532903,10.2,1.5,1.275,0.3927839815451565,1079.5,1401.948051948052,0.0,10.53,3,1.0,6.123233995736766e-17
V9_C8,9,185000.0,0.77,240260.0,93.0,4.908602150537634,0.7940890205789394,3.3,8.9,4.80752688172043,0.7941684958577722,3.2,8.8,26.453763440860214,0.5688583417659682,25.0,27.9,8.97948717948718,0.12205914508317177,8.7,9.7,10.18235294117647,1.893546462932165,4.1,13.5,10.027058823529412,1.8823989402642898,3.9,13.4,28.629411764705882,0.8482227258904859,26.8,30.8,8.984057971014492,0.307563091760812,8.4,9.9,16.324675324675326,6.131114688815522,5.0,28.0,97.67857142857143,6.8304081168718795,60.0,100.0,5.3160493827160495,2.1965004433258977,-1.2000000000000002,9.0,5.261728395061728,2.1846377217535724,-1.2999999999999998,9.0,24.026,1528.0,16.977777777777778,6.124142274780021,0.00825945945945946,16.43010752688172,2.1756483238456674,0.0,-0.018730518432104423,-0.003756349869702637,0.0014208492035858707,11.0,1.2,0.9166666666666666,0.200248674824946,459.0,596.1038961038961,0.0,12.39,6,1.2246467991473532e-16,-1.0
