ID_CULTIVO,VIVEIRO,ORDEM,DIAS,RACAO_ACUM,RACAO_ACUM_POR_PL,DENSIDADE_PL_M2,SUP_05,TEMP_05,PH_05,SAL_14,PESO
V10_C1,10,35,22.0,92.0,0.00044878048780487806,20.5,4.3,28.5,8.5,36.0,2.3
V10_C1,10,42,29.0,170.0,0.0008292682926829268,20.5,4.1,28.4,8.5,35.0,2.3
V10_C1,10,49,36.0,260.0,0.0012682926829268293,20.5,3.8,28.2,8.5,37.0,2.5
V10_C1,10,56,43.0,375.0,0.001829268292682927,20.5,4.0,28.1,8.5,38.0,3.0
V10_C1,10,63,50.0,540.0,0.002634146341463415,20.5,3.2,27.8,8.5,40.0,3.9
V10_C1,10,70,57.0,715.0,0.0034878048780487805,20.5,4.2,29.2,8.5,38.0,4.9
V10_C1,10,77,64.0,885.0,0.004317073170731708,20.5,4.5,28.1,8.5,39.0,5.3
V10_C1,10,84,71.0,1088.0,0.005307317073170731,20.5,3.4,28.0,8.5,40.0,5.5
V10_C1,10,91,78.0,1283.0,0.006258536585365853,20.5,2.5,29.1,8.5,36.0,6.1
V10_C1,10,98,84.0,1493.0,0.007282926829268292,20.5,3.0,28.5,8.5,38.0,7.4
V10_C1,10,105,91.0,1747.0,0.008521951219512195,20.5,2.1,28.7,8.5,40.0,8.0
V10_C1,10,112,98.0,1973.0,0.009624390243902438,20.5,3.6,29.7,8.5,40.0,9.5
V10_C1,10,119,105.0,2191.0,0.01068780487804878,20.5,3.0,28.7,8.4,38.0,9.9
V10_C1,10,126,112.0,2415.0,0.011780487804878049,20.5,2.7,30.0,8.4,40.0,11.0
V10_C1,10,133,119.0,2631.0,0.012834146341463414,20.5,3.1,29.4,8.4,40.0,11.9
V10_C1,10,140,126.0,2826.0,0.013785365853658537,20.5,2.9,28.7,7.6,38.0,12.5
V10_C1,10,147,133.0,3027.0,0.014765853658536585,20.5,3.5,29.3,7.6,40.0,13.0
V10_C1,10,154,140.0,3266.0,0.01593170731707317,20.5,3.3,28.7,7.6,38.0,14.5
V10_C1,10,161,147.0,3506.0,0.017102439024390244,20.5,3.5,29.4,7.6,38.0,17.0
V10_C1,10,168,154.0,3749.0,0.01828780487804878,20.5,4.8,28.1,7.9,34.0,19.0
V10_C1,10,175,161.0,3994.0,0.019482926829268294,20.5,2.2,29.2,7.7,33.0,20.0
V10_C1,10,182,168.0,4239.0,0.020678048780487804,20.5,3.4,29.9,7.7,,22.0
V10_C2,10,28,21.0,75.0,0.0003846153846153846,19.5,5.0,29.0,8.1,,1.6
V10_C2,10,35,28.0,181.0,0.0009282051282051282,19.5,4.1,29.1,8.1,29.0,2.4
V10_C2,10,42,35.0,351.0,0.0018,19.5,4.4,28.3,8.1,30.0,2.8
V10_C2,10,49,42.0,526.0,0.0026974358974358975,19.5,4.5,28.4,8.1,30.0,3.6
V10_C2,10,56,49.0,721.0,0.0036974358974358975,19.5,4.0,27.7,8.1,30.0,4.3
V10_C2,10,63,56.0,917.0,0.004702564102564102,19.5,4.0,26.9,8.1,30.0,5.3
V10_C2,10,70,63.0,1122.0,0.005753846153846154,19.5,4.5,27.0,8.1,32.0,6.0
V10_C2,10,77,70.0,1350.0,0.006923076923076923,19.5,3.6,27.0,8.1,30.0,7.1
V10_C2,10,84,77.0,1605.0,0.00823076923076923,19.5,3.8,27.3,8.1,30.0,8.2
V10_C2,10,91,84.0,1850.0,0.009487179487179488,19.5,3.0,27.8,8.1,30.0,9.7
V10_C2,10,98,91.0,2095.0,0.010743589743589743,19.5,3.2,27.0,8.1,30.0,11.0
V10_C2,10,105,98.0,2300.0,0.011794871794871795,19.5,4.0,25.9,8.1,30.0,11.8
V10_C2,10,112,105.0,2470.0,0.012666666666666666,19.5,3.7,26.7,8.1,30.0,12.8
V10_C2,10,119,112.0,2640.0,0.01353846153846154,19.5,4.1,26.9,8.1,30.0,14.0
V10_C2,10,126,119.0,2815.0,0.014435897435897436,19.5,3.6,26.6,8.1,30.0,15.5
V10_C2,10,133,126.0,3030.0,0.01553846153846154,19.5,3.6,27.4,8.1,29.0,16.0
V10_C2,10,140,133.0,3240.0,0.016615384615384615,19.5,2.4,28.1,8.1,30.0,17.0
V10_C2,10,147,140.0,3450.0,0.01769230769230769,19.5,3.3,27.4,8.1,30.0,18.2
V10_C3,10,35,24.0,98.0,0.00049,20.0,4.9,27.1,8.0,32.0,1.2
V10_C3,10,42,31.0,128.0,0.00064,20.0,4.5,27.9,8.0,33.0,1.6
V10_C3,10,49,38.0,193.0,0.000965,20.0,5.6,27.6,8.0,34.0,2.1
V10_C3,10,56,45.0,283.0,0.001415,20.0,3.9,28.2,8.0,36.0,2.2
V10_C3,10,63,52.0,383.0,0.001915,20.0,4.5,28.1,8.0,37.0,2.2
V10_C3,10,70,59.0,523.0,0.002615,20.0,3.8,28.8,8.0,38.0,2.6
V10_C3,10,77,66.0,643.0,0.003215,20.0,4.4,28.2,8.0,40.0,3.1
V10_C3,10,84,73.0,793.0,0.003965,20.0,4.0,28.9,8.1,32.0,3.6
V10_C3,10,91,80.0,943.0,0.004715,20.0,4.4,28.4,8.1,33.0,4.5
V10_C3,10,98,87.0,1118.0,0.00559,20.0,4.3,28.8,8.1,30.0,5.5
V10_C3,10,105,94.0,1298.0,0.00649,20.0,3.4,28.7,8.2,30.0,6.5
V10_C3,10,112,101.0,1478.0,0.00739,20.0,2.5,29.4,8.2,30.0,7.3
V10_C3,10,119,108.0,1643.0,0.008215,20.0,2.9,29.9,,30.0,7.8
V10_C3,10,126,115.0,1803.0,0.009015,20.0,,,,30.0,8.5
V10_C3,10,133,122.0,1983.0,0.009915,20.0,3.1,29.1,8.6,32.0,9.5
V10_C3,10,140,129.0,2163.0,0.010815,20.0,,,,33.0,10.2
V10_C3,10,147,136.0,2323.0,0.011615,20.0,3.4,28.3,8.8,32.0,12.2
V10_C3,10,154,143.0,2443.0,0.012215,20.0,3.1,28.6,8.8,31.0,13.5
V10_C4,10,42,12.0,360.0,0.0025714285714285713,14.0,3.8,28.0,8.7,25.0,5.8
V10_C4,10,49,19.0,592.0,0.004228571428571429,14.0,,,,25.0,8.0
V10_C4,10,56,26.0,872.0,0.006228571428571429,14.0,,,,,11.0
V10_C4,10,63,33.0,1132.0,0.008085714285714286,14.0,,,,,14.0
V10_C4,10,70,40.0,1402.0,0.010014285714285715,14.0,2.7,28.3,8.6,20.0,17.0
V10_C4,10,77,47.0,1682.0,0.012014285714285713,14.0,2.7,28.7,8.6,18.0,19.0
V10_C4,10,84,54.0,1857.0,0.013264285714285715,14.0,3.0,29.2,8.6,20.0,22.0
V10_C4,10,91,61.0,1978.0,0.014128571428571428,14.0,4.0,29.0,8.6,21.0,24.0
V10_C4,10,98,68.0,2088.0,0.014914285714285715,14.0,5.8,27.5,8.6,,27.0
V10_C5,10,35,19.0,88.0,0.0004888888888888889,18.0,5.2,27.6,,13.0,1.8
V10_C5,10,42,26.0,158.0,0.0008777777777777778,18.0,6.0,27.2,,11.0,2.9
V10_C5,10,49,33.0,283.0,0.0015722222222222223,18.0,4.3,26.0,,11.0,3.3
V10_C5,10,56,40.0,413.0,0.0022944444444444444,18.0,6.3,25.4,9.0,12.0,4.8
V10_C5,10,63,47.0,553.0,0.0030722222222222223,18.0,5.2,26.7,9.0,15.0,5.3
V10_C5,10,70,54.0,693.0,0.00385,18.0,5.8,26.0,9.0,15.0,6.5
V10_C5,10,77,61.0,835.0,0.004638888888888889,18.0,4.0,27.0,9.0,,8.0
V10_C5,10,84,68.0,996.0,0.005533333333333334,18.0,3.6,26.0,8.9,20.0,9.5
V10_C5,10,91,75.0,1158.0,0.0064333333333333334,18.0,4.1,25.8,8.9,20.0,10.0
V10_C5,10,98,82.0,1299.0,0.007216666666666666,18.0,4.8,25.6,8.9,25.0,11.5
V10_C5,10,105,89.0,1417.0,0.007872222222222221,18.0,3.9,26.5,8.9,25.0,12.7
V10_C5,10,112,96.0,1555.0,0.008638888888888889,18.0,3.5,26.6,8.8,25.0,14.2
V10_C6,10,7,4.0,318.0,0.0033473684210526314,9.5,3.9,27.1,9.0,28.0,4.2
V10_C6,10,14,11.0,385.0,0.0040526315789473685,9.5,4.3,27.6,8.8,30.0,7.3
V10_C6,10,21,18.0,455.0,0.004789473684210527,9.5,5.1,27.5,8.8,30.0,9.2
V10_C6,10,28,25.0,554.0,0.005831578947368421,9.5,5.3,27.9,8.8,30.0,12.5
V10_C7,10,49,1.0,,,8.0,4.9,27.8,8.7,35.0,8.7
V10_C7,10,56,8.0,140.0,0.00175,8.0,4.4,28.8,8.7,,10.0
V10_C7,10,63,15.0,270.0,0.003375,8.0,3.3,29.0,8.7,34.0,10.0
V10_C7,10,70,22.0,412.0,0.00515,8.0,3.5,28.1,8.7,35.0,12.0
V10_C7,10,77,29.0,544.0,0.0068,8.0,3.4,29.6,8.7,35.0,14.5
V10_C8,10,35,1.0,145.0,0.00090625,16.0,,,,,1.1
V10_C8,10,42,8.0,265.0,0.00165625,16.0,3.6,29.1,8.9,30.0,3.0
V10_C8,10,49,15.0,405.0,0.00253125,16.0,2.4,28.8,8.9,28.0,4.0
V10_C8,10,56,22.0,599.0,0.00374375,16.0,,,,21.0,4.8
V10_C8,10,70,36.0,1129.0,0.00705625,16.0,3.0,29.5,8.9,20.0,7.3
V10_C8,10,77,43.0,1409.0,0.00880625,16.0,3.5,28.5,8.9,25.0,8.8
V10_C8,10,84,50.0,1689.0,0.01055625,16.0,0.7,29.6,8.9,,9.5
V11A_C1,11A,35,27.0,132.0,0.0004888888888888889,8.63,7.1,26.4,8.7,26.0,1.7
V11A_C1,11A,42,34.0,206.0,0.000762962962962963,8.63,6.7,26.8,8.7,25.0,2.6
V11A_C1,11A,49,41.0,311.0,0.0011518518518518518,8.63,6.1,27.7,8.7,29.0,3.4
V11A_C1,11A,56,48.0,426.0,0.0015777777777777778,8.63,7.0,27.9,8.7,30.0,4.0
V11A_C1,11A,63,55.0,556.0,0.0020592592592592594,8.63,6.3,27.9,8.7,33.0,4.2
V11A_C1,11A,70,62.0,694.0,0.0025703703703703704,8.63,5.2,28.1,8.7,33.0,5.0
V11A_C1,11A,77,69.0,862.0,0.003192592592592593,8.63,5.3,27.6,8.7,34.0,6.0
V11A_C1,11A,84,76.0,1045.0,0.0038703703703703704,8.63,6.3,27.7,8.4,35.0,6.7
V11A_C1,11A,91,83.0,1251.0,0.004633333333333333,8.63,5.6,28.3,8.4,34.0,7.7
V11A_C1,11A,98,90.0,1463.0,0.005418518518518519,8.63,5.0,28.7,8.4,35.0,8.6
V11A_C1,11A,105,97.0,1670.0,0.006185185185185185,8.63,4.3,28.7,8.4,35.0,9.2
V11A_C1,11A,112,104.0,1870.0,0.006925925925925926,8.63,3.8,28.6,8.4,37.0,9.6
V11A_C1,11A,119,111.0,2082.0,0.007711111111111111,8.63,4.4,28.5,8.4,40.0,11.0
V11A_C1,11A,126,118.0,2298.0,0.008511111111111112,8.63,4.2,27.7,8.4,40.0,12.0
V11A_C1,11A,133,125.0,2490.0,0.009222222222222222,8.63,4.8,29.3,8.4,38.0,13.9
V11A_C1,11A,140,132.0,2702.0,0.010007407407407408,8.63,4.8,28.5,8.4,39.0,15.0
V11A_C1,11A,154,146.0,,,8.63,,,,36.0,17.5
V11A_C2,11A,21,14.0,31.0,0.00014418604651162791,6.87,6.6,29.8,8.3,40.0,1.5
V11A_C2,11A,28,21.0,53.0,0.0002465116279069767,6.87,5.5,28.7,8.3,40.0,2.5
V11A_C2,11A,35,28.0,151.0,0.0007023255813953488,6.87,4.0,29.9,8.3,40.0,4.0
V11A_C2,11A,42,35.0,282.0,0.0013116279069767442,6.87,3.8,29.7,8.3,40.0,5.0
V11A_C2,11A,49,42.0,480.0,0.0022325581395348836,6.87,4.1,28.8,7.6,39.0,6.2
V11A_C2,11A,56,49.0,747.0,0.003474418604651163,6.87,4.7,29.5,7.6,40.0,8.0
V11A_C2,11A,63,56.0,1012.0,0.004706976744186047,6.87,3.3,28.9,7.6,39.0,8.5
V11A_C2,11A,70,63.0,1278.0,0.005944186046511628,6.87,4.3,29.9,7.6,37.0,8.5
V11A_C2,11A,77,70.0,1544.0,0.007181395348837209,6.87,6.0,28.3,7.9,35.0,10.0
V11A_C2,11A,84,77.0,1812.0,0.008427906976744186,6.87,3.5,29.6,7.9,34.0,10.5
V11A_C2,11A,91,84.0,2082.0,0.009683720930232557,6.87,3.0,30.2,7.9,,12.7
V11A_C2,11A,98,91.0,2328.0,0.010827906976744186,6.87,4.1,29.8,7.9,28.0,14.5
V11A_C2,11A,105,98.0,2572.0,0.01196279069767442,6.87,3.9,29.9,7.9,,14.5
V11A_C2,11A,112,105.0,2845.0,0.013232558139534884,6.87,5.3,29.5,7.9,27.0,17.0
V11A_C2,11A,119,112.0,3125.0,0.014534883720930232,6.87,3.7,30.0,8.0,28.0,17.0
V11A_C2,11A,126,119.0,3395.0,0.015790697674418604,6.87,3.5,29.4,8.0,,17.0
V11A_C2,11A,133,126.0,3675.0,0.017093023255813952,6.87,4.1,29.3,8.0,29.0,18.5
V11A_C2,11A,140,133.0,3955.0,0.0183953488372093,6.87,5.5,28.8,8.0,30.0,20.0
V11A_C2,11A,147,140.0,4195.0,0.019511627906976744,6.87,4.4,28.7,8.0,30.0,22.0
V11A_C3,11A,28,20.0,106.0,0.0003212121212121212,10.54,4.7,27.6,8.0,28.0,3.8
V11A_C3,11A,35,27.0,210.0,0.0006363636363636364,10.54,5.5,27.6,8.0,30.0,5.0
V11A_C3,11A,42,34.0,352.0,0.0010666666666666667,10.54,5.5,27.6,8.0,30.0,6.0
V11A_C3,11A,49,41.0,482.0,0.0014606060606060607,10.54,4.8,26.2,8.0,30.0,7.5
V11A_C3,11A,56,48.0,652.0,0.0019757575757575756,10.54,4.8,27.1,8.0,30.0,8.7
V11A_C3,11A,63,55.0,862.0,0.0026121212121212123,10.54,3.8,27.3,8.0,30.0,8.8
V11A_C3,11A,70,62.0,1108.0,0.0033575757575757576,10.54,5.5,26.5,8.0,30.0,10.7
V11A_C3,11A,77,69.0,1388.0,0.004206060606060606,10.54,5.4,27.8,8.0,29.0,13.0
V11A_C3,11A,84,76.0,1683.0,0.0051,10.54,5.9,28.4,8.0,30.0,14.3
V11A_C3,11A,91,83.0,1910.0,0.005787878787878788,10.54,3.9,27.8,8.0,30.0,17.0
V11A_C3,11A,98,90.0,2155.0,0.00653030303030303,10.54,4.7,27.4,8.0,32.0,18.7
V11A_C3,11A,105,97.0,2380.0,0.007212121212121212,10.54,4.4,27.8,8.0,31.0,19.2
V11A_C4,11A,28,19.0,90.0,0.00012,23.96,6.0,28.2,8.1,33.0,1.2
V11A_C4,11A,35,26.0,154.0,0.00020533333333333333,23.96,4.9,27.7,8.1,36.0,1.8
V11A_C4,11A,42,33.0,286.0,0.00038133333333333335,23.96,4.0,28.6,8.1,36.0,2.6
V11A_C4,11A,49,40.0,425.0,0.0005666666666666667,23.96,5.0,28.2,8.1,38.0,3.5
V11A_C4,11A,56,47.0,583.0,0.0007773333333333333,23.96,4.0,29.3,8.1,38.0,4.0
V11A_C4,11A,63,54.0,803.0,0.0010706666666666666,23.96,3.9,28.5,8.1,,4.0
V11A_C4,11A,70,61.0,1047.0,0.001396,23.96,3.9,29.1,8.5,34.0,4.9
V11A_C4,11A,77,68.0,1342.0,0.0017893333333333333,23.96,4.6,28.7,8.5,36.0,6.1
V11A_C4,11A,84,75.0,1667.0,0.0022226666666666666,23.96,3.9,28.5,8.5,33.0,7.0
V11A_C4,11A,91,82.0,1997.0,0.0026626666666666665,23.96,4.7,29.3,8.3,33.0,7.7
V11A_C4,11A,98,89.0,,,23.96,2.7,30.0,8.2,33.0,8.4
V11A_C4,11A,105,96.0,2604.0,0.003472,23.96,4.7,30.5,,33.0,9.0
V11A_C4,11A,112,103.0,2945.0,0.003926666666666667,23.96,4.6,29.5,8.3,33.0,9.5
V11A_C4,11A,119,110.0,3303.0,0.004404,23.96,3.6,29.1,8.8,35.0,10.2
V11A_C4,11A,126,117.0,3663.0,0.004884,23.96,,,,35.0,11.7
V11A_C4,11A,133,124.0,4029.0,0.005372,23.96,3.4,28.5,8.7,35.0,12.3
V11A_C4,11A,140,131.0,4389.0,0.005852,23.96,4.5,28.8,8.7,34.0,13.5
V11A_C4,11A,147,138.0,4749.0,0.006332,23.96,2.9,29.6,8.7,35.0,13.5
V11A_C4,11A,154,145.0,5088.0,0.006784,23.96,3.0,28.9,8.7,35.0,15.6
V11A_C4,11A,161,152.0,5434.0,0.007245333333333334,23.96,5.7,30.1,8.7,30.0,16.0
V11A_C4,11A,168,159.0,5779.0,0.007705333333333333,23.96,2.8,29.8,8.7,28.0,16.7
V11A_C4,11A,175,166.0,6120.0,0.00816,23.96,2.4,30.0,8.7,26.0,17.8
V11A_C4,11A,189,180.0,6523.0,0.008697333333333333,23.96,4.2,27.7,8.2,22.0,19.6
V11A_C5,11A,14,10.0,46.0,0.000184,7.99,6.1,29.5,8.4,,2.0
V11A_C5,11A,21,17.0,274.0,0.001096,7.99,3.4,28.4,8.4,17.0,4.0
V11A_C5,11A,28,24.0,484.0,0.001936,7.99,1.5,29.1,8.4,18.0,6.0
V11A_C5,11A,35,31.0,679.0,0.002716,7.99,8.1,29.6,8.4,20.0,8.0
V11A_C5,11A,42,38.0,939.0,0.003756,7.99,6.5,29.4,8.4,20.0,8.8
V11A_C5,11A,49,45.0,1274.0,0.005096,7.99,4.8,27.8,8.4,,10.0
V11A_C5,11A,56,52.0,1592.0,0.006368,7.99,4.7,27.8,8.4,21.0,11.2
V11A_C5,11A,63,59.0,1887.0,0.007548,7.99,4.3,27.3,,20.0,13.7
V11A_C5,11A,70,66.0,2172.0,0.008688,7.99,4.3,27.8,8.5,16.0,14.0
V11A_C6,11A,35,15.0,50.0,0.00017857142857142857,8.95,5.8,26.1,8.9,10.0,1.2
V11A_C6,11A,42,22.0,162.0,0.0005785714285714286,8.95,5.0,26.9,6.4,10.0,2.8
V11A_C6,11A,49,29.0,283.0,0.0010107142857142858,8.95,5.2,26.3,8.9,15.0,3.7
V11A_C6,11A,56,36.0,458.0,0.0016357142857142857,8.95,4.8,27.3,8.9,,4.0
V11A_C6,11A,63,43.0,674.0,0.0024071428571428573,8.95,5.5,26.1,9.0,17.0,5.0
V11A_C6,11A,70,50.0,914.0,0.0032642857142857144,8.95,3.6,26.2,9.0,23.0,6.3
V11A_C6,11A,77,57.0,1159.0,0.004139285714285714,8.95,4.2,25.9,9.0,22.0,8.0
V11A_C6,11A,84,64.0,1409.0,0.005032142857142857,8.95,3.7,26.5,9.0,25.0,9.3
V11A_C6,11A,91,71.0,1661.0,0.005932142857142857,8.95,4.4,26.6,8.8,25.0,10.2
V11A_C6,11A,98,78.0,1911.0,0.006825,8.95,3.1,27.0,8.8,26.0,13.0
V11A_C6,11A,105,85.0,2121.0,0.007575,8.95,4.8,26.6,8.8,28.0,14.8
V11A_C7,11A,35,24.0,118.0,0.0004214285714285714,8.95,4.6,27.7,8.5,35.0,2.0
V11A_C7,11A,42,31.0,217.0,0.000775,8.95,5.0,28.6,8.8,35.0,2.5
V11A_C7,11A,49,38.0,352.0,0.001257142857142857,8.95,5.1,29.2,8.8,35.0,3.5
V11A_C7,11A,56,45.0,542.0,0.0019357142857142856,8.95,4.5,28.1,8.8,35.0,4.0
V11A_C7,11A,63,52.0,767.0,0.0027392857142857145,8.95,3.0,29.2,8.8,,4.4
V11A_C7,11A,70,59.0,1042.0,0.0037214285714285713,8.95,3.7,29.1,8.8,33.0,5.1
V11A_C7,11A,77,66.0,1307.0,0.004667857142857143,8.95,3.5,28.7,8.8,35.0,6.4
V11A_C7,11A,84,73.0,1597.0,0.0057035714285714285,8.95,3.2,29.3,8.8,8.8,6.5
V11A_C7,11A,91,80.0,1932.0,0.0069,8.95,3.6,29.3,8.8,36.0,6.5
V11A_C7,11A,98,87.0,2282.0,0.00815,8.95,3.1,29.1,8.8,35.0,9.0
V11A_C7,11A,105,94.0,2632.0,0.0094,8.95,2.0,30.0,8.8,,9.5
V11A_C7,11A,112,101.0,2952.0,0.010542857142857142,8.95,4.5,29.4,8.8,33.0,10.0
V11A_C7,11A,119,108.0,3302.0,0.011792857142857143,8.95,3.4,29.0,8.7,30.0,10.5
V11A_C7,11A,126,115.0,3662.0,0.013078571428571429,8.95,3.9,29.7,8.7,30.0,12.5
V11A_C7,11A,133,122.0,4082.0,0.014578571428571429,8.95,3.2,29.1,8.7,,14.0
V11A_C7,11A,140,129.0,4502.0,0.016078571428571428,8.95,4.6,29.5,8.7,30.0,15.8
V11A_C7,11A,147,136.0,4892.0,0.017471428571428572,8.95,2.8,29.1,8.7,30.0,16.2
V11B_C1,11B,28,18.0,68.0,0.00017,8.08,7.3,26.0,8.5,28.0,1.0
V11B_C1,11B,35,25.0,128.0,0.00032,8.08,6.2,26.8,8.5,27.0,2.4
V11B_C1,11B,42,32.0,198.0,0.000495,8.08,5.0,27.4,8.5,31.0,3.6
V11B_C1,11B,49,39.0,303.0,0.0007575,8.08,5.8,27.9,8.2,32.0,4.7
V11B_C1,11B,56,46.0,433.0,0.0010825,8.08,3.2,27.9,8.2,33.0,5.4
V11B_C1,11B,63,53.0,571.0,0.0014275,8.08,3.4,28.2,8.2,32.0,6.5
V11B_C1,11B,70,60.0,751.0,0.0018775,8.08,3.9,27.36,8.2,33.0,6.5
V11B_C1,11B,77,67.0,946.0,0.002365,8.08,4.4,27.7,8.2,34.0,8.0
V11B_C1,11B,84,74.0,1166.0,0.002915,8.08,4.4,28.4,8.2,35.0,9.5
V11B_C1,11B,91,81.0,1408.0,0.00352,8.08,4.0,28.7,8.2,35.0,10.8
V11B_C1,11B,98,88.0,1650.0,0.004125,8.08,4.1,28.8,8.2,35.0,11.7
V11B_C1,11B,105,95.0,1875.0,0.0046875,8.08,3.7,28.6,8.2,38.0,13.0
V11B_C1,11B,112,102.0,2120.0,0.0053,8.08,3.8,28.4,8.2,40.0,14.0
V11B_C1,11B,119,109.0,2366.0,0.005915,8.08,3.6,27.6,8.2,40.0,14.0
V11B_C1,11B,126,116.0,2618.0,0.006545,8.08,3.1,29.4,8.2,38.0,15.2
V11B_C1,11B,133,123.0,2895.0,0.0072375,8.08,3.0,28.3,8.2,38.0,16.4
V11B_C1,11B,140,130.0,3043.0,0.0076075,8.08,4.4,27.5,8.2,41.0,15.0
V11B_C1,11B,147,137.0,3121.0,0.0078025,8.08,,,,36.0,17.0
V11B_C2,11B,14,14.0,58.0,0.00014871794871794872,7.88,4.7,29.3,8.3,40.0,1.8
V11B_C2,11B,21,21.0,95.0,0.0002435897435897436,7.88,4.0,28.2,8.3,40.0,3.0
V11B_C2,11B,28,28.0,285.0,0.0007307692307692308,7.88,3.8,29.7,8.3,39.0,4.2
V11B_C2,11B,35,35.0,515.0,0.0013205128205128205,7.88,4.0,29.7,8.3,40.0,5.5
V11B_C2,11B,42,42.0,795.0,0.0020384615384615385,7.88,2.7,28.9,7.8,40.0,6.1
V11B_C2,11B,49,49.0,1130.0,0.0028974358974358976,7.88,4.0,29.5,7.8,40.0,7.0
V11B_C2,11B,56,56.0,1480.0,0.0037948717948717947,7.88,2.7,29.0,7.8,39.0,8.0
V11B_C2,11B,63,63.0,1844.0,0.004728205128205128,7.88,4.0,29.6,7.8,37.0,8.0
V11B_C2,11B,70,70.0,2198.0,0.005635897435897436,7.88,4.9,28.1,7.8,35.0,9.9
V11B_C2,11B,77,77.0,2560.0,0.006564102564102564,7.88,2.8,29.7,7.8,34.0,10.3
V11B_C2,11B,84,84.0,2924.0,0.0074974358974358975,7.88,2.9,30.2,7.8,,10.5
V11B_C2,11B,91,91.0,3281.0,0.008412820512820513,7.88,3.0,29.8,7.8,28.0,12.5
V11B_C2,11B,98,98.0,3666.0,0.0094,7.88,3.6,29.7,7.8,,12.8
V11B_C2,11B,105,105.0,4087.0,0.01047948717948718,7.88,5.1,29.5,7.9,27.0,13.0
V11B_C2,11B,112,112.0,4507.0,0.011556410256410257,7.88,3.1,30.0,8.0,27.0,14.0
V11B_C2,11B,119,119.0,4897.0,0.012556410256410256,7.88,3.1,29.3,8.0,,15.0
V11B_C2,11B,126,126.0,5317.0,0.013633333333333334,7.88,2.8,29.3,8.0,29.0,16.5
V11B_C2,11B,133,133.0,5707.0,0.014633333333333333,7.88,4.0,28.7,8.0,30.0,17.0
V11B_C2,11B,140,140.0,5997.0,0.015376923076923076,7.88,4.2,28.7,8.0,31.0,19.0
V11B_C2,11B,147,147.0,6312.0,0.016184615384615384,7.88,3.1,28.1,8.0,32.0,19.6
V11B_C2,11B,154,154.0,6582.0,0.016876923076923078,7.88,3.4,27.1,8.0,30.0,21.5
V11B_C2,11B,161,161.0,6827.0,0.017505128205128204,7.88,5.1,27.4,8.0,30.0,23.0
V11B_C2,11B,168,168.0,7072.0,0.018133333333333335,7.88,4.4,27.5,8.0,30.0,24.0
V11B_C3,11B,21,13.0,48.0,0.0001032258064516129,9.39,5.5,26.2,8.2,30.0,1.1
V11B_C3,11B,28,20.0,76.0,0.00016344086021505375,9.39,4.2,27.2,8.3,30.0,1.5
V11B_C3,11B,35,27.0,125.0,0.00026881720430107527,9.39,3.8,27.6,8.3,30.0,3.1
V11B_C3,11B,42,34.0,263.0,0.0005655913978494624,9.39,3.9,26.5,8.3,30.0,4.7
V11B_C3,11B,49,41.0,523.0,0.0011247311827956988,9.39,2.2,28.0,8.3,29.0,5.3
V11B_C3,11B,56,48.0,863.0,0.0018559139784946237,9.39,3.5,28.2,8.3,30.0,5.9
V11B_C3,11B,63,55.0,1248.0,0.0026838709677419353,9.39,4.2,27.6,8.3,30.0,7.3
V11B_C3,11B,70,62.0,1633.0,0.0035118279569892473,9.39,3.5,27.3,8.3,32.0,8.5
V11B_C3,11B,77,69.0,2033.0,0.004372043010752688,9.39,3.4,27.8,8.3,31.0,10.2
V11B_C3,11B,84,76.0,2526.0,0.005432258064516129,9.39,2.8,28.4,8.3,31.0,12.0
V11B_C3,11B,91,83.0,3015.0,0.006483870967741935,9.39,3.2,27.3,8.3,32.0,14.0
V11B_C3,11B,98,90.0,3505.0,0.007537634408602151,9.39,2.8,28.2,8.3,32.0,15.0
V11B_C3,11B,105,97.0,4000.0,0.008602150537634409,9.39,2.1,27.4,8.3,32.0,15.5
V11B_C3,11B,112,104.0,4525.0,0.009731182795698925,9.39,2.9,28.0,8.2,35.0,17.0
V11B_C4,11B,14,4.0,173.0,0.0005440251572327044,6.42,3.2,28.3,8.3,36.0,3.0
V11B_C4,11B,21,11.0,368.0,0.0011572327044025157,6.42,4.9,28.3,8.2,38.0,5.1
V11B_C4,11B,28,18.0,598.0,0.0018805031446540881,6.42,4.4,29.2,8.2,38.0,6.8
V11B_C4,11B,35,25.0,840.0,0.0026415094339622643,6.42,5.1,28.5,8.2,,8.8
V11B_C4,11B,42,32.0,1099.0,0.0034559748427672957,6.42,3.8,29.2,8.4,36.0,10.5
V11B_C4,11B,49,39.0,1424.0,0.004477987421383648,6.42,4.5,28.8,8.4,37.0,10.8
V11B_C4,11B,56,46.0,1779.0,0.00559433962264151,6.42,3.3,28.6,8.1,37.0,12.3
V11B_C4,11B,63,52.0,2165.0,0.0068081761006289305,6.42,3.7,29.1,8.1,37.0,13.8
V11B_C4,11B,70,60.0,,,6.42,2.3,29.8,8.1,36.0,13.9
V11B_C4,11B,77,67.0,2834.0,0.008911949685534592,6.42,3.3,30.5,,35.0,15.5
V11B_C4,11B,84,74.0,3192.0,0.010037735849056604,6.42,3.6,29.6,8.4,35.0,16.5
V11B_C4,11B,91,81.0,3560.0,0.01119496855345912,6.42,3.3,29.1,8.8,35.0,17.7
V11B_C4,11B,98,88.0,3938.0,0.012383647798742138,6.42,,,,35.0,17.7
V11B_C4,11B,105,95.0,4140.0,0.013018867924528301,6.42,3.3,28.5,8.9,35.0,19.0
V11B_C4,11B,112,102.0,4300.0,0.013522012578616353,6.42,3.1,28.7,8.6,34.0,19.6
V11B_C5,11B,14,14.0,101.0,0.00018035714285714286,11.31,4.6,29.6,8.8,28.0,3.3
V11B_C5,11B,21,21.0,197.0,0.0003517857142857143,11.31,3.5,30.1,8.8,26.0,6.1
V11B_C5,11B,35,35.0,500.0,0.0008928571428571428,11.31,2.3,27.5,8.8,22.0,9.1
V11B_C5,11B,42,42.0,721.0,0.0012875,11.31,,,,25.0,12.0
V11B_C5,11B,49,49.0,925.0,0.0016517857142857144,11.31,,,,,12.7
V11B_C5,11B,56,56.0,1135.0,0.0020267857142857145,11.31,4.3,29.3,8.6,,14.0
V11B_C5,11B,63,63.0,1345.0,0.0024017857142857144,11.31,3.7,28.1,8.6,20.0,16.5
V11B_C5,11B,70,70.0,1555.0,0.0027767857142857143,11.31,3.6,29.0,8.6,17.0,19.0
V11B_C5,11B,77,77.0,1735.0,0.0030982142857142857,11.31,4.3,29.5,8.6,20.0,20.5
V11B_C5,11B,84,84.0,1915.0,0.003419642857142857,11.31,4.3,29.3,8.5,20.0,21.0
V11B_C5,11B,91,91.0,2115.0,0.0037767857142857143,11.31,4.4,27.8,8.5,,21.0
V11B_C5,11B,98,98.0,2325.0,0.004151785714285715,11.31,4.3,27.9,8.5,21.0,21.3
V11B_C5,11B,105,105.0,2505.0,0.004473214285714286,11.31,3.4,28.3,,20.0,22.0
V11B_C5,11B,112,112.0,2715.0,0.0048482142857142856,11.31,3.9,27.6,8.4,16.0,22.0
V11B_C6,11B,14,4.0,65.0,0.00013,10.1,5.5,27.5,,6.0,5.3
V11B_C6,11B,21,11.0,300.0,0.0006,10.1,4.2,26.5,,7.0,8.5
V11B_C6,11B,28,18.0,551.0,0.001102,10.1,3.5,25.8,9.1,10.0,10.8
V11B_C6,11B,35,25.0,821.0,0.001642,10.1,4.4,27.0,9.1,10.0,13.0
V11B_C6,11B,42,32.0,1066.0,0.002132,10.1,4.0,26.5,9.0,10.0,16.0
V11B_C6,11B,49,39.0,1284.0,0.002568,10.1,5.1,27.3,9.0,,18.0
V11B_C7,11B,14,7.0,21.0,4.883720930232558e-05,8.69,3.1,26.4,8.3,28.0,4.0
V11B_C7,11B,21,14.0,42.0,9.767441860465116e-05,8.69,1.5,26.2,8.3,28.0,4.8
V11B_C7,11B,28,21.0,84.0,0.00019534883720930232,8.69,2.6,26.8,8.9,30.0,1.1
V11B_C7,11B,35,28.0,147.0,0.0003418604651162791,8.69,3.3,27.0,8.9,30.0,3.0
V11B_C7,11B,42,35.0,282.0,0.0006558139534883721,8.69,3.7,26.5,8.8,30.0,3.8
V11B_C7,11B,49,42.0,470.0,0.0010930232558139534,8.69,3.4,27.3,8.8,30.0,5.0
V11B_C7,11B,56,49.0,666.0,0.0015488372093023256,8.69,3.6,27.3,8.7,30.0,5.5
V11B_C7,11B,63,56.0,890.0,0.002069767441860465,8.69,3.0,26.6,8.7,33.0,5.9
V11B_C7,11B,70,63.0,1175.0,0.0027325581395348836,8.69,3.3,27.8,8.7,30.0,7.0
V11B_C7,11B,77,70.0,1493.0,0.003472093023255814,8.69,2.1,26.6,8.7,30.0,7.5
V11B_C7,11B,84,77.0,1835.0,0.004267441860465116,8.69,3.3,27.0,8.7,35.0,8.5
V11B_C7,11B,98,91.0,2579.0,0.0059976744186046515,8.69,4.2,28.4,8.9,36.0,10.2
V11B_C7,11B,105,98.0,2889.0,0.006718604651162791,8.69,1.5,29.0,8.9,38.0,12.0
V11B_C8,11B,42,26.0,200.0,0.00044444444444444447,9.09,4.2,28.8,8.9,38.0,2.3
V11B_C8,11B,49,34.0,400.0,0.0008888888888888889,9.09,1.5,29.6,8.9,,3.1
V11B_C8,11B,56,41.0,680.0,0.001511111111111111,9.09,3.6,29.6,8.6,35.0,3.4
V11B_C8,11B,63,48.0,1040.0,0.002311111111111111,9.09,2.8,29.1,8.7,32.0,5.0
V11B_C8,11B,70,55.0,1425.0,0.0031666666666666666,9.09,3.1,29.2,8.7,30.0,7.0
V11B_C8,11B,77,62.0,1845.0,0.0041,9.09,2.0,29.1,8.7,,7.5
V11B_C8,11B,84,69.0,2280.0,0.005066666666666666,9.09,2.9,29.7,8.8,33.0,8.7
V11B_C8,11B,91,76.0,2675.0,0.005944444444444444,9.09,2.6,29.0,8.8,30.0,9.5
V11B_C8,11B,98,83.0,3125.0,0.006944444444444444,9.09,,,,23.0,10.0
V11B_C8,11B,105,90.0,3515.0,0.007811111111111111,9.09,3.4,29.3,8.8,20.0,11.4
V11B_C8,11B,112,97.0,3870.0,0.0086,9.09,2.9,29.2,8.8,21.0,11.4
V11B_C8,11B,119,104.0,4220.0,0.009377777777777778,9.09,3.5,29.0,8.8,,11.4
V11B_C8,11B,126,111.0,4610.0,0.010244444444444445,9.09,2.8,29.6,8.8,,11.4
V11B_C8,11B,133,118.0,5010.0,0.011133333333333334,9.09,1.6,29.2,8.8,,14.5
V11C_C1,11C,35,28.0,110.0,0.0004583333333333333,8.05,5.0,26.1,8.7,25.0,2.3
V11C_C1,11C,42,35.0,187.0,0.0007791666666666666,8.05,3.8,26.8,8.7,27.0,4.0
V11C_C1,11C,49,42.0,293.0,0.0012208333333333333,8.05,4.6,27.9,8.7,31.0,5.0
V11C_C1,11C,56,49.0,413.0,0.0017208333333333333,8.05,3.6,28.1,8.7,30.0,5.6
V11C_C1,11C,63,56.0,543.0,0.0022625,8.05,4.6,27.9,8.7,33.0,6.4
V11C_C1,11C,70,63.0,708.0,0.00295,8.05,3.9,28.3,8.7,30.0,6.8
V11C_C1,11C,77,70.0,883.0,0.0036791666666666665,8.05,3.8,27.5,8.7,34.0,8.0
V11C_C1,11C,84,77.0,1058.0,0.0044083333333333335,8.05,5.1,27.5,8.2,33.0,8.0
V11C_C1,11C,91,84.0,1223.0,0.005095833333333333,8.05,4.7,28.6,8.2,36.0,10.0
V11C_C1,11C,98,91.0,1403.0,0.005845833333333333,8.05,3.6,28.8,8.2,36.0,11.3
V11C_C1,11C,105,98.0,1624.0,0.0067666666666666665,8.05,4.1,28.4,8.2,35.0,11.5
V11C_C1,11C,112,105.0,1834.0,0.007641666666666666,8.05,3.7,28.3,8.2,37.0,11.7
V11C_C1,11C,119,112.0,2004.0,0.00835,8.05,4.4,28.1,8.2,40.0,13.5
V11C_C1,11C,126,119.0,2214.0,0.009225,8.05,3.0,27.9,8.2,40.0,15.3
V11C_C1,11C,133,126.0,2369.0,0.009870833333333334,8.05,3.9,29.4,8.2,39.0,16.0
V11C_C1,11C,140,133.0,2549.0,0.010620833333333333,8.05,5.0,28.2,8.2,40.0,18.5
V11C_C1,11C,147,140.0,2729.0,0.011370833333333333,8.05,4.7,28.0,8.2,40.0,19.1
V11C_C1,11C,154,147.0,2894.0,0.012058333333333334,8.05,4.3,28.6,8.2,38.0,22.0
V11C_C2,11C,21,15.0,60.0,0.00022222222222222223,9.06,4.9,29.6,8.3,40.0,1.8
V11C_C2,11C,28,22.0,110.0,0.0004074074074074074,9.06,4.5,28.6,8.3,40.0,2.5
V11C_C2,11C,35,29.0,237.0,0.0008777777777777778,9.06,4.3,29.5,8.3,40.0,3.3
V11C_C2,11C,42,36.0,427.0,0.0015814814814814815,9.06,3.5,29.4,8.3,39.0,4.3
V11C_C2,11C,49,43.0,637.0,0.0023592592592592593,9.06,4.2,29.9,7.8,38.0,5.5
V11C_C2,11C,56,50.0,832.0,0.0030814814814814815,9.06,4.0,29.5,7.8,40.0,7.3
V11C_C2,11C,63,57.0,1075.0,0.003981481481481482,9.06,3.6,29.0,7.8,38.0,7.8
V11C_C2,11C,70,64.0,1315.0,0.00487037037037037,9.06,3.6,29.6,7.8,37.0,9.0
V11C_C2,11C,77,71.0,1560.0,0.0057777777777777775,9.06,2.0,28.3,7.8,35.0,10.5
V11C_C2,11C,84,78.0,1803.0,0.006677777777777778,9.06,3.0,29.4,7.8,33.0,12.5
V11C_C2,11C,91,85.0,2043.0,0.007566666666666667,9.06,2.2,30.3,7.8,,14.5
V11C_C2,11C,98,92.0,2248.0,0.008325925925925926,9.06,3.9,30.1,7.8,28.0,17.0
V11C_C2,11C,105,99.0,2443.0,0.009048148148148149,9.06,2.1,29.6,7.9,,18.8
V11C_C2,11C,112,106.0,2678.0,0.00991851851851852,9.06,3.3,29.5,7.9,28.0,21.3
V11C_C3,11C,21,13.0,52.0,0.0001873198847262248,9.32,4.0,28.9,8.2,29.0,3.0
V11C_C3,11C,28,20.0,100.0,0.00036023054755043225,9.32,3.8,28.5,8.2,32.0,5.0
V11C_C3,11C,35,27.0,135.0,0.0004863112391930836,9.32,3.3,29.0,8.2,30.0,5.0
V11C_C3,11C,42,34.0,,,9.32,4.0,28.0,8.2,34.0,6.5
V11C_C4,11C,35,25.0,118.0,0.000472,8.39,4.6,27.8,8.1,29.0,3.0
V11C_C4,11C,42,32.0,200.0,0.0008,8.39,3.1,27.4,8.1,30.0,4.0
V11C_C4,11C,49,39.0,340.0,0.00136,8.39,3.4,26.3,8.1,30.0,5.5
V11C_C4,11C,56,46.0,545.0,0.00218,8.39,3.3,27.0,8.1,30.0,6.7
V11C_C4,11C,63,53.0,820.0,0.00328,8.39,2.8,27.3,8.1,30.0,7.1
V11C_C4,11C,70,60.0,1100.0,0.0044,8.39,3.0,26.7,8.1,30.0,9.1
V11C_C4,11C,77,67.0,1415.0,0.00566,8.39,1.8,27.6,8.1,28.0,10.5
V11C_C4,11C,84,74.0,1730.0,0.00692,8.39,3.2,28.4,8.1,30.0,11.1
V11C_C4,11C,91,81.0,2080.0,0.00832,8.39,3.7,27.6,8.1,30.0,12.8
V11C_C4,11C,98,88.0,2410.0,0.00964,8.39,4.1,27.3,8.1,30.0,15.0
V11C_C5,11C,21,18.0,71.0,0.0002730769230769231,8.72,5.2,27.0,8.0,32.0,2.2
V11C_C5,11C,28,25.0,101.0,0.0003884615384615385,8.72,4.5,28.2,8.0,34.0,3.2
V11C_C5,11C,35,32.0,189.0,0.0007269230769230769,8.72,4.0,27.7,8.0,35.0,4.5
V11C_C5,11C,42,39.0,303.0,0.0011653846153846154,8.72,2.3,28.3,8.0,37.0,5.8
V11C_C5,11C,49,46.0,426.0,0.0016384615384615385,8.72,3.8,28.3,8.0,37.0,5.8
V11C_C5,11C,56,53.0,596.0,0.0022923076923076924,8.72,2.5,28.8,8.0,39.0,6.6
V11C_C5,11C,70,67.0,981.0,0.0037730769230769233,8.72,4.4,29.0,8.5,35.0,9.0
V11C_C5,11C,77,74.0,1191.0,0.004580769230769231,8.72,5.1,28.5,8.5,35.0,9.0
V11C_C5,11C,84,81.0,1426.0,0.005484615384615385,8.72,4.0,28.5,8.5,34.0,9.6
V11C_C5,11C,91,88.0,1686.0,0.006484615384615385,8.72,2.3,29.1,8.5,35.0,10.5
V11C_C5,11C,98,95.0,1951.0,0.0075038461538461535,8.72,1.6,29.6,8.5,33.0,10.6
V11C_C5,11C,105,102.0,2166.0,0.00833076923076923,8.72,3.5,30.2,,32.0,11.6
V11C_C5,11C,112,109.0,2381.0,0.009157692307692308,8.72,,,,35.0,12.2
V11C_C5,11C,119,116.0,2621.0,0.01008076923076923,8.72,2.6,29.5,8.8,35.0,12.5
V11C_C5,11C,126,123.0,2856.0,0.010984615384615384,8.72,,,,35.0,12.8
V11C_C5,11C,133,130.0,3066.0,0.011792307692307692,8.72,2.6,28.5,8.8,35.0,13.0
V11C_C5,11C,140,137.0,3276.0,0.0126,8.72,3.0,28.8,8.8,33.0,13.3
V11C_C5,11C,147,144.0,3481.0,0.013388461538461538,8.72,3.0,29.7,8.8,35.0,13.5
V11C_C5,11C,154,151.0,3691.0,0.014196153846153846,8.72,2.5,28.7,8.8,35.0,16.0
V11C_C5,11C,161,158.0,3876.0,0.014907692307692308,8.72,2.3,30.0,8.8,32.0,16.0
V11C_C5,11C,168,165.0,3981.0,0.015311538461538462,8.72,4.0,29.7,8.8,28.0,16.0
V11C_C5,11C,175,172.0,4041.0,0.015542307692307692,8.72,5.1,30.0,8.8,26.0,16.0
V11C_C5,11C,189,186.0,4181.0,0.016080769230769232,8.72,2.2,27.5,8.8,25.0,17.7
V11C_C7,11C,14,8.0,51.0,0.00023181818181818183,7.38,5.3,25.7,8.9,12.0,1.2
V11C_C7,11C,21,15.0,80.0,0.0003636363636363636,7.38,5.0,26.9,8.9,15.0,2.0
V11C_C7,11C,28,22.0,135.0,0.0006136363636363636,7.38,4.6,26.3,8.9,16.0,2.8
V11C_C7,11C,35,29.0,266.0,0.001209090909090909,7.38,5.0,27.2,8.9,,4.0
V11C_C7,11C,42,36.0,406.0,0.0018454545454545455,7.38,4.9,26.1,8.8,15.0,4.0
V11C_C7,11C,49,43.0,526.0,0.002390909090909091,7.38,4.8,26.0,8.8,18.0,4.0
V11C_C7,11C,56,50.0,691.0,0.003140909090909091,7.38,4.0,26.0,8.8,20.0,4.8
V11C_C7,11C,63,57.0,856.0,0.0038909090909090907,7.38,4.2,26.6,8.6,23.0,4.8
V11C_C7,11C,70,64.0,1046.0,0.004754545454545455,7.38,4.7,26.7,8.9,23.0,6.0
V11C_C7,11C,77,71.0,1265.0,0.00575,7.38,4.1,26.8,8.9,25.0,8.0
V11C_C7,11C,84,78.0,1468.0,0.006672727272727273,7.38,4.2,26.7,8.9,27.0,8.0
V11C_C7,11C,91,85.0,1678.0,0.007627272727272727,7.38,3.3,27.2,8.9,27.0,8.3
V11C_C7,11C,98,92.0,1869.0,0.008495454545454546,7.38,3.5,27.9,8.8,30.0,9.8
V11C_C7,11C,105,99.0,2083.0,0.009468181818181818,7.38,3.4,27.7,8.8,30.0,10.7
V11C_C7,11C,112,106.0,2291.0,0.010413636363636364,7.38,2.3,28.7,8.6,34.0,12.0
V11C_C7,11C,119,112.0,2478.0,0.011263636363636363,7.38,3.8,26.9,8.6,35.0,13.8
V11C_C7,11C,126,119.0,2681.0,0.012186363636363636,7.38,3.6,27.6,8.6,35.0,14.4
V11C_C7,11C,140,133.0,3011.0,0.013686363636363637,7.38,4.5,28.1,8.9,35.0,14.5
V11C_C8,11C,28,19.0,60.0,0.00024,8.39,4.8,28.4,8.8,35.0,2.7
V11C_C8,11C,35,26.0,92.0,0.000368,8.39,4.3,29.7,8.8,35.0,3.4
V11C_C8,11C,42,33.0,245.0,0.00098,8.39,,,,36.0,4.0
V11C_C8,11C,49,40.0,450.0,0.0018,8.39,3.6,28.7,8.8,35.0,6.2
V11C_C8,11C,56,47.0,696.0,0.002784,8.39,2.5,29.8,8.8,,7.4
V11C_C8,11C,63,54.0,951.0,0.003804,8.39,2.7,29.4,8.8,33.0,9.0
V11C_C8,11C,70,61.0,1236.0,0.004944,8.39,2.6,29.2,8.8,33.0,10.8
V11C_C8,11C,77,68.0,1521.0,0.006084,8.39,3.5,29.8,8.8,33.0,13.0
V11C_C8,11C,84,75.0,1851.0,0.007404,8.39,3.5,28.9,8.8,,14.5
V11C_C8,11C,91,82.0,2201.0,0.008804,8.39,3.6,29.5,8.8,34.0,15.0
V11C_C8,11C,98,89.0,2556.0,0.010224,8.39,5.0,29.1,8.8,30.0,16.0
V11C_C8,11C,105,96.0,2886.0,0.011544,8.39,,,,25.0,18.0
V12A_C1,12A,28,24.0,144.0,0.00011755102040816326,5.42,5.2,26.8,8.4,27.0,2.2
V12A_C1,12A,35,31.0,204.0,0.00016653061224489795,5.42,3.5,26.9,8.4,28.0,4.0
V12A_C1,12A,42,38.0,272.0,0.0002220408163265306,5.42,3.4,27.0,8.4,30.0,6.5
V12A_C1,12A,49,45.0,662.0,0.0005404081632653061,5.42,3.6,,8.4,33.0,8.5
V12A_C1,12A,56,52.0,1397.0,0.001140408163265306,5.42,3.3,27.9,8.4,33.0,9.1
V12A_C1,12A,63,59.0,2177.0,0.0017771428571428571,5.42,4.4,26.6,8.4,35.0,9.5
V12A_C1,12A,70,66.0,3147.0,0.002568979591836735,5.42,5.0,27.6,8.4,34.0,9.9
V12A_C1,12A,77,73.0,4167.0,0.0034016326530612244,5.42,4.5,27.0,8.4,39.0,11.3
V12A_C1,12A,84,80.0,5217.0,0.0042587755102040815,5.42,3.2,28.8,8.0,39.0,11.8
V12A_C1,12A,91,87.0,6150.0,0.005020408163265306,5.42,2.9,28.6,8.6,37.0,12.8
V12A_C1,12A,98,94.0,7130.0,0.005820408163265306,5.42,2.8,28.5,8.6,40.0,14.5
V12A_C1,12A,105,101.0,7880.0,0.00643265306122449,5.42,2.8,28.3,8.6,40.0,16.5
V12A_C1,12A,112,108.0,8760.0,0.0071510204081632655,5.42,2.7,27.8,8.6,41.0,17.5
V12A_C1,12A,119,115.0,9720.0,0.007934693877551021,5.42,3.1,29.5,8.6,40.0,19.3
V12A_C1,12A,126,122.0,10750.0,0.008775510204081632,5.42,3.2,28.2,8.6,41.0,20.3
V12A_C2,12A,28,14.0,72.0,5.179856115107914e-05,6.15,5.0,29.7,8.6,40.0,1.7
V12A_C2,12A,35,21.0,144.0,0.00010359712230215827,6.15,5.6,28.7,8.3,40.0,3.0
V12A_C2,12A,42,28.0,214.0,0.0001539568345323741,6.15,4.6,30.4,8.3,40.0,4.6
V12A_C2,12A,49,35.0,538.0,0.0003870503597122302,6.15,4.3,29.3,8.3,40.0,5.5
V12A_C2,12A,56,42.0,938.0,0.0006748201438848921,6.15,3.0,28.4,7.9,41.0,6.0
V12A_C2,12A,63,49.0,1628.0,0.0011712230215827337,6.15,4.5,29.4,7.9,40.0,8.0
V12A_C2,12A,70,56.0,2368.0,0.0017035971223021583,6.15,2.4,,7.9,40.0,9.3
V12A_C2,12A,77,63.0,3308.0,0.0023798561151079137,6.15,3.3,29.5,7.9,40.0,10.5
V12A_C2,12A,84,70.0,4305.0,0.0030971223021582736,6.15,7.7,28.1,7.9,36.0,11.5
V12A_C2,12A,91,77.0,5155.0,0.00370863309352518,6.15,2.2,27.8,7.9,33.0,13.0
V12A_C2,12A,98,84.0,6045.0,0.004348920863309353,6.15,3.5,29.5,7.8,,16.0
V12A_C2,12A,105,91.0,6945.0,0.004996402877697842,6.15,4.2,29.2,7.8,29.0,17.5
V12A_C2,12A,112,98.0,7885.0,0.005672661870503597,6.15,2.3,27.5,7.8,,19.0
V12A_C2,12A,119,105.0,8935.0,0.0064280575539568344,6.15,2.5,27.2,7.8,28.0,20.0
V12A_C2,12A,126,112.0,9515.0,0.006845323741007194,6.15,5.5,29.3,7.9,29.0,21.0
V12A_C2,12A,133,119.0,10095.0,0.007262589928057554,6.15,2.6,27.1,7.9,,22.0
V12A_C2,12A,140,126.0,10725.0,0.007715827338129496,6.15,4.4,29.3,7.9,30.0,22.0
V12A_C2,12A,147,133.0,11075.0,0.007967625899280576,6.15,4.1,27.8,7.9,33.0,23.0
V12A_C2,12A,154,140.0,11385.0,0.008190647482014389,6.15,3.1,26.1,7.9,32.0,24.0
V12A_C2,12A,161,147.0,11495.0,0.00826978417266187,6.15,3.5,26.4,7.9,34.0,24.6
V12A_C3,12A,35,19.0,150.0,0.00010714285714285714,6.19,2.5,27.4,8.3,28.0,1.4
V12A_C3,12A,42,26.0,220.0,0.00015714285714285713,6.19,3.2,25.7,8.2,30.0,3.5
V12A_C3,12A,49,33.0,275.0,0.00019642857142857144,6.19,3.4,24.5,8.2,29.0,5.0
V12A_C3,12A,56,40.0,345.0,0.00024642857142857143,6.19,3.4,27.0,8.2,30.0,5.5
V12A_C3,12A,63,47.0,415.0,0.00029642857142857145,6.19,3.3,25.5,8.2,30.0,5.5
V12A_C3,12A,70,54.0,615.0,0.00043928571428571427,6.19,3.5,24.8,8.2,30.0,6.3
V12A_C3,12A,77,61.0,975.0,0.0006964285714285715,6.19,3.4,27.1,8.2,29.0,6.9
V12A_C3,12A,84,68.0,1640.0,0.0011714285714285715,6.19,2.6,28.1,8.2,30.0,7.9
V12A_C3,12A,91,75.0,2420.0,0.0017285714285714285,6.19,3.3,26.0,8.2,30.0,8.9
V12A_C3,12A,98,82.0,3260.0,0.0023285714285714285,6.19,3.0,25.6,8.2,30.0,10.5
V12A_C3,12A,105,89.0,4190.0,0.002992857142857143,6.19,3.2,25.7,8.2,31.0,11.8
V12A_C3,12A,112,96.0,5190.0,0.003707142857142857,6.19,2.9,27.7,8.2,31.0,12.6
V12A_C3,12A,119,103.0,6130.0,0.004378571428571429,6.19,3.6,26.4,8.2,32.0,12.6
V12A_C3,12A,126,110.0,7240.0,0.005171428571428572,6.19,3.1,27.4,8.7,32.0,13.6
V12A_C3,12A,133,117.0,8500.0,0.006071428571428571,6.19,3.6,26.9,8.2,32.0,14.8
V12A_C3,12A,140,124.0,9880.0,0.007057142857142857,6.19,3.4,28.2,8.2,33.0,16.5
V12A_C3,12A,147,131.0,11060.0,0.0079,6.19,2.5,24.8,8.2,35.0,16.5
V12A_C3,12A,154,138.0,12000.0,0.008571428571428572,6.19,2.1,28.4,8.2,37.0,16.5
V12A_C3,12A,161,145.0,13080.0,0.009342857142857142,6.19,3.9,28.1,8.2,37.0,16.5
V12A_C4,12A,28,12.0,203.9,0.00014062068965517243,6.41,4.1,27.4,8.5,30.0,1.3
V12A_C4,12A,35,19.0,273.9,0.00018889655172413792,6.41,4.0,29.5,8.5,30.0,3.0
V12A_C4,12A,42,26.0,393.9,0.0002716551724137931,6.41,3.6,29.7,,32.0,3.7
V12A_C4,12A,49,33.0,573.9,0.00039579310344827585,6.41,,,,33.0,5.2
V12A_C4,12A,56,40.0,843.9,0.0005819999999999999,6.41,3.1,29.7,8.8,33.0,6.8
V12A_C4,12A,63,47.0,1343.9,0.0009268275862068966,6.41,,,,35.0,8.2
V12A_C4,12A,70,54.0,2023.9,0.001395793103448276,6.41,2.9,27.3,8.8,35.0,9.5
V12A_C4,12A,77,61.0,2753.9,0.001899241379310345,6.41,3.3,27.8,8.8,34.0,10.0
V12A_C4,12A,84,68.0,3563.9,0.0024578620689655172,6.41,2.8,28.8,8.8,35.0,11.5
V12A_C4,12A,91,75.0,4473.9,0.0030854482758620686,6.41,3.6,26.7,8.8,35.0,11.5
V12A_C4,12A,98,82.0,5473.9,0.003775103448275862,6.41,4.8,30.4,8.8,32.0,11.6
V12A_C4,12A,105,89.0,6373.9,0.004395793103448275,6.41,2.7,28.5,8.8,28.0,12.1
V12A_C4,12A,112,96.0,7083.9,0.004885448275862069,6.41,2.6,28.9,8.8,26.0,12.6
V12A_C4,12A,126,110.0,8853.9,0.006106137931034482,6.41,1.9,26.4,8.8,25.0,16.0
V12A_C4,12A,133,117.0,9833.9,0.006782,6.41,,,,25.0,16.7
V12A_C4,12A,140,124.0,10683.9,0.007368206896551724,6.41,,,,,18.5
V12A_C4,12A,147,131.0,11733.9,0.008092344827586207,6.41,,,,,21.5
V12A_C4,12A,154,138.0,12693.9,0.008754413793103448,6.41,1.8,27.0,8.3,21.0,21.5
V12A_C4,12A,161,145.0,13713.9,0.009457862068965516,6.41,1.1,27.1,8.3,19.0,21.5
V12A_C4,12A,168,152.0,14913.9,0.010285448275862068,6.41,3.0,28.2,8.3,20.0,21.8
V12A_C4,12A,175,159.0,15963.9,0.011009586206896552,6.41,3.9,28.9,8.3,22.0,22.8
V12A_C4,12A,182,166.0,16758.9,0.011557862068965518,6.41,4.5,26.5,8.3,,22.8
V12A_C4,12A,189,173.0,17268.9,0.011909586206896553,6.41,5.0,27.6,8.3,,22.8
V12A_C5,12A,28,21.0,144.0,9.6e-05,6.63,4.9,25.7,,10.0,1.8
V12A_C5,12A,35,28.0,217.0,0.00014466666666666667,6.63,4.8,25.0,,10.0,3.0
V12A_C5,12A,42,35.0,379.0,0.00025266666666666666,6.63,4.6,24.1,8.9,10.0,4.0
V12A_C5,12A,49,42.0,939.0,0.000626,6.63,2.7,25.8,8.9,12.0,4.8
V12A_C5,12A,56,49.0,1789.0,0.0011926666666666667,6.63,4.0,24.6,8.9,13.0,5.7
V12A_C5,12A,63,56.0,2729.0,0.0018193333333333334,6.63,3.3,26.6,8.9,,5.9
V12A_C5,12A,70,63.0,3929.0,0.0026193333333333333,6.63,3.8,24.5,8.9,15.0,7.4
V12A_C5,12A,77,70.0,5339.0,0.003559333333333333,6.63,2.6,25.2,8.9,20.0,7.4
V12A_C5,12A,84,77.0,6804.0,0.004536,6.63,3.2,24.8,8.9,20.0,8.7
V12A_C5,12A,91,84.0,8154.0,0.005436,6.63,3.8,26.2,8.9,22.0,10.0
V12A_C5,12A,98,91.0,9464.0,0.0063093333333333335,6.63,2.5,25.3,8.9,23.0,10.0
V12A_C5,12A,105,98.0,10404.0,0.006936,6.63,3.0,25.6,8.9,25.0,12.0
V12A_C5,12A,112,105.0,11584.0,0.007722666666666667,6.63,2.8,25.9,8.9,27.0,12.4
V12A_C5,12A,119,113.0,12734.0,0.008489333333333333,6.63,2.2,26.6,8.9,28.0,14.0
V12A_C5,12A,126,120.0,13474.0,0.008982666666666667,6.63,2.5,27.3,8.8,30.0,15.2
V12A_C5,12A,133,127.0,14624.0,0.009749333333333334,6.63,3.3,27.7,8.8,30.0,16.0
V12A_C5,12A,140,134.0,15164.0,0.010109333333333333,6.63,5.2,28.3,8.8,34.0,16.3
V12A_C6,12A,35,21.0,135.0,9e-05,6.63,4.0,28.4,9.0,38.0,2.2
V12A_C6,12A,42,28.0,217.0,0.00014466666666666667,6.63,3.0,27.1,9.0,,3.2
V12A_C6,12A,49,35.0,377.0,0.00025133333333333333,6.63,2.9,28.8,8.9,36.0,4.4
V12A_C6,12A,56,42.0,647.0,0.0004313333333333333,6.63,2.5,27.1,8.9,38.0,5.5
V12A_C6,12A,63,49.0,1052.0,0.0007013333333333333,6.63,1.6,29.8,8.8,38.0,6.4
V12A_C6,12A,70,56.0,1812.0,0.001208,6.63,,,,38.0,7.0
V12A_C6,12A,77,63.0,2662.0,0.0017746666666666666,6.63,2.8,28.4,,38.0,8.2
V12A_C6,12A,84,70.0,3737.0,0.0024913333333333332,6.63,2.7,,8.8,,9.2
V12A_C6,12A,91,77.0,4697.0,0.003131333333333333,6.63,2.4,28.8,8.9,35.0,9.8
V12A_C6,12A,98,84.0,5687.0,0.003791333333333333,6.63,3.2,28.5,8.7,33.0,10.7
V12A_C6,12A,105,91.0,6797.0,0.004531333333333333,6.63,1.7,29.3,8.7,33.0,12.0
V12A_C6,12A,112,98.0,8107.0,0.005404666666666667,6.63,2.1,28.3,8.7,,14.0
V12A_C6,12A,119,105.0,9407.0,0.006271333333333334,6.63,2.8,29.2,8.7,35.0,16.0
V12A_C6,12A,126,112.0,10817.0,0.0072113333333333335,6.63,2.0,28.0,8.7,30.0,16.5
V12A_C6,12A,133,119.0,12307.0,0.008204666666666667,6.63,,,,25.0,18.2
V12A_C6,12A,140,126.0,13797.0,0.009198,6.63,3.0,28.7,8.7,23.0,18.8
V12A_C7,12A,28,6.0,120.0,0.00010909090909090909,4.87,3.5,28.3,8.9,28.0,3.8
V12A_C7,12A,35,13.0,710.0,0.0006454545454545454,4.87,3.5,27.6,8.9,30.0,5.8
V12A_C7,12A,42,20.0,1560.0,0.0014181818181818182,4.87,4.8,26.5,,27.0,8.0
V12A_C7,12A,49,27.0,2500.0,0.0022727272727272726,4.87,4.7,26.6,,28.0,9.0
V12A_C7,12A,63,41.0,4570.0,0.004154545454545454,4.87,3.7,27.0,,28.0,11.5
V12A_C7,12A,70,48.0,5590.0,0.005081818181818182,4.87,4.2,27.2,8.6,,11.8
V12B1_C1,12B1,21,13.0,24.0,0.0007868852459016393,12.55,6.1,27.0,7.7,25.0,1.8
V12B1_C1,12B1,28,20.0,34.5,0.0011311475409836065,12.55,,,,16.0,1.8
V12B1_C1,12B1,35,27.0,48.5,0.0015901639344262294,12.55,6.0,26.1,8.1,20.0,2.1
V12B1_C1,12B1,42,34.0,64.5,0.002114754098360656,12.55,6.0,25.8,8.1,18.0,2.8
V12B1_C1,12B1,49,41.0,85.5,0.00280327868852459,12.55,6.0,25.6,8.1,22.0,3.1
V12B1_C1,12B1,56,48.0,105.5,0.0034590163934426228,12.55,5.6,26.2,8.1,,4.1
V12B1_C1,12B1,63,55.0,127.5,0.004180327868852459,12.55,6.1,26.8,8.1,24.0,4.7
V12B1_C1,12B1,70,62.0,155.5,0.005098360655737705,12.55,6.1,26.3,8.1,21.0,5.5
V12B1_C1,12B1,77,69.0,183.5,0.0060163934426229505,12.55,6.1,26.0,8.1,21.0,5.8
V12B1_C1,12B1,84,76.0,211.5,0.006934426229508197,12.55,5.6,26.1,8.1,21.0,7.2
V12B1_C1,12B1,91,83.0,239.5,0.007852459016393443,12.55,6.6,25.9,8.1,24.0,8.4
V12B1_C1,12B1,98,90.0,267.5,0.008770491803278688,12.55,6.5,26.3,8.1,26.0,9.6
V12B1_C1,12B1,105,97.0,300.5,0.009852459016393443,12.55,6.1,27.4,8.1,29.0,10.6
V12B1_C1,12B1,112,104.0,335.5,0.011,12.55,6.0,27.5,8.1,30.0,11.9
V12B1_C1,12B1,119,111.0,370.5,0.012147540983606557,12.55,6.5,27.1,8.1,31.0,12.1
V12B1_C1,12B1,126,118.0,405.5,0.013295081967213115,12.55,6.0,27.5,8.1,30.0,13.4
V12B1_C1,12B1,133,125.0,442.5,0.014508196721311475,12.55,6.0,27.1,8.1,32.0,13.9
V12B1_C2,12B1,49,28.0,78.0,0.0026,12.35,5.2,27.3,8.5,38.0,1.7
V12B1_C2,12B1,56,35.0,105.0,0.0035,12.35,5.3,28.6,8.5,37.0,2.0
V12B1_C2,12B1,63,42.0,131.0,0.004366666666666666,12.35,6.0,28.0,8.5,38.0,2.5
V12B1_C2,12B1,70,49.0,157.0,0.005233333333333334,12.35,5.7,27.8,8.2,39.0,2.9
V12B1_C2,12B1,77,56.0,181.0,0.006033333333333333,12.35,5.6,28.6,8.2,39.0,3.4
V12B1_C2,12B1,84,56.0,212.0,0.007066666666666666,12.35,5.6,28.1,8.2,40.0,4.1
V12B1_C2,12B1,91,63.0,248.0,0.008266666666666667,12.35,5.5,28.3,8.2,40.0,4.6
V12B1_C2,12B1,98,70.0,283.0,0.009433333333333334,12.35,6.0,29.3,8.2,40.0,5.2
V12B1_C2,12B1,105,77.0,324.0,0.0108,12.35,5.5,28.4,8.1,35.0,6.2
V12B1_C2,12B1,112,84.0,370.0,0.012333333333333333,12.35,5.5,29.2,8.1,39.0,7.4
V12B1_C2,12B1,119,91.0,440.0,0.014666666666666666,12.35,5.1,29.1,8.1,40.0,8.3
V12B1_C2,12B1,126,98.0,510.0,0.017,12.35,4.1,28.3,7.5,39.0,9.2
V12B1_C2,12B1,133,105.0,578.0,0.019266666666666668,12.35,5.8,29.1,7.5,40.0,10.5
V12B1_C2,12B1,140,112.0,653.0,0.021766666666666667,12.35,5.7,28.6,7.5,38.0,11.9
V12B1_C2,12B1,147,119.0,723.0,0.0241,12.35,5.6,29.1,7.5,37.0,13.2
V12B1_C2,12B1,154,126.0,793.0,0.026433333333333333,12.35,5.9,27.9,7.5,33.0,14.5
V12B1_C2,12B1,161,133.0,863.0,0.028766666666666666,12.35,5.0,29.4,7.5,28.0,15.5
V12B1_C2,12B1,168,140.0,933.0,0.0311,12.35,5.6,29.6,7.5,,16.5
V12B1_C2,12B1,175,147.0,977.0,0.03256666666666667,12.35,5.2,29.4,7.5,26.0,17.0
V12B1_C2,12B1,182,154.0,1016.0,0.03386666666666667,12.35,4.1,29.2,7.5,,17.3
V12B1_C4,12B1,28,12.0,22.0,0.0004,22.63,5.8,26.1,8.2,22.0,1.3
V12B1_C4,12B1,35,19.0,36.0,0.0006545454545454545,22.63,6.0,27.1,8.2,23.0,1.5
V12B1_C4,12B1,42,26.0,56.0,0.0010181818181818183,22.63,5.5,28.0,8.2,22.0,1.6
V12B1_C4,12B1,49,33.0,77.0,0.0014,22.63,5.8,27.4,8.2,20.0,2.0
V12B1_C4,12B1,56,40.0,108.0,0.0019636363636363636,22.63,5.8,26.8,8.2,16.0,2.3
V12B1_C4,12B1,63,47.0,150.0,0.0027272727272727275,22.63,5.4,27.2,8.2,15.0,3.0
V12B1_C4,12B1,70,54.0,197.0,0.0035818181818181817,22.63,5.6,27.8,8.2,16.0,3.5
V12B1_C4,12B1,77,61.0,246.0,0.004472727272727272,22.63,5.3,27.1,8.2,13.0,3.8
V12B1_C4,12B1,84,68.0,295.0,0.005363636363636364,22.63,4.9,27.5,8.2,13.0,4.1
V12B1_C4,12B1,91,75.0,344.0,0.0062545454545454545,22.63,5.2,26.7,8.2,10.0,4.9
V12B1_C4,12B1,98,82.0,393.0,0.007145454545454545,22.63,5.1,27.5,8.2,10.0,7.0
V12B1_C4,12B1,105,89.0,435.0,0.007909090909090909,22.63,5.3,27.3,8.1,10.0,7.6
V12B1_C4,12B1,112,96.0,509.0,0.009254545454545455,22.63,4.5,27.9,8.1,10.0,8.6
V12B1_C4,12B1,126,110.0,815.0,0.014818181818181819,22.63,5.0,28.4,8.1,13.0,9.0
V12B1_C4,12B1,133,117.0,1037.0,0.018854545454545454,22.63,5.5,27.4,8.1,12.0,9.6
V12B1_C4,12B1,140,124.0,1280.0,0.02327272727272727,22.63,4.9,28.3,8.4,8.0,11.0
V12B1_C4,12B1,147,131.0,1583.0,0.028781818181818183,22.63,5.1,27.9,8.4,12.0,13.5
V12B1_C4,12B1,154,138.0,1916.0,0.03483636363636364,22.63,4.5,28.2,8.4,10.0,16.0
V12B1_C4,12B1,161,145.0,2280.0,0.04145454545454545,22.63,3.3,28.3,8.4,10.0,19.5
V12B1_C4,12B1,168,152.0,2630.0,0.047818181818181815,22.63,3.1,29.3,8.4,13.0,22.0
V12B1_C4,12B1,175,159.0,3009.0,0.05470909090909091,22.63,4.4,29.3,,13.0,23.5
V12B1_C4,12B1,182,166.0,3408.0,0.06196363636363637,22.63,,,,10.0,24.0
V12B1_C4,12B1,189,173.0,3814.0,0.06934545454545454,22.63,3.6,28.9,8.7,11.0,24.0
V12B1_C4,12B1,196,180.0,4202.0,0.0764,22.63,,,,10.0,25.0
V12B1_C4,12B1,203,187.0,4622.0,0.08403636363636363,22.63,2.9,27.9,8.1,10.0,25.0
V12B1_C4,12B1,210,194.0,5077.0,0.09230909090909091,22.63,3.4,28.0,8.1,11.0,26.0
V12B1_C4,12B1,224,208.0,5943.0,0.10805454545454546,22.63,4.5,28.5,8.1,11.0,27.3
V12B1_C4,12B1,231,215.0,6350.0,0.11545454545454545,22.63,4.1,29.3,8.1,11.0,27.3
V12B1_C4,12B1,238,222.0,6780.0,0.12327272727272727,22.63,4.4,28.4,,7.0,28.0
V12B1_C5,12B1,28,7.0,216.0,0.00864,10.29,4.6,28.2,8.4,11.0,2.8
V12B1_C5,12B1,35,14.0,348.0,0.01392,10.29,4.6,28.3,8.4,8.0,3.2
V12B1_C5,12B1,42,21.0,496.0,0.01984,10.29,4.8,29.0,8.4,2.0,3.3
V12B1_C5,12B1,49,28.0,671.0,0.02684,10.29,4.0,28.6,8.4,5.0,3.6
V12B1_C5,12B1,56,35.0,876.0,0.03504,10.29,4.6,27.8,8.4,,4.0
V12B1_C5,12B1,63,42.0,1113.0,0.04452,10.29,4.2,27.5,8.4,12.0,4.5
V12B1_C5,12B1,70,49.0,1381.0,0.05524,10.29,4.6,27.8,,5.0,5.0
V12B1_C5,12B1,77,56.0,1645.0,0.0658,10.29,4.7,27.2,8.2,5.0,5.5
V12B1_C5,12B1,84,63.0,1895.0,0.0758,10.29,5.1,27.2,8.2,2.0,5.7
V12B1_C5,12B1,91,70.0,2178.0,0.08712,10.29,4.5,27.5,,4.0,5.7
V12B1_C5,12B1,98,77.0,2481.0,0.09924,10.29,4.3,27.5,,1.0,6.4
V12B1_C5,12B1,105,84.0,2796.0,0.11184,10.29,4.2,26.0,,4.0,7.7
V12B1_C5,12B1,112,91.0,3137.0,0.12548,10.29,5.1,25.7,8.1,5.0,9.2
V12B1_C5,12B1,119,98.0,3481.0,0.13924,10.29,5.0,26.2,8.1,4.0,9.8
V12B1_C5,12B1,126,105.0,3824.0,0.15296,10.29,4.6,26.2,8.5,5.0,11.7
V12B1_C5,12B1,133,112.0,,,10.29,4.4,26.6,8.5,,12.4
V12B1_C6,12B1,14,8.0,205.0,0.008541666666666666,9.88,5.2,25.8,8.4,20.0,10.5
V12B1_C6,12B1,21,15.0,248.0,0.010333333333333333,9.88,4.7,26.5,8.4,20.0,12.0
V12B1_C6,12B1,28,22.0,297.0,0.012375,9.88,5.2,26.2,8.4,21.0,13.2
V12B1_C6,12B1,35,29.0,346.0,0.014416666666666666,9.88,5.8,26.5,8.4,10.0,14.0
V12B1_C6,12B1,42,36.0,427.0,0.017791666666666667,9.88,5.6,26.3,8.4,8.0,14.5
V12B1_C6,12B1,49,43.0,523.0,0.021791666666666668,9.88,5.5,26.7,8.9,4.0,14.5
V12B1_C6,12B1,56,50.0,643.0,0.026791666666666665,9.88,4.3,27.0,8.6,4.0,16.0
V12B1_C6,12B1,63,57.0,781.0,0.03254166666666667,9.88,4.4,27.1,8.6,2.0,18.5
V12B1_C6,12B1,70,64.0,923.0,0.03845833333333333,9.88,5.3,27.6,8.6,5.0,24.0
V12B1_C6,12B1,77,71.0,1153.0,0.04804166666666667,9.88,5.1,26.6,8.6,4.0,28.0
V12B1_C6,12B1,84,78.0,1346.0,0.05608333333333333,9.88,4.6,27.2,8.6,3.0,31.0
V12B1_C6,12B1,98,92.0,1741.0,0.07254166666666667,9.88,3.8,27.7,8.9,2.0,34.0
V12B1_C6,12B1,112,106.0,2245.0,0.09354166666666666,9.88,4.0,27.5,8.9,2.0,33.0
V12B1_C6,12B1,119,113.0,2560.0,0.10666666666666667,9.88,4.0,28.0,8.9,,34.0
V12B1_C6,12B1,126,120.0,2890.0,0.12041666666666667,9.88,3.1,28.6,8.9,8.0,7.0
V12B1_C6,12B1,133,127.0,3220.0,0.13416666666666666,9.88,3.7,28.0,8.0,9.0,9.0
V12B1_C7,12B1,49,27.0,402.0,0.0201,8.23,4.0,29.0,8.9,7.0,12.0
V12B1_C7,12B1,56,34.0,544.0,0.0272,8.23,4.0,29.1,8.9,4.0,12.5
V12B1_C7,12B1,63,41.0,769.0,0.03845,8.23,3.5,28.5,8.9,3.0,15.0
V12B1_C7,12B1,77,55.0,1304.0,0.0652,8.23,3.2,28.7,8.9,,20.0
V12B1_C7,12B1,84,62.0,1639.0,0.08195,8.23,2.7,28.5,8.9,,23.0
V12B1_C7,12B1,91,69.0,1989.0,0.09945,8.23,4.2,27.6,8.9,3.0,27.0
V12B1_C7,12B1,98,76.0,2359.0,0.11795,8.23,4.8,28.2,8.9,3.0,27.5
V12B1_C7,12B1,105,83.0,2759.0,0.13795,8.23,4.1,27.5,,13.0,27.5
V12B1_C7,12B1,112,90.0,3149.0,0.15745,8.23,3.1,28.0,,13.0,31.0
V12B1_C7,12B1,126,104.0,3904.0,0.1952,8.23,4.0,27.6,,10.0,34.5
V12B2_C1,12B2,49,22.0,18.0,0.0025714285714285713,5.74,6.5,26.6,8.2,34.0,1.0
V12B2_C1,12B2,56,29.0,25.0,0.0035714285714285713,5.74,6.5,27.0,8.1,34.0,1.9
V12B2_C1,12B2,63,36.0,32.0,0.004571428571428572,5.74,6.4,26.6,8.1,35.0,2.4
V12B2_C1,12B2,70,43.0,39.0,0.005571428571428572,5.74,5.9,27.6,8.1,36.0,3.3
V12B2_C1,12B2,77,50.0,50.0,0.007142857142857143,5.74,6.2,27.2,8.1,35.0,3.8
V12B2_C1,12B2,84,57.0,58.0,0.008285714285714285,5.74,6.0,26.7,8.1,38.0,4.3
V12B2_C1,12B2,91,64.0,71.0,0.010142857142857143,5.74,5.8,26.8,8.1,37.0,5.3
V12B2_C1,12B2,98,71.0,83.0,0.011857142857142858,5.74,5.5,27.5,8.1,38.0,6.7
V12B2_C1,12B2,105,78.0,97.0,0.013857142857142858,5.74,5.4,28.2,8.1,37.0,7.2
V12B2_C1,12B2,112,85.0,111.0,0.015857142857142858,5.74,5.5,27.5,8.1,39.0,8.3
V12B2_C1,12B2,119,92.0,124.0,0.017714285714285714,5.74,3.2,27.6,8.1,40.0,9.2
V12B2_C1,12B2,126,99.0,136.0,0.019428571428571427,5.74,5.1,27.6,8.1,39.0,9.7
V12B2_C1,12B2,133,106.0,150.0,0.02142857142857143,5.74,6.0,27.9,8.1,38.0,10.2
V12B2_C2,12B2,21,7.0,7.5,0.0009375,6.56,6.2,28.7,8.0,40.0,3.5
V12B2_C2,12B2,28,14.0,18.0,0.00225,6.56,5.8,28.6,8.0,40.0,4.3
V12B2_C2,12B2,35,21.0,31.0,0.003875,6.56,4.3,27.9,7.7,40.0,5.8
V12B2_C2,12B2,42,28.0,45.0,0.005625,6.56,6.0,28.5,7.7,41.0,7.4
V12B2_C2,12B2,49,35.0,61.0,0.007625,6.56,6.1,28.1,7.7,38.0,8.3
V12B2_C2,12B2,56,42.0,75.0,0.009375,6.56,6.3,28.7,7.7,36.0,10.1
V12B2_C2,12B2,63,49.0,89.0,0.011125,6.56,6.5,27.1,7.7,33.0,11.2
V12B2_C2,12B2,70,56.0,105.0,0.013125,6.56,5.8,28.8,7.7,28.0,11.2
V12B2_C2,12B2,77,63.0,131.0,0.016375,6.56,5.9,28.8,7.7,,14.0
V12B2_C2,12B2,84,70.0,146.0,0.01825,6.56,6.2,28.6,7.7,26.0,16.0
V12B2_C2,12B2,91,77.0,160.0,0.02,6.56,3.5,29.5,7.7,,17.5
V12B2_C4,12B2,14,14.0,18.9,0.0014,11.07,5.8,26.7,7.6,29.0,1.2
V12B2_C4,12B2,21,21.0,28.4,0.0021037037037037036,11.07,5.3,26.3,7.6,30.0,1.6
V12B2_C4,12B2,28,28.0,35.4,0.002622222222222222,11.07,6.1,25.4,7.6,28.0,2.3
V12B2_C4,12B2,35,35.0,46.4,0.003437037037037037,11.07,5.0,26.5,7.6,30.0,3.0
V12B2_C4,12B2,42,42.0,60.4,0.004474074074074074,11.07,5.3,26.2,7.6,30.0,3.8
V12B2_C4,12B2,49,49.0,74.4,0.005511111111111112,11.07,5.4,25.5,7.6,30.0,4.7
V12B2_C4,12B2,56,56.0,88.4,0.006548148148148148,11.07,5.4,26.9,7.6,28.0,5.6
V12B2_C4,12B2,63,63.0,102.4,0.007585185185185185,11.07,5.0,27.2,7.6,29.0,6.1
V12B2_C4,12B2,70,70.0,116.4,0.008622222222222222,11.07,5.1,26.8,7.6,30.0,7.1
V12B2_C4,12B2,77,77.0,136.4,0.010103703703703703,11.07,5.0,26.1,7.6,30.0,7.5
V12B2_C4,12B2,84,84.0,153.4,0.011362962962962964,11.07,4.0,26.8,7.6,30.0,8.8
V12B2_C4,12B2,91,91.0,167.4,0.0124,11.07,5.5,27.5,7.6,30.0,9.8
V12B2_C4,12B2,98,98.0,186.4,0.013807407407407407,11.07,5.7,26.8,7.6,32.0,11.0
V12B2_C5,12B2,28,3.0,1.5,0.00015,8.2,6.0,27.7,8.0,35.0,3.0
V12B2_C5,12B2,35,10.0,7.5,0.00075,8.2,6.5,27.1,8.0,36.0,5.0
V12B2_C5,12B2,42,17.0,17.0,0.0017,8.2,6.5,28.4,8.0,38.0,7.0
V12B2_C5,12B2,49,24.0,25.0,0.0025,8.2,6.3,27.2,8.0,39.0,9.0
V12B2_C5,12B2,56,31.0,34.0,0.0034,8.2,5.0,28.3,8.3,31.0,10.0
V12B2_C5,12B2,63,38.0,41.0,0.0041,8.2,6.3,27.6,8.3,33.0,10.0
V12B2_C5,12B2,70,45.0,48.0,0.0048,8.2,6.0,27.8,8.3,32.0,12.8
V12B2_C5,12B2,77,52.0,62.0,0.0062,8.2,6.0,27.9,8.3,31.0,12.8
V12B2_C5,12B2,84,59.0,76.0,0.0076,8.2,5.7,28.4,8.3,33.0,13.4
V12B2_C6,12B2,42,12.0,11.0,0.00055,16.39,6.8,27.6,8.7,28.0,1.0
V12B2_C6,12B2,49,19.0,17.0,0.00085,16.39,6.6,28.9,8.2,25.0,1.2
V12B2_C6,12B2,56,26.0,30.0,0.0015,16.39,6.4,28.1,8.2,22.0,2.0
V12B2_C6,12B2,63,33.0,44.0,0.0022,16.39,3.4,29.1,8.2,20.0,2.6
V12B2_C6,12B2,77,47.0,84.0,0.0042,16.39,2.7,27.7,8.1,21.0,4.3
V12B2_C6,12B2,84,54.0,105.0,0.00525,16.39,,,,22.0,5.4
V12B2_C6,12B2,91,61.0,126.0,0.0063,16.39,,,,,6.2
V12B2_C6,12B2,98,68.0,147.0,0.00735,16.39,,,,,7.5
V12B2_C6,12B2,105,75.0,167.0,0.00835,16.39,5.5,27.9,8.1,18.0,8.3
V12B2_C6,12B2,112,82.0,188.0,0.0094,16.39,5.0,28.6,8.1,16.0,8.7
V12B2_C6,12B2,119,89.0,213.0,0.01065,16.39,6.0,28.9,8.1,18.0,9.4
V12B2_C7,12B2,35,12.0,8.0,0.0008,8.2,5.2,27.5,,15.0,1.2
V12B2_C7,12B2,42,19.0,15.0,0.0015,8.2,5.3,27.6,,6.0,2.4
V12B2_C7,12B2,49,26.0,24.0,0.0024,8.2,5.3,25.9,,3.0,2.8
V12B2_C7,12B2,56,33.0,38.0,0.0038,8.2,6.0,25.3,8.6,5.0,3.4
V12B2_C7,12B2,63,40.0,52.5,0.00525,8.2,5.8,26.2,8.6,4.0,3.4
V12B2_C7,12B2,70,47.0,68.0,0.0068,8.2,6.5,25.9,8.6,5.0,4.3
V12B2_C7,12B2,77,54.0,95.0,0.0095,8.2,6.2,26.6,8.6,,4.3
V12B2_C7,12B2,84,61.0,130.0,0.013,8.2,6.6,25.8,8.5,,5.5
V12B2_C7,12B2,91,68.0,174.0,0.0174,8.2,6.0,26.0,8.5,5.0,7.0
V12B2_C7,12B2,98,75.0,224.0,0.0224,8.2,6.3,26.0,8.5,4.0,9.0
V12B2_C7,12B2,105,82.0,286.0,0.0286,8.2,5.1,26.8,8.6,7.0,10.5
V12B2_C7,12B2,112,89.0,373.0,0.0373,8.2,5.9,26.8,8.5,6.0,12.5
V12B2_C7,12B2,119,96.0,470.0,0.047,8.2,5.3,26.5,8.0,10.0,15.0
V12B2_C7,12B2,126,103.0,586.0,0.0586,8.2,4.4,26.3,8.0,10.0,15.0
V12B2_C7,12B2,133,110.0,712.0,0.0712,8.2,5.7,26.7,8.4,3.0,15.2
V12B2_C7,12B2,140,117.0,838.0,0.0838,8.2,6.0,27.1,8.3,7.0,18.0
V12B2_C7,12B2,147,124.0,974.0,0.0974,8.2,5.2,27.2,8.3,8.0,19.0
V12B2_C7,12B2,154,131.0,1121.0,0.1121,8.2,5.9,27.3,8.3,10.0,23.0
V12B2_C7,12B2,161,138.0,1278.0,0.1278,8.2,5.3,26.5,8.3,8.0,25.0
V12B2_C7,12B2,168,145.0,1439.0,0.1439,8.2,5.7,27.0,8.3,2.0,28.0
V12B2_C7,12B2,182,159.0,1785.0,0.1785,8.2,5.5,27.5,8.8,5.0,32.0
V12B2_C8,12B2,7,5.0,265.0,0.025238095238095237,8.61,5.5,28.7,8.3,17.0,6.2
V12B2_C8,12B2,14,12.0,347.0,0.03304761904761905,8.61,5.6,27.9,8.1,3.0,6.2
V12B2_C8,12B2,49,47.0,959.0,0.09133333333333334,8.61,5.1,28.1,8.1,1.0,9.6
V12B2_C8,12B2,77,75.0,1799.0,0.17133333333333334,8.61,4.7,27.9,8.1,2.0,15.0
V12B2_C8,12B2,84,82.0,2056.0,0.19580952380952382,8.61,4.8,28.0,8.1,10.0,17.0
V12B2_C8,12B2,91,89.0,2336.0,0.22247619047619047,8.61,,,,5.0,18.5
V12B2_C8,12B2,98,96.0,2616.0,0.24914285714285714,8.61,4.5,28.8,8.1,10.0,20.0
V12B2_C8,12B2,105,103.0,2876.0,0.27390476190476193,8.61,4.7,28.3,8.1,5.0,22.0
V12B3_C1,12B3,28,21.0,28.0,0.0005656565656565656,13.87,7.5,27.4,7.9,16.0,1.2
V12B3_C1,12B3,35,28.0,44.0,0.0008888888888888889,13.87,5.8,26.0,7.9,18.0,2.0
V12B3_C1,12B3,42,35.0,65.0,0.0013131313131313131,13.87,5.7,25.5,7.9,20.0,2.4
V12B3_C1,12B3,49,42.0,86.0,0.0017373737373737373,13.87,5.6,26.1,7.9,,3.3
V12B3_C1,12B3,56,49.0,112.0,0.0022626262626262625,13.87,6.3,26.1,7.9,21.0,3.6
V12B3_C1,12B3,63,56.0,147.0,0.00296969696969697,13.87,5.8,26.1,7.9,21.0,4.8
V12B3_C1,12B3,70,63.0,182.0,0.0036767676767676767,13.87,5.9,25.8,7.9,22.0,6.0
V12B3_C1,12B3,77,70.0,217.0,0.004383838383838384,13.87,5.7,25.9,7.9,21.0,7.0
V12B3_C1,12B3,84,77.0,252.0,0.005090909090909091,13.87,6.1,25.7,7.9,24.0,9.0
V12B3_C1,12B3,91,84.0,288.0,0.005818181818181818,13.87,6.3,26.3,7.9,25.0,10.4
V12B3_C1,12B3,98,91.0,328.0,0.006626262626262626,13.87,6.1,27.3,7.9,30.0,12.0
V12B3_C1,12B3,105,98.0,370.0,0.007474747474747475,13.87,6.0,27.5,7.9,30.0,13.3
V12B3_C1,12B3,112,105.0,417.0,0.008424242424242424,13.87,6.4,26.9,7.9,31.0,14.3
V12B3_C1,12B3,119,112.0,466.0,0.009414141414141415,13.87,6.0,27.5,7.9,30.0,15.3
V12B3_C1,12B3,126,119.0,517.0,0.010444444444444444,13.87,5.9,27.0,7.9,33.0,16.3
V12B3_C2,12B3,42,25.0,66.0,0.0012,15.41,5.5,27.9,8.6,38.0,2.1
V12B3_C2,12B3,49,32.0,105.0,0.0019090909090909091,15.41,5.8,27.3,8.6,38.0,3.0
V12B3_C2,12B3,56,39.0,133.0,0.002418181818181818,15.41,5.5,28.7,8.6,38.0,3.0
V12B3_C2,12B3,63,46.0,173.0,0.0031454545454545455,15.41,6.0,28.0,8.6,38.0,3.7
V12B3_C2,12B3,70,53.0,219.0,0.003981818181818182,15.41,5.6,27.8,8.6,40.0,4.9
V12B3_C2,12B3,77,60.0,262.0,0.004763636363636364,15.41,5.6,28.6,8.6,40.0,6.0
V12B3_C2,12B3,84,67.0,310.0,0.005636363636363636,15.41,5.4,28.0,8.6,39.0,7.2
V12B3_C2,12B3,91,74.0,366.0,0.006654545454545455,15.41,5.3,28.3,8.6,40.0,8.5
V12B3_C2,12B3,98,81.0,422.0,0.007672727272727273,15.41,5.0,29.0,8.6,39.0,9.0
V12B3_C2,12B3,105,88.0,483.0,0.008781818181818182,15.41,5.0,28.2,8.4,40.0,9.6
V12B3_C2,12B3,112,95.0,546.0,0.009927272727272727,15.41,5.4,29.2,8.4,40.0,11.0
V12B3_C2,12B3,119,102.0,615.0,0.011181818181818182,15.41,5.0,29.0,8.4,40.0,12.0
V12B3_C2,12B3,126,109.0,692.0,0.012581818181818182,15.41,3.7,28.3,7.6,39.0,14.0
V12B3_C2,12B3,133,116.0,768.0,0.013963636363636364,15.41,5.0,29.1,7.6,38.0,15.5
V12B3_C2,12B3,140,123.0,859.0,0.015618181818181818,15.41,5.2,28.5,7.6,38.0,16.5
V12B3_C2,12B3,147,130.0,940.0,0.01709090909090909,15.41,5.1,29.1,7.6,36.0,18.1
V12B3_C3,12B3,14,6.0,,,23.81,5.1,29.4,7.8,28.0,2.8
V12B3_C3,12B3,21,13.0,43.0,0.0005058823529411764,23.81,5.7,29.6,7.8,,5.0
V12B3_C3,12B3,28,20.0,63.0,0.0007411764705882353,23.81,6.5,29.4,7.8,26.0,7.5
V12B3_C3,12B3,35,27.0,84.0,0.000988235294117647,23.81,5.6,29.2,7.8,,9.7
V12B3_C3,12B3,42,34.0,112.0,0.0013176470588235295,23.81,5.6,29.3,7.8,28.0,12.0
V12B3_C3,12B3,49,41.0,150.0,0.0017647058823529412,23.81,4.7,29.4,7.8,29.0,14.5
V12B3_C3,12B3,56,48.0,190.0,0.002235294117647059,23.81,5.4,28.6,7.8,,17.0
V12B3_C3,12B3,63,55.0,229.0,0.0026941176470588234,23.81,5.4,28.9,7.9,30.0,19.7
V12B3_C3,12B3,70,62.0,270.0,0.003176470588235294,23.81,5.1,28.5,7.9,32.0,22.0
V12B3_C3,12B3,77,70.0,312.0,0.0036705882352941178,23.81,5.1,28.3,7.9,30.0,23.5
V12B3_C3,12B3,84,77.0,319.0,0.0037529411764705882,23.81,5.3,27.8,7.8,30.0,25.6
V12B3_C3,12B3,91,84.0,354.0,0.004164705882352941,23.81,5.5,27.1,7.9,31.0,26.5
V12B3_C5,12B3,28,12.0,27.5,0.0003353658536585366,22.97,6.0,26.1,8.1,30.0,1.2
V12B3_C5,12B3,35,19.0,45.0,0.0005487804878048781,22.97,6.1,27.1,8.1,22.0,1.6
V12B3_C5,12B3,42,26.0,66.0,0.0008048780487804878,22.97,5.6,27.9,8.1,19.0,1.7
V12B3_C5,12B3,49,33.0,90.0,0.0010975609756097562,22.97,5.4,27.3,8.1,16.0,1.8
V12B3_C5,12B3,56,40.0,125.0,0.001524390243902439,22.97,5.7,26.7,8.1,15.0,2.2
V12B3_C5,12B3,63,47.0,182.0,0.002219512195121951,22.97,5.4,26.9,8.1,13.0,3.1
V12B3_C5,12B3,70,54.0,245.0,0.0029878048780487805,22.97,5.6,27.5,8.1,12.0,4.2
V12B3_C5,12B3,77,61.0,308.0,0.0037560975609756096,22.97,5.3,26.9,8.1,11.0,5.0
V12B3_C5,12B3,84,68.0,371.0,0.004524390243902439,22.97,4.7,27.6,8.1,12.0,5.5
V12B3_C5,12B3,91,75.0,434.0,0.005292682926829269,22.97,5.2,26.9,8.1,8.0,6.1
V12B3_C5,12B3,98,82.0,497.0,0.006060975609756098,22.97,5.0,27.7,8.1,9.0,8.0
V12B3_C5,12B3,105,89.0,551.0,0.006719512195121951,22.97,4.1,26.9,8.1,8.0,8.7
V12B3_C5,12B3,112,96.0,719.0,0.00876829268292683,22.97,2.6,27.7,8.1,10.0,10.2
V12B3_C5,12B3,126,110.0,1194.0,0.014560975609756098,22.97,5.2,28.5,8.1,11.0,11.0
V12B3_C5,12B3,133,117.0,1537.0,0.01874390243902439,22.97,4.5,27.6,8.1,13.0,12.3
V12B3_C5,12B3,140,124.0,1937.0,0.023621951219512195,22.97,4.6,28.6,8.3,11.0,14.0
V12B3_C5,12B3,147,131.0,2392.0,0.029170731707317075,22.97,5.1,27.9,8.3,12.0,16.5
V12B3_C5,12B3,154,138.0,2891.0,0.035256097560975606,22.97,5.1,28.0,8.3,14.0,18.0
V12B3_C5,12B3,161,145.0,3383.0,0.04125609756097561,22.97,3.4,28.3,8.3,12.0,21.0
V12B3_C5,12B3,168,152.0,3921.0,0.04781707317073171,22.97,2.3,29.4,8.3,13.0,22.5
V12B3_C5,12B3,175,159.0,4493.0,0.05479268292682927,22.97,4.0,29.2,,10.0,24.5
V12B3_C5,12B3,182,166.0,5113.0,0.062353658536585366,22.97,,,,10.0,25.0
V12B3_C5,12B3,189,173.0,5743.0,0.07003658536585367,22.97,3.4,28.7,8.6,10.0,25.0
V12B3_C5,12B3,196,180.0,6358.0,0.07753658536585366,22.97,,,,14.0,25.5
V12B3_C5,12B3,203,187.0,7008.0,0.08546341463414635,22.97,3.8,27.6,8.3,10.0,26.2
V12B3_C5,12B3,210,194.0,7708.0,0.094,22.97,2.9,27.8,8.3,12.0,27.0
V12B3_C5,12B3,224,208.0,8937.0,0.10898780487804878,22.97,4.6,27.9,8.3,12.0,30.0
V12B3_C5,12B3,231,215.0,9602.0,0.11709756097560976,22.97,4.1,29.3,8.3,10.0,33.0
V12B3_C5,12B3,238,222.0,10302.0,0.12563414634146342,22.97,4.4,28.8,8.3,30.0,36.0
V12B3_C6,12B3,21,14.0,270.0,0.07161803713527852,1.06,4.8,28.1,8.1,14.0,2.8
V12B3_C6,12B3,28,21.0,439.0,0.11644562334217506,1.06,4.5,28.4,8.1,9.0,3.2
V12B3_C6,12B3,35,28.0,630.0,0.16710875331564987,1.06,4.6,29.1,8.1,5.0,3.2
V12B3_C6,12B3,42,35.0,838.0,0.2222811671087533,1.06,4.5,28.3,8.1,5.0,3.6
V12B3_C6,12B3,49,42.0,1098.0,0.2912466843501326,1.06,3.9,27.5,8.1,,4.0
V12B3_C6,12B3,56,49.0,1401.0,0.3716180371352785,1.06,5.0,27.4,8.1,6.0,4.5
V12B3_C6,12B3,63,56.0,1741.0,0.46180371352785143,1.06,4.2,27.8,,4.0,5.0
V12B3_C6,12B3,70,63.0,2071.0,0.5493368700265252,1.06,4.6,27.7,8.4,2.0,5.5
V12B3_C6,12B3,77,70.0,2376.0,0.6302387267904509,1.06,4.8,26.9,8.4,2.0,6.0
V12B3_C6,12B3,91,84.0,3101.0,0.8225464190981432,1.06,4.5,27.5,,2.0,6.8
V12B3_C6,12B3,98,91.0,3486.0,0.9246684350132626,1.06,4.0,26.3,,2.0,7.4
V12B3_C6,12B3,105,98.0,3897.0,1.03368700265252,1.06,4.3,25.6,8.8,5.0,8.6
V12B3_C6,12B3,112,105.0,4311.0,1.143501326259947,1.06,4.0,25.9,8.8,5.0,10.1
V12B3_C6,12B3,126,119.0,5083.0,1.3482758620689654,1.06,3.4,26.3,8.8,,12.5
V12B3_C7,12B3,21,6.0,243.0,0.00972,7.0,5.6,25.6,8.6,20.0,10.0
V12B3_C7,12B3,28,13.0,286.0,0.01144,7.0,4.8,26.3,8.6,20.0,11.5
V12B3_C7,12B3,35,20.0,335.0,0.0134,7.0,5.0,26.0,8.5,20.0,13.1
V12B3_C7,12B3,42,27.0,384.0,0.01536,7.0,5.8,26.0,8.5,20.0,14.1
V12B3_C7,12B3,49,34.0,433.0,0.01732,7.0,5.1,26.0,8.5,20.0,14.5
V12B3_C8,12B3,35,31.0,357.0,0.07933333333333334,1.26,5.0,27.1,8.2,2.0,2.2
V12B3_C8,12B3,49,45.0,720.0,0.16,1.26,5.1,27.7,8.9,7.0,2.7
V12B3_C8,12B3,63,59.0,1236.0,0.27466666666666667,1.26,5.0,27.1,8.9,7.0,3.6
V12B3_C8,12B3,70,66.0,1563.0,0.3473333333333333,1.26,5.2,28.0,8.0,,4.0
V12B3_C8,12B3,77,73.0,1903.0,0.42288888888888887,1.26,4.7,28.2,8.1,4.0,4.6
V12B3_C8,12B3,84,80.0,2264.0,0.5031111111111111,1.26,4.2,27.9,8.1,5.0,5.2
V12B3_C8,12B3,119,115.0,4455.0,0.99,1.26,2.8,28.5,8.2,4.0,9.5
V12B3_C9,12B3,77,40.0,860.0,0.2388888888888889,1.01,3.4,27.5,,7.0,4.2
V12B3_C9,12B3,84,47.0,1205.0,0.3347222222222222,1.01,3.3,27.4,,12.0,6.0
V12B3_C9,12B3,98,61.0,1620.0,0.45,1.01,3.1,27.6,,10.0,8.3
V12B4_C1,12B4,35,22.0,81.0,0.0004909090909090909,18.03,5.8,27.5,7.9,30.0,1.4
V12B4_C1,12B4,42,29.0,116.0,0.000703030303030303,18.03,6.0,26.9,7.9,32.0,2.0
V12B4_C1,12B4,49,36.0,157.0,0.0009515151515151516,18.03,6.2,27.5,7.9,32.0,2.6
V12B4_C1,12B4,56,43.0,222.0,0.0013454545454545455,18.03,6.0,26.9,7.9,33.0,2.7
V12B4_C1,12B4,63,50.0,319.0,0.0019333333333333333,18.03,6.1,27.1,7.9,34.0,3.6
V12B4_C1,12B4,70,57.0,424.0,0.0025696969696969696,18.03,6.5,27.7,7.9,35.0,5.4
V12B4_C1,12B4,77,64.0,529.0,0.003206060606060606,18.03,5.5,28.3,7.9,35.0,6.5
V12B4_C1,12B4,84,71.0,644.0,0.003903030303030303,18.03,5.8,28.2,8.0,35.0,7.2
V12B4_C1,12B4,91,78.0,764.0,0.004630303030303031,18.03,5.6,27.7,8.0,38.0,8.5
V12B4_C1,12B4,98,85.0,903.0,0.005472727272727272,18.03,5.4,27.9,8.0,37.0,10.2
V12B4_C1,12B4,105,92.0,1042.0,0.006315151515151515,18.03,5.0,27.3,8.0,38.0,11.5
V12B4_C1,12B4,112,99.0,1220.0,0.007393939393939394,18.03,4.6,28.7,8.0,37.0,11.5
V12B4_C1,12B4,119,106.0,1426.0,0.008642424242424243,18.03,5.4,28.0,8.0,38.0,14.2
V12B4_C1,12B4,126,113.0,1596.0,0.009672727272727272,18.03,5.1,27.7,8.0,40.0,16.0
V12B4_C1,12B4,133,120.0,1754.0,0.01063030303030303,18.03,5.5,28.6,8.0,38.0,16.8
V12B4_C2,12B4,35,20.0,72.0,0.0005142857142857143,15.3,5.9,29.0,8.0,40.0,1.4
V12B4_C2,12B4,42,27.0,120.0,0.0008571428571428571,15.3,4.7,28.3,7.8,40.0,2.3
V12B4_C2,12B4,49,34.0,180.0,0.0012857142857142856,15.3,5.6,28.9,7.8,40.0,4.0
V12B4_C2,12B4,56,41.0,280.0,0.002,15.3,5.6,28.4,7.9,37.0,4.2
V12B4_C2,12B4,63,48.0,408.0,0.0029142857142857143,15.3,5.4,29.1,7.9,36.0,5.8
V12B4_C2,12B4,70,55.0,548.0,0.003914285714285714,15.3,5.5,27.9,7.9,34.0,7.0
V12B4_C2,12B4,77,62.0,690.0,0.004928571428571429,15.3,5.3,29.4,7.9,28.0,8.2
V12B4_C2,12B4,84,69.0,830.0,0.005928571428571429,15.3,4.9,29.6,7.9,,9.2
V12B4_C2,12B4,91,76.0,965.0,0.006892857142857143,15.3,5.5,29.4,7.9,26.0,10.5
V12B4_C2,12B4,98,83.0,1110.0,0.007928571428571429,15.3,4.7,29.2,7.9,,11.2
V12B4_C2,12B4,105,90.0,1285.0,0.009178571428571428,15.3,5.3,29.3,7.9,28.0,12.5
V12B4_C2,12B4,112,97.0,1460.0,0.01042857142857143,15.3,4.9,29.4,7.9,28.0,13.7
V12B4_C2,12B4,119,104.0,1637.0,0.011692857142857142,15.3,5.2,28.8,7.9,,14.9
V12B4_C2,12B4,126,111.0,1837.0,0.013121428571428572,15.3,5.1,28.9,7.9,30.0,15.8
V12B4_C2,12B4,133,118.0,2047.0,0.014621428571428572,15.3,5.3,28.5,7.9,32.0,17.0
V12B4_C2,12B4,140,125.0,2257.0,0.01612142857142857,15.3,5.1,28.3,7.9,30.0,18.5
V12B4_C2,12B4,147,132.0,2467.0,0.017621428571428573,15.3,5.0,27.8,7.9,34.0,20.1
V12B4_C2,12B4,154,139.0,2677.0,0.01912142857142857,15.3,5.3,27.0,7.9,32.0,21.5
V12B4_C2,12B4,161,146.0,2887.0,0.020621428571428572,15.3,4.8,27.2,7.9,32.0,22.5
V12B4_C2,12B4,168,153.0,3097.0,0.022121428571428573,15.3,4.1,26.7,7.9,30.0,24.0
V12B4_C2,12B4,175,160.0,3307.0,0.02362142857142857,15.3,4.1,27.1,7.9,30.0,25.0
V12B4_C3,12B4,7,5.0,36.0,0.00029508196721311476,13.33,5.6,26.0,7.8,30.0,3.6
V12B4_C3,12B4,14,12.0,134.0,0.0010983606557377049,13.33,5.0,26.7,7.8,30.0,2.1
V12B4_C3,12B4,21,19.0,223.0,0.0018278688524590164,13.33,5.5,26.7,7.8,30.0,4.8
V12B4_C3,12B4,28,26.0,336.0,0.002754098360655738,13.33,5.9,26.1,7.8,30.0,6.5
V12B4_C3,12B4,35,33.0,459.0,0.003762295081967213,13.33,5.4,26.9,7.9,28.0,7.0
V12B4_C3,12B4,42,40.0,595.0,0.004877049180327869,13.33,5.2,28.0,7.9,30.0,8.0
V12B4_C3,12B4,49,47.0,760.0,0.006229508196721312,13.33,5.2,27.3,7.9,30.0,8.7
V12B4_C3,12B4,56,54.0,935.0,0.007663934426229508,13.33,5.2,26.7,7.9,30.0,10.0
V12B4_C3,12B4,63,61.0,1127.0,0.009237704918032786,13.33,5.2,27.0,7.9,31.0,11.5
V12B4_C3,12B4,70,68.0,1351.0,0.011073770491803279,13.33,4.6,27.9,7.9,30.0,13.0
V12B4_C3,12B4,77,75.0,1575.0,0.012909836065573771,13.33,5.0,27.0,7.9,30.0,13.0
V12B4_C4,12B4,49,27.0,112.0,0.0006222222222222223,19.67,5.6,27.9,8.1,36.0,1.8
V12B4_C4,12B4,56,34.0,172.0,0.0009555555555555555,19.67,5.0,28.6,8.3,33.0,2.8
V12B4_C4,12B4,63,41.0,266.0,0.0014777777777777777,19.67,5.7,28.0,8.3,33.0,3.6
V12B4_C4,12B4,70,48.0,402.0,0.0022333333333333333,19.67,5.4,28.0,8.3,33.0,4.7
V12B4_C4,12B4,77,55.0,557.0,0.0030944444444444444,19.67,5.1,29.4,8.3,35.0,5.3
V12B4_C4,12B4,84,62.0,707.0,0.003927777777777777,19.67,5.0,29.5,8.3,30.0,6.3
V12B4_C4,12B4,91,69.0,872.0,0.004844444444444445,19.67,5.5,29.7,,31.0,7.3
V12B4_C4,12B4,98,76.0,1050.0,0.005833333333333334,19.67,,,,30.0,8.8
V12B4_C4,12B4,105,83.0,1230.0,0.006833333333333334,19.67,4.1,28.9,8.6,33.0,10.0
V12B4_C4,12B4,112,90.0,1426.0,0.007922222222222223,19.67,,,,30.0,11.0
V12B4_C4,12B4,119,97.0,1646.0,0.009144444444444445,19.67,5.2,28.0,8.7,28.0,12.5
V12B4_C4,12B4,126,104.0,1856.0,0.010311111111111111,19.67,4.5,28.0,8.7,25.0,14.0
V12B4_C4,12B4,133,111.0,2075.0,0.011527777777777777,19.67,3.9,29.2,8.7,25.0,15.5
V12B4_C4,12B4,140,118.0,2306.0,0.012811111111111112,19.67,4.0,28.9,8.7,27.0,16.0
V12B4_C4,12B4,147,125.0,2530.0,0.014055555555555556,19.67,4.0,30.0,8.7,23.0,18.4
V12B4_C6,12B4,21,19.0,75.0,0.00039473684210526315,20.76,5.1,28.6,8.3,20.0,1.3
V12B4_C6,12B4,28,26.0,143.0,0.0007526315789473684,20.76,4.8,27.4,8.3,,1.9
V12B4_C6,12B4,35,33.0,300.0,0.0015789473684210526,20.76,5.6,27.0,8.3,21.0,2.4
V12B4_C6,12B4,42,40.0,465.0,0.0024473684210526317,20.76,5.6,27.8,,20.0,3.2
V12B4_C6,12B4,49,47.0,670.0,0.0035263157894736843,20.76,5.0,27.3,8.3,15.0,4.5
V12B4_C6,12B4,56,54.0,880.0,0.0046315789473684215,20.76,6.0,26.9,8.3,13.0,6.0
V12B4_C6,12B4,63,61.0,1090.0,0.005736842105263158,20.76,5.4,27.5,,15.0,7.4
V12B4_C6,12B4,70,68.0,1300.0,0.006842105263157895,20.76,5.2,27.1,,12.0,8.9
V12B4_C6,12B4,77,75.0,1525.0,0.008026315789473683,20.76,4.8,26.3,,12.0,10.0
V12B4_C6,12B4,84,82.0,1735.0,0.009131578947368421,20.76,5.8,25.3,8.7,14.0,11.7
V12B4_C6,12B4,91,89.0,1945.0,0.010236842105263157,20.76,4.8,25.8,8.7,12.0,12.2
V12B4_C6,12B4,98,96.0,2074.0,0.01091578947368421,20.76,6.1,25.8,8.7,15.0,13.2
V12B4_C9,12B4,35,16.0,102.0,0.0009272727272727273,12.02,5.3,27.1,8.9,6.0,1.9
V12B4_C9,12B4,42,23.0,203.0,0.0018454545454545455,12.02,5.0,27.9,8.9,,3.0
V12B4_C9,12B4,49,30.0,,,12.02,4.7,28.2,8.6,7.0,4.1
V12B4_C9,12B4,56,37.0,542.0,0.004927272727272727,12.02,3.8,28.0,8.6,8.0,4.5
V12B4_C9,12B4,91,72.0,2539.0,0.023081818181818183,12.02,3.6,28.8,8.7,2.0,5.6
V12B4_C9,12B4,98,79.0,3064.0,0.027854545454545455,12.02,4.0,28.2,8.7,,6.2
V12B4_C9,12B4,105,86.0,3684.0,0.03349090909090909,12.02,3.2,28.8,8.7,,7.2
V12B4_C9,12B4,112,93.0,4383.0,0.039845454545454545,12.02,3.0,28.9,8.7,,8.3
V12B4_C9,12B4,119,100.0,5181.0,0.0471,12.02,2.6,28.9,8.7,,9.5
V12B4_C9,12B4,126,107.0,6056.0,0.05505454545454545,12.02,3.0,28.3,8.2,,11.5
V12B4_C9,12B4,133,114.0,6806.0,0.061872727272727274,12.02,,,,,12.0
V12B4_C9,12B4,140,121.0,7716.0,0.07014545454545454,12.02,3.4,28.8,8.2,,12.6
V12B4_C9,12B4,147,128.0,8521.0,0.07746363636363636,12.02,2.8,29.1,8.2,7.0,15.0
V12B5_C1,12B5,35,24.0,115.0,0.0004467754467754468,9.94,4.4,27.4,8.4,29.0,1.5
V12B5_C1,12B5,42,31.0,181.0,0.0007031857031857032,9.94,5.8,27.6,8.4,31.0,2.0
V12B5_C1,12B5,49,38.0,251.0,0.0009751359751359751,9.94,6.0,26.9,8.4,33.0,2.7
V12B5_C1,12B5,56,45.0,333.0,0.0012937062937062938,9.94,5.3,27.5,8.4,32.0,3.4
V12B5_C1,12B5,63,52.0,451.0,0.0017521367521367522,9.94,5.2,27.0,8.4,33.0,4.0
V12B5_C1,12B5,70,59.0,602.0,0.002338772338772339,9.94,5.4,27.3,8.3,35.0,5.0
V12B5_C1,12B5,77,66.0,765.0,0.002972027972027972,9.94,4.8,27.9,8.3,34.0,6.3
V12B5_C1,12B5,84,73.0,945.0,0.0036713286713286712,9.94,5.1,28.3,8.3,34.0,7.2
V12B5_C1,12B5,91,80.0,1135.0,0.00440947940947941,9.94,5.5,28.2,8.3,34.0,7.5
V12B5_C1,12B5,98,87.0,1321.0,0.005132090132090132,9.94,5.2,28.0,8.3,38.0,8.3
V12B5_C1,12B5,105,94.0,1524.0,0.005920745920745921,9.94,4.9,28.2,8.2,36.0,10.7
V12B5_C1,12B5,112,101.0,1718.0,0.006674436674436675,9.94,5.2,27.3,8.2,38.0,10.7
V12B5_C1,12B5,119,108.0,1972.0,0.007661227661227662,9.94,4.1,29.1,8.2,39.0,11.9
V12B5_C1,12B5,126,115.0,2219.0,0.008620823620823621,9.94,5.0,27.6,8.2,39.0,12.1
V12B5_C1,12B5,133,122.0,2414.0,0.009378399378399379,9.94,4.8,27.9,8.2,40.0,13.7
V12B5_C1,12B5,140,129.0,2595.0,0.010081585081585081,9.94,5.3,28.9,8.2,31.0,15.5
V12B5_C1,12B5,147,136.0,2812.0,0.010924630924630925,9.94,5.4,28.1,8.2,40.0,16.0
V12B5_C1,12B5,154,143.0,3036.0,0.011794871794871795,9.94,5.5,28.2,8.2,40.0,17.2
V12B5_C1,12B5,161,150.0,3236.0,0.012571872571872571,9.94,5.1,29.4,8.2,40.0,18.6
V12B5_C1,12B5,168,157.0,3446.0,0.013387723387723387,9.94,5.0,28.5,8.2,36.0,19.4
V12B5_C1,12B5,175,164.0,3665.0,0.014238539238539238,9.94,4.8,29.5,8.2,38.0,21.3
V12B5_C2,12B5,28,19.0,94.0,0.00036153846153846154,10.04,5.5,29.1,7.9,36.0,2.2
V12B5_C2,12B5,35,26.0,136.0,0.0005230769230769231,10.04,5.9,27.9,7.9,32.0,3.3
V12B5_C2,12B5,42,33.0,208.0,0.0008,10.04,5.1,29.5,7.9,29.0,3.7
V12B5_C2,12B5,49,40.0,330.0,0.0012692307692307692,10.04,4.8,29.7,7.9,,4.1
V12B5_C2,12B5,56,47.0,501.0,0.001926923076923077,10.04,5.1,29.6,7.9,27.0,5.0
V12B5_C2,12B5,63,54.0,701.0,0.002696153846153846,10.04,5.2,29.2,7.9,,5.7
V12B5_C2,12B5,70,61.0,936.0,0.0036,10.04,5.0,29.3,7.9,28.0,5.7
V12B5_C2,12B5,77,68.0,1192.0,0.004584615384615385,10.04,5.0,29.4,7.9,28.0,6.3
V12B5_C2,12B5,84,75.0,1469.0,0.00565,10.04,5.0,28.9,7.9,,7.3
V12B5_C2,12B5,91,82.0,1809.0,0.006957692307692308,10.04,5.2,29.0,7.9,31.0,8.6
V12B5_C2,12B5,98,89.0,2159.0,0.008303846153846155,10.04,5.1,28.6,7.9,30.0,10.0
V12B5_C2,12B5,105,96.0,2491.0,0.009580769230769231,10.04,4.9,28.3,7.9,30.0,11.3
V12B5_C2,12B5,112,103.0,2799.0,0.010765384615384616,10.04,5.3,28.0,7.9,31.0,13.5
V12B5_C2,12B5,119,110.0,3113.0,0.011973076923076923,10.04,5.0,27.2,7.6,32.0,15.5
V12B5_C2,12B5,126,117.0,3429.0,0.013188461538461538,10.04,5.4,27.2,7.6,32.0,16.5
V12B5_C2,12B5,133,124.0,3744.0,0.0144,10.04,4.9,26.8,7.6,31.0,16.7
V12B5_C2,12B5,140,131.0,3969.0,0.015265384615384615,10.04,5.0,27.2,7.6,28.0,18.4
V12B5_C3,12B5,21,17.0,55.0,0.00019298245614035088,11.0,5.8,26.7,7.8,30.0,1.0
V12B5_C3,12B5,28,24.0,83.0,0.0002912280701754386,11.0,5.5,26.1,7.8,30.0,2.0
V12B5_C3,12B5,35,31.0,127.0,0.0004456140350877193,11.0,5.5,27.3,7.8,28.0,3.0
V12B5_C3,12B5,42,38.0,195.0,0.0006842105263157894,11.0,5.5,28.0,7.8,30.0,3.7
V12B5_C3,12B5,49,45.0,290.0,0.0010175438596491228,11.0,5.8,27.5,7.8,30.0,4.0
V12B5_C3,12B5,56,52.0,395.0,0.0013859649122807017,11.0,5.2,26.8,7.9,30.0,4.9
V12B5_C3,12B5,63,59.0,581.0,0.00203859649122807,11.0,5.4,27.3,7.9,30.0,5.6
V12B5_C3,12B5,70,66.0,820.0,0.0028771929824561405,11.0,5.3,28.0,7.9,30.0,5.6
V12B5_C3,12B5,77,73.0,1065.0,0.0037368421052631578,11.0,5.3,27.2,7.6,32.0,6.5
V12B5_C3,12B5,84,80.0,1310.0,0.004596491228070175,11.0,4.8,27.8,7.6,32.0,7.5
V12B5_C3,12B5,91,87.0,1555.0,0.005456140350877193,11.0,4.4,26.9,7.6,32.0,8.1
V12B5_C3,12B5,98,94.0,1780.0,0.006245614035087719,11.0,5.2,27.8,7.6,34.0,8.4
V12B5_C3,12B5,105,101.0,2038.0,0.007150877192982456,11.0,5.4,27.4,7.6,35.0,9.6
V12B5_C3,12B5,112,108.0,2298.0,0.008063157894736842,11.0,5.4,28.0,7.6,36.0,11.0
V12B5_C3,12B5,119,115.0,2568.0,0.009010526315789474,11.0,5.8,27.6,7.9,37.0,11.9
V12B5_C3,12B5,126,122.0,2893.0,0.010150877192982456,11.0,5.3,28.9,7.9,37.0,11.9
V12B5_C3,12B5,133,129.0,3172.0,0.011129824561403509,11.0,5.7,28.1,7.9,36.0,12.8
V12B5_C3,12B5,140,136.0,3412.0,0.011971929824561403,11.0,5.1,29.0,8.4,32.0,14.0
V12B5_C3,12B5,147,143.0,3652.0,0.012814035087719299,11.0,5.8,28.3,8.4,33.0,14.3
V12B5_C4,12B5,35,20.0,93.0,0.00033214285714285713,10.81,4.4,29.3,8.5,33.0,2.1
V12B5_C4,12B5,42,27.0,143.0,0.0005107142857142857,10.81,,,,31.0,2.6
V12B5_C4,12B5,49,34.0,227.0,0.0008107142857142857,10.81,5.3,28.1,8.7,28.0,3.1
V12B5_C4,12B5,56,41.0,385.0,0.001375,10.81,5.3,28.2,8.7,27.0,3.1
V12B5_C4,12B5,63,48.0,572.0,0.0020428571428571427,10.81,5.5,29.6,8.7,26.0,4.6
V12B5_C4,12B5,70,55.0,770.0,0.00275,10.81,5.3,28.9,8.2,28.0,5.4
V12B5_C4,12B5,77,62.0,995.0,0.0035535714285714285,10.81,6.3,29.9,8.2,23.0,6.1
V12B5_C4,12B5,84,69.0,1241.0,0.004432142857142857,10.81,4.5,29.3,8.2,22.0,6.5
V12B5_C4,12B5,91,76.0,1535.0,0.005482142857142857,10.81,2.7,28.9,8.2,20.0,7.3
V12B5_C4,12B5,105,90.0,2227.0,0.007953571428571428,10.81,2.7,27.8,8.2,23.0,7.8
V12B5_C4,12B5,112,97.0,2577.0,0.009203571428571429,10.81,,,,23.0,8.8
V12B5_C4,12B5,119,104.0,2927.0,0.010453571428571428,10.81,,,,,9.5
V12B5_C4,12B5,126,111.0,3307.0,0.011810714285714285,10.81,,,,,10.0
V12B5_C4,12B5,133,118.0,3667.0,0.013096428571428571,10.81,3.9,28.2,8.2,20.0,10.0
V12B5_C5,12B5,49,27.0,134.0,0.00044666666666666666,11.58,5.9,27.0,8.4,14.0,2.1
V12B5_C5,12B5,56,34.0,198.0,0.00066,11.58,5.4,27.6,,15.0,2.8
V12B5_C5,12B5,63,41.0,334.0,0.0011133333333333334,11.58,5.8,27.1,,12.0,3.1
V12B5_C5,12B5,70,48.0,517.0,0.0017233333333333332,11.58,5.1,26.3,,11.0,3.1
V12B5_C5,12B5,77,55.0,723.0,0.00241,11.58,5.6,25.5,8.6,13.0,4.3
V12B5_C5,12B5,84,62.0,953.0,0.0031766666666666666,11.58,5.3,25.9,8.6,12.0,4.9
V12B5_C5,12B5,91,69.0,1198.0,0.003993333333333333,11.58,5.3,25.9,8.6,15.0,6.3
V12B5_C5,12B5,98,76.0,1463.0,0.004876666666666666,11.58,5.5,26.3,8.6,,6.3
V12B5_C5,12B5,105,83.0,1743.0,0.00581,11.58,4.6,25.8,8.6,15.0,7.2
V12B5_C5,12B5,112,90.0,2023.0,0.006743333333333333,11.58,5.0,25.8,8.6,18.0,8.2
V12B5_C5,12B5,119,97.0,2250.0,0.0075,11.58,5.0,25.7,8.6,20.0,8.4
V12B5_C5,12B5,126,104.0,2460.0,0.0082,11.58,4.8,26.6,8.6,20.0,9.4
V12B5_C5,12B5,133,111.0,2672.0,0.008906666666666667,11.58,5.3,26.2,8.8,25.0,11.5
V12B5_C5,12B5,140,118.0,2896.0,0.009653333333333333,11.58,4.8,26.5,8.8,25.0,12.4
V12B5_C5,12B5,147,125.0,3086.0,0.010286666666666666,11.58,5.5,26.2,8.8,25.0,14.0
V12B5_C5,12B5,154,132.0,3278.0,0.010926666666666666,11.58,4.8,26.8,8.8,25.0,15.3
V12B5_C7,12B5,21,8.0,435.0,0.0017755102040816326,9.46,5.6,28.8,8.8,25.0,3.3
V12B5_C7,12B5,28,15.0,645.0,0.00263265306122449,9.46,5.0,28.5,8.8,20.0,4.0
V12B5_C7,12B5,35,22.0,905.0,0.003693877551020408,9.46,5.0,29.2,8.8,22.0,5.1
V12B5_C7,12B5,42,29.0,1246.0,0.005085714285714285,9.46,4.5,28.0,8.8,,6.1
V12B5_C7,12B5,49,36.0,1546.0,0.006310204081632653,9.46,5.4,29.3,8.8,21.0,7.5
V12B5_C7,12B5,56,43.0,1901.0,0.007759183673469388,9.46,4.5,28.4,8.8,20.0,8.5
V12B5_C7,12B5,63,50.0,2286.0,0.00933061224489796,9.46,,,,16.0,9.5
V12B5_C7,12B5,70,57.0,2698.0,0.011012244897959184,9.46,4.5,29.2,8.8,16.0,10.3
V12B5_C7,12B5,77,64.0,3118.0,0.012726530612244899,9.46,4.9,29.1,8.8,15.0,12.0
V12B5_C8,12B5,28,16.0,65.0,0.0001625,15.44,3.8,28.0,8.6,,1.4
V12B5_C8,12B5,35,23.0,215.0,0.0005375,15.44,5.0,28.1,8.6,25.0,1.9
V12B5_C8,12B5,42,30.0,470.0,0.001175,15.44,4.9,28.1,8.6,28.0,2.0
V12B5_C8,12B5,49,37.0,675.0,0.0016875,15.44,5.5,28.0,,26.0,4.4
V12B5_C8,12B5,56,44.0,975.0,0.0024375,15.44,5.2,27.6,,25.0,5.0
V12B5_C8,12B5,70,58.0,1495.0,0.0037375,15.44,5.0,27.9,,25.0,9.7
V12B5_C8,12B5,77,65.0,1795.0,0.0044875,15.44,4.9,27.7,8.4,,9.7
V13_C1,13,35,20.0,59.0,0.0002458333333333333,7.97,4.0,27.1,8.4,33.0,1.2
V13_C1,13,42,27.0,91.0,0.00037916666666666665,7.97,3.4,27.6,8.4,29.0,2.0
V13_C1,13,49,34.0,149.0,0.0006208333333333334,7.97,4.1,27.2,8.4,34.0,3.5
V13_C1,13,56,41.0,255.0,0.0010625,7.97,5.0,27.7,8.3,35.0,5.0
V13_C1,13,63,48.0,401.0,0.0016708333333333334,7.97,4.4,28.1,8.3,35.0,5.0
V13_C1,13,70,55.0,576.0,0.0024,7.97,4.1,28.6,8.3,39.0,5.6
V13_C1,13,77,62.0,766.0,0.003191666666666667,7.97,4.8,28.6,8.2,38.0,5.7
V13_C1,13,84,69.0,976.0,0.004066666666666666,7.97,4.9,28.2,8.2,37.0,5.9
V13_C1,13,91,76.0,1176.0,0.0049,7.97,4.1,28.7,8.2,36.0,6.0
V13_C1,13,98,83.0,1382.0,0.005758333333333333,7.97,3.8,27.9,8.2,38.0,9.0
V13_C1,13,105,90.0,1627.0,0.006779166666666667,7.97,3.1,29.3,8.2,38.0,10.5
V13_C1,13,112,97.0,1879.0,0.007829166666666667,7.97,4.7,28.4,8.2,40.0,11.6
V13_C1,13,119,104.0,2076.0,0.00865,7.97,3.8,27.9,8.2,40.0,11.7
V13_C1,13,126,111.0,2273.0,0.009470833333333333,7.97,3.7,29.1,8.2,39.0,12.8
V13_C1,13,133,118.0,2503.0,0.010429166666666666,7.97,3.7,28.6,8.2,39.0,13.2
V13_C1,13,140,125.0,2748.0,0.01145,7.97,3.8,28.4,8.2,40.0,14.2
V13_C1,13,147,132.0,3003.0,0.0125125,7.97,,,,40.0,15.0
V13_C1,13,154,139.0,3262.0,0.013591666666666667,7.97,3.4,28.8,8.2,40.0,16.0
V13_C1,13,161,146.0,3521.0,0.014670833333333333,7.97,4.1,29.9,8.2,40.0,16.7
V13_C2,13,21,12.0,40.0,0.0001639344262295082,8.11,5.9,28.7,8.3,40.0,1.8
V13_C2,13,28,19.0,84.0,0.00034426229508196723,8.11,6.1,29.5,8.3,36.0,2.8
V13_C2,13,35,26.0,168.0,0.0006885245901639345,8.11,5.7,28.3,8.2,32.0,3.5
V13_C2,13,42,33.0,312.0,0.0012786885245901639,8.11,5.2,29.5,8.2,28.0,4.8
V13_C2,13,49,40.0,487.0,0.0019959016393442624,8.11,4.0,29.9,8.2,,6.5
V13_C2,13,56,47.0,646.0,0.002647540983606557,8.11,5.4,29.8,8.2,26.0,7.5
V13_C2,13,63,54.0,841.0,0.00344672131147541,8.11,3.5,29.2,8.2,,9.2
V13_C2,13,70,61.0,1077.0,0.004413934426229508,8.11,5.3,29.0,8.7,28.0,10.3
V13_C2,13,77,68.0,1363.0,0.0055860655737704915,8.11,4.0,29.7,8.6,28.0,10.3
V13_C2,13,84,75.0,1598.0,0.006549180327868853,8.11,4.6,29.0,8.6,,13.0
V13_C2,13,91,82.0,1868.0,0.007655737704918033,8.11,4.0,29.5,8.6,30.0,14.5
V13_C2,13,98,89.0,2126.0,0.008713114754098361,8.11,4.9,28.6,8.6,32.0,14.5
V13_C2,13,105,96.0,2321.0,0.009512295081967213,8.11,4.0,28.4,8.6,28.0,14.5
V13_C2,13,112,103.0,2531.0,0.010372950819672131,8.11,4.2,28.0,8.6,32.0,16.0
V13_C2,13,119,110.0,2715.0,0.011127049180327869,8.11,4.9,26.9,8.6,32.0,16.5
V13_C2,13,126,117.0,2885.0,0.01182377049180328,8.11,5.5,27.3,8.6,30.0,16.5
V13_C2,13,133,124.0,3053.0,0.012512295081967214,8.11,3.8,26.8,8.6,32.0,17.4
V13_C3,13,21,12.0,33.0,0.00011785714285714286,9.3,5.3,26.4,8.3,29.0,1.0
V13_C3,13,28,19.0,61.0,0.00021785714285714285,9.3,6.2,27.6,8.3,30.0,2.1
V13_C3,13,35,26.0,105.0,0.000375,9.3,4.4,26.9,8.3,30.0,3.5
V13_C3,13,42,33.0,270.0,0.0009642857142857143,9.3,4.6,26.3,8.3,30.0,5.0
V13_C3,13,49,40.0,540.0,0.0019285714285714286,9.3,4.6,27.5,8.3,28.0,6.5
V13_C3,13,56,47.0,890.0,0.0031785714285714286,9.3,3.2,28.5,8.3,30.0,8.0
V13_C3,13,63,54.0,1270.0,0.004535714285714285,9.3,2.8,27.6,8.3,30.0,9.0
V13_C3,13,70,61.0,1640.0,0.005857142857142857,9.3,4.4,26.8,8.3,30.0,10.6
V13_C3,13,77,68.0,2015.0,0.0071964285714285715,9.3,5.2,27.3,8.2,30.0,11.7
V13_C3,13,84,75.0,2400.0,0.008571428571428572,9.3,3.8,28.2,8.2,31.0,13.1
V13_C3,13,91,82.0,2730.0,0.00975,9.3,4.4,27.4,8.2,32.0,15.0
V13_C4,13,28,14.0,57.0,0.0002111111111111111,8.97,5.0,28.6,8.1,36.0,1.2
V13_C4,13,35,21.0,87.0,0.0003222222222222222,8.97,5.2,27.6,8.1,37.0,2.0
V13_C4,13,42,28.0,122.0,0.00045185185185185183,8.97,4.4,29.3,8.1,38.0,3.0
V13_C4,13,49,35.0,237.0,0.0008777777777777778,8.97,4.8,28.1,8.1,40.0,4.4
V13_C4,13,56,42.0,407.0,0.0015074074074074074,8.97,4.3,29.2,8.4,34.0,6.0
V13_C4,13,63,49.0,612.0,0.002266666666666667,8.97,5.3,28.6,8.4,35.0,6.2
V13_C4,13,70,56.0,847.0,0.003137037037037037,8.97,5.4,28.4,8.4,33.0,6.8
V13_C4,13,77,63.0,1122.0,0.0041555555555555556,8.97,3.3,28.7,8.4,34.0,8.2
V13_C4,13,84,70.0,1392.0,0.005155555555555556,8.97,3.9,29.9,8.4,33.0,9.0
V13_C4,13,91,77.0,1687.0,0.0062481481481481485,8.97,4.2,30.5,,33.0,9.5
V13_C4,13,98,84.0,1987.0,0.007359259259259259,8.97,,,,35.0,10.3
V13_C4,13,105,91.0,2287.0,0.008470370370370371,8.97,3.9,29.8,8.8,33.0,11.0
V13_C4,13,112,98.0,2602.0,0.009637037037037038,8.97,,,,35.0,11.0
V13_C4,13,119,105.0,2902.0,0.010748148148148147,8.97,3.6,28.1,8.9,31.0,12.5
V13_C4,13,126,112.0,3147.0,0.011655555555555556,8.97,4.8,28.6,8.9,32.0,13.3
V13_C4,13,133,119.0,3397.0,0.012581481481481482,8.97,4.1,29.6,8.9,30.0,15.1
V13_C4,13,140,126.0,3642.0,0.013488888888888889,8.97,4.0,28.9,8.9,31.0,15.6
V13_C4,13,147,133.0,3932.0,0.014562962962962963,8.97,2.7,30.4,8.9,30.0,16.9
V13_C4,13,154,140.0,4232.0,0.015674074074074073,8.97,6.4,29.6,8.9,27.0,17.4
V13_C5,13,7,4.0,180.0,0.0008372093023255813,7.14,3.7,27.6,8.4,25.0,7.0
V13_C5,13,14,11.0,495.0,0.002302325581395349,7.14,,,,24.0,7.7
V13_C5,13,21,18.0,790.0,0.003674418604651163,7.14,,,,,9.7
V13_C5,13,28,25.0,1125.0,0.005232558139534884,7.14,,,,,11.0
V13_C5,13,35,32.0,1500.0,0.0069767441860465115,7.14,3.4,28.0,8.1,20.0,12.0
V13_C5,13,42,39.0,1885.0,0.008767441860465117,7.14,2.2,29.2,8.1,18.0,12.0
V13_C5,13,49,46.0,2285.0,0.010627906976744187,7.14,3.9,29.4,8.1,21.0,13.2
V13_C5,13,56,53.0,2675.0,0.01244186046511628,7.14,3.3,29.0,8.3,21.0,13.2
V13_C6,13,35,21.0,98.0,0.00016065573770491804,20.27,3.7,27.5,7.0,12.0,1.5
V13_C6,13,42,28.0,209.0,0.00034262295081967213,20.27,2.0,27.9,,15.0,2.1
V13_C6,13,49,35.0,484.0,0.0007934426229508197,20.27,4.8,25.9,,13.0,2.1
V13_C6,13,56,42.0,789.0,0.0012934426229508197,20.27,3.4,25.5,8.9,13.0,3.0
V13_C6,13,63,49.0,1014.0,0.001662295081967213,20.27,5.0,26.1,8.6,15.0,4.0
V13_C6,13,70,56.0,1259.0,0.002063934426229508,20.27,6.3,26.1,8.6,25.0,6.4
V13_C6,13,77,63.0,1539.0,0.0025229508196721313,20.27,5.2,27.1,8.6,,8.0
V13_C6,13,84,70.0,1854.0,0.003039344262295082,20.27,5.1,26.0,8.6,25.0,9.2
V13_C6,13,91,77.0,2169.0,0.0035557377049180326,20.27,4.5,26.0,8.6,28.0,10.5
V13_C6,13,98,84.0,2484.0,0.0040721311475409834,20.27,4.9,25.8,8.6,28.0,11.2
V13_C6,13,105,91.0,2804.0,0.0045967213114754095,20.27,4.0,26.2,8.6,30.0,12.1
V13_C6,13,112,98.0,3184.0,0.005219672131147541,20.27,4.0,26.5,8.6,30.0,11.5
V13_C6,13,119,105.0,3484.0,0.005711475409836066,20.27,4.4,26.4,8.6,30.0,14.7
V13_C6,13,126,112.0,3754.0,0.006154098360655738,20.27,4.6,26.4,8.6,30.0,15.5
V13_C7,13,21,6.0,249.0,0.001082608695652174,7.64,4.4,27.6,8.6,30.0,5.5
V13_C7,13,28,13.0,399.0,0.001734782608695652,7.64,4.0,26.9,8.6,33.0,6.5
V13_C7,13,35,20.0,579.0,0.002517391304347826,7.64,3.8,27.5,8.6,35.0,8.7
V13_C7,13,49,34.0,1069.0,0.004647826086956522,7.64,3.3,28.8,8.9,35.0,11.2
V13_C7,13,56,41.0,1354.0,0.005886956521739131,7.64,3.6,29.1,8.9,35.0,12.5
V13_C7,13,63,48.0,1634.0,0.007104347826086956,7.64,4.4,27.5,8.9,35.0,14.5
V13_C7,13,70,55.0,1879.0,0.008169565217391305,7.64,3.7,28.7,8.9,,14.5
V13_C8,13,21,56.0,135.0,0.0005510204081632653,8.14,,,,30.0,6.5
V13_C8,13,28,13.0,448.0,0.0018285714285714285,8.14,3.5,29.1,8.6,30.0,9.6
V13_C8,13,35,20.0,813.0,0.0033183673469387755,8.14,5.1,29.3,8.6,,10.3
V13_C8,13,42,27.0,1158.0,0.004726530612244898,8.14,3.5,29.1,8.6,28.0,12.0
V13_C8,13,49,41.0,1413.0,0.00576734693877551,8.14,2.5,29.4,,26.0,14.0
V13_C8,13,56,48.0,1833.0,0.007481632653061224,8.14,4.0,29.5,8.6,,14.7
V13_C8,13,63,55.0,2233.0,0.009114285714285714,8.14,4.1,29.6,8.6,25.0,16.2
V13_C8,13,70,62.0,2688.0,0.010971428571428571,8.14,3.8,28.5,8.6,25.0,18.0
V13_C8,13,77,69.0,3143.0,0.012828571428571429,8.14,,,,20.0,19.0
V13_C9,13,49,29.0,386.0,0.0006225806451612904,20.6,4.4,28.8,8.9,28.0,2.6
V13_C9,13,56,36.0,716.0,0.0011548387096774193,20.6,5.8,28.0,8.9,30.0,2.6
V13_C9,13,63,43.0,1071.0,0.0017274193548387096,20.6,4.7,28.0,,28.0,5.0
V13_C9,13,70,50.0,1411.0,0.0022758064516129033,20.6,4.4,28.0,,25.0,7.0
V13_C9,13,84,64.0,2146.0,0.003461290322580645,20.6,4.5,27.9,,28.0,9.5
V13_C9,13,91,71.0,2556.0,0.0041225806451612905,20.6,4.8,27.9,8.5,,12.0
V14_C1,14,21,14.0,42.0,0.0001990521327014218,9.81,6.9,28.0,8.3,35.0,1.0
V14_C1,14,28,21.0,69.0,0.00032701421800947867,9.81,5.4,28.4,8.3,36.0,3.4
V14_C1,14,35,28.0,111.0,0.0005260663507109005,9.81,4.2,29.0,8.3,36.0,4.2
V14_C1,14,42,35.0,205.0,0.0009715639810426541,9.81,4.6,28.8,8.3,39.0,5.1
V14_C1,14,49,42.0,307.0,0.0014549763033175356,9.81,3.0,28.6,8.3,40.0,5.6
V14_C1,14,56,49.0,422.0,0.002,9.81,3.9,28.9,8.3,40.0,5.7
V14_C1,14,63,56.0,574.0,0.0027203791469194312,9.81,4.3,28.2,8.3,40.0,5.7
V14_C1,14,70,63.0,763.0,0.0036161137440758294,9.81,4.5,29.7,8.3,38.0,6.1
V14_C1,14,77,70.0,961.0,0.004554502369668247,9.81,5.4,29.4,8.3,40.0,7.3
V14_C1,14,84,77.0,1172.0,0.005554502369668247,9.81,4.5,28.4,8.3,40.0,7.3
V14_C1,14,91,84.0,1405.0,0.006658767772511848,9.81,3.4,29.4,8.3,39.0,8.3
V14_C1,14,98,91.0,1670.0,0.007914691943127963,9.81,3.6,28.8,8.3,40.0,10.0
V14_C1,14,105,98.0,1950.0,0.00924170616113744,9.81,3.5,29.0,8.3,40.0,10.0
V14_C1,14,112,105.0,2190.0,0.01037914691943128,9.81,4.0,30.0,8.3,40.0,13.2
V14_C1,14,119,112.0,2310.0,0.010947867298578199,9.81,5.4,29.4,8.3,40.0,13.8
V14_C1,14,126,119.0,2495.0,0.011824644549763032,9.81,3.9,30.2,8.3,40.0,15.0
V14_C1,14,133,126.0,2639.0,0.012507109004739336,9.81,4.5,29.1,8.3,40.0,16.7
V14_C1,14,140,133.0,2834.0,0.01343127962085308,9.81,3.1,29.3,7.7,40.0,17.5
V14_C2,14,28,15.0,61.0,0.0002772727272727273,10.23,6.0,29.9,8.4,28.0,1.0
V14_C2,14,35,22.0,96.0,0.00043636363636363637,10.23,3.4,30.5,8.4,,2.2
V14_C2,14,42,29.0,148.0,0.0006727272727272728,10.23,5.8,29.8,8.4,26.0,2.8
V14_C2,14,49,36.0,266.0,0.001209090909090909,10.23,2.3,29.4,8.4,,4.0
V14_C2,14,56,43.0,450.0,0.0020454545454545456,10.23,4.6,29.4,8.4,28.0,5.0
V14_C2,14,63,50.0,656.0,0.002981818181818182,10.23,4.2,29.9,8.4,28.0,5.4
V14_C2,14,70,57.0,866.0,0.003936363636363636,10.23,5.3,29.5,8.4,,7.0
V14_C2,14,77,64.0,1111.0,0.00505,10.23,5.2,29.6,8.4,30.0,7.5
V14_C2,14,84,71.0,1393.0,0.0063318181818181815,10.23,5.0,29.5,8.4,32.0,8.1
V14_C2,14,91,78.0,1633.0,0.007422727272727273,10.23,4.8,28.7,8.6,28.0,8.2
V14_C2,14,98,85.0,1869.0,0.008495454545454546,10.23,5.0,28.3,8.6,32.0,10.0
V14_C2,14,105,92.0,2048.0,0.00930909090909091,10.23,6.0,27.3,8.6,32.0,10.0
V14_C2,14,112,99.0,2243.0,0.010195454545454546,10.23,5.4,27.5,8.6,32.0,10.3
V14_C2,14,119,106.0,2315.0,0.010522727272727272,10.23,5.5,27.4,8.6,32.0,10.7
V14_C2,14,126,113.0,2505.0,0.011386363636363637,10.23,5.2,27.2,8.6,29.0,11.4
V14_C2,14,133,120.0,2735.0,0.012431818181818181,10.23,5.8,27.7,8.6,30.0,11.0
V14_C2,14,140,127.0,2935.0,0.01334090909090909,10.23,5.0,27.3,8.6,30.0,13.8
V14_C2,14,147,134.0,3010.0,0.013681818181818182,10.23,5.6,26.5,8.6,29.0,14.1
V14_C2,14,154,141.0,3150.0,0.014318181818181818,10.23,5.5,28.6,8.6,29.0,14.1
V14_C2,14,161,148.0,3290.0,0.014954545454545455,10.23,5.9,27.3,8.6,30.0,14.1
V14_C3,14,49,15.0,56.0,0.00018064516129032257,14.42,2.5,28.7,8.1,30.0,1.5
V14_C3,14,56,22.0,112.0,0.00036129032258064514,14.42,4.7,28.4,8.1,32.0,2.6
V14_C3,14,63,29.0,265.0,0.0008548387096774194,14.42,2.0,28.6,8.1,32.0,3.3
V14_C3,14,70,36.0,465.0,0.0015,14.42,5.0,27.6,8.1,32.0,3.8
V14_C3,14,77,43.0,690.0,0.002225806451612903,14.42,3.5,28.3,8.1,33.0,4.0
V14_C3,14,84,50.0,920.0,0.002967741935483871,14.42,4.6,28.1,8.1,36.0,4.0
V14_C3,14,91,57.0,1160.0,0.0037419354838709677,14.42,3.5,28.9,8.1,37.0,7.0
V14_C3,14,98,64.0,1400.0,0.004516129032258065,14.42,5.0,28.1,8.1,37.0,7.5
V14_C3,14,105,71.0,1680.0,0.005419354838709678,14.42,3.7,29.7,8.1,38.0,8.5
V14_C3,14,112,78.0,1945.0,0.006274193548387097,14.42,5.5,28.6,8.1,37.0,9.8
V14_C3,14,119,85.0,2215.0,0.007145161290322581,14.42,3.8,29.5,8.1,34.0,11.0
V14_C3,14,126,92.0,2485.0,0.008016129032258065,14.42,5.0,29.1,8.1,35.0,11.8
V14_C3,14,133,99.0,2770.0,0.008935483870967742,14.42,4.8,28.6,8.1,33.0,13.0
V14_C3,14,140,106.0,3060.0,0.009870967741935483,14.42,4.4,29.4,8.1,35.0,14.2
V14_C3,14,147,113.0,3400.0,0.01096774193548387,14.42,3.6,30.1,8.1,33.0,15.2
V14_C3,14,154,120.0,3650.0,0.011774193548387097,14.42,3.0,30.7,,33.0,16.8
V14_C3,14,161,127.0,3890.0,0.012548387096774194,14.42,,,,34.0,17.8
V14_C4,14,21,18.0,71.0,0.0001136,29.07,5.0,28.8,8.9,30.0,1.5
V14_C4,14,28,25.0,168.0,0.0002688,29.07,5.9,29.8,8.9,30.0,2.3
V14_C4,14,35,32.0,413.0,0.0006608,29.07,5.0,29.0,8.9,31.0,3.0
V14_C4,14,42,39.0,708.0,0.0011328,29.07,4.4,30.2,8.9,30.0,3.0
V14_C4,14,49,46.0,1038.0,0.0016608,29.07,7.0,29.6,8.9,28.0,3.5
V14_C4,14,56,53.0,1433.0,0.0022928,29.07,2.8,30.0,8.6,26.0,3.8
V14_C4,14,70,67.0,2148.0,0.0034368,29.07,4.8,27.5,8.3,25.0,5.7
V14_C4,14,77,74.0,2453.0,0.0039248,29.07,,,,23.0,7.8
V14_C4,14,84,81.0,2723.0,0.0043568,29.07,,,,,8.0
V14_C4,14,91,88.0,3038.0,0.0048608,29.07,,,,,10.5
V14_C4,14,98,95.0,3353.0,0.0053648,29.07,3.7,28.5,8.4,20.0,12.9
V14_C4,14,105,102.0,3633.0,0.0058128,29.07,4.3,29.6,8.4,18.0,14.0
V14_C4,14,112,109.0,3938.0,0.0063008,29.07,4.3,29.6,8.4,22.0,15.5
V14_C4,14,119,116.0,4253.0,0.0068048,29.07,4.1,29.1,8.4,20.0,15.0
V14_C4,14,126,123.0,4603.0,0.0073648,29.07,2.2,28.1,8.4,,16.5
V14_C4,14,133,130.0,4903.0,0.0078448,29.07,3.0,27.8,8.4,23.0,18.7
V14_C4,14,140,137.0,5223.0,0.0083568,29.07,3.9,28.1,,20.0,19.5
V14_C4,14,147,144.0,5518.0,0.0088288,29.07,3.5,27.5,8.5,15.0,21.5
V14_C4,14,154,151.0,5742.0,0.0091872,29.07,4.4,27.5,8.5,14.0,25.0
V14_C4,14,161,158.0,5937.0,0.0094992,29.07,2.6,28.1,,15.0,25.0
V14_C4,14,168,165.0,6057.0,0.0096912,29.07,5.9,28.1,,15.0,25.4
V14_C5,14,14,5.0,500.0,0.002564102564102564,9.07,5.9,26.7,8.6,25.0,4.5
V14_C5,14,21,12.0,680.0,0.0034871794871794873,9.07,6.3,26.1,8.6,25.0,7.7
V14_C5,14,28,19.0,890.0,0.004564102564102564,9.07,4.5,27.5,8.6,,10.5
V14_C5,14,35,26.0,1110.0,0.005692307692307693,9.07,6.2,26.4,8.6,25.0,13.0
V14_C5,14,42,33.0,1340.0,0.006871794871794872,9.07,5.5,26.5,8.6,28.0,14.4
V14_C6,14,35,21.0,69.0,0.00011129032258064517,28.84,4.2,26.9,8.8,30.0,1.2
V14_C6,14,42,28.0,103.0,0.00016612903225806451,28.84,4.0,27.5,8.8,30.0,1.8
V14_C6,14,49,35.0,133.0,0.00021451612903225807,28.84,4.0,28.0,8.7,30.0,2.8
V14_C6,14,56,42.0,333.0,0.0005370967741935484,28.84,4.5,28.0,8.7,30.0,2.7
V14_C6,14,63,49.0,431.0,0.0006951612903225807,28.84,4.4,27.9,8.7,33.0,3.7
V14_C6,14,70,56.0,563.0,0.0009080645161290323,28.84,5.2,27.4,8.7,35.0,5.0
V14_C6,14,77,63.0,743.0,0.0011983870967741935,28.84,4.8,27.9,8.7,35.0,7.0
V14_C6,14,91,77.0,1253.0,0.002020967741935484,28.84,3.1,29.0,9.0,35.0,10.0
V14_C6,14,98,84.0,1503.0,0.002424193548387097,28.84,4.5,29.4,9.0,36.0,11.6
V14_C6,14,105,91.0,1763.0,0.0028435483870967743,28.84,4.4,28.3,9.0,35.0,13.0
V14_C7,14,28,24.0,225.0,0.00036290322580645164,28.84,4.6,29.1,8.6,30.0,1.9
V14_C7,14,35,31.0,,,28.84,4.2,29.7,8.6,,2.1
V14_C7,14,42,38.0,660.0,0.0010645161290322581,28.84,5.1,29.6,8.6,28.0,3.5
V14_C7,14,49,45.0,910.0,0.001467741935483871,28.84,4.0,29.3,8.6,28.0,4.5
V14_C7,14,56,52.0,1180.0,0.0019032258064516129,28.84,5.1,29.4,8.6,26.0,5.5
V14_C7,14,63,59.0,1530.0,0.0024677419354838708,28.84,4.8,29.9,8.6,,7.0
V14_C7,14,70,66.0,1880.0,0.003032258064516129,28.84,4.9,29.7,8.6,26.0,8.5
V14_C7,14,77,73.0,2265.0,0.003653225806451613,28.84,3.1,29.0,8.6,25.0,9.6
V14_C7,14,84,80.0,2650.0,0.004274193548387097,28.84,,,,20.0,11.0
V14_C7,14,91,87.0,3035.0,0.0048951612903225805,28.84,3.0,29.8,8.6,20.0,12.0
V14_C7,14,98,94.0,3440.0,0.005548387096774194,28.84,4.0,29.5,8.6,20.0,12.8
V14_C7,14,105,101.0,3860.0,0.006225806451612903,28.84,3.0,28.6,8.6,23.0,16.5
V14_C7,14,112,108.0,4280.0,0.006903225806451613,28.84,3.0,29.7,8.6,,17.8
V1_C1,1,28,17.0,72.0,0.0001945945945945946,5.28,5.1,24.9,8.6,17.0,1.9
V1_C1,1,35,24.0,115.0,0.0003108108108108108,5.28,4.5,26.3,8.6,,3.5
V1_C1,1,42,31.0,310.0,0.0008378378378378379,5.28,4.3,27.0,8.6,17.0,5.2
V1_C1,1,49,38.0,560.0,0.0015135135135135136,5.28,4.5,25.4,8.6,18.0,5.9
V1_C1,1,56,45.0,845.0,0.0022837837837837837,5.28,5.7,25.7,8.6,19.0,7.0
V1_C1,1,63,52.0,1140.0,0.003081081081081081,5.28,5.2,25.9,8.6,21.0,7.9
V1_C1,1,70,59.0,1460.0,0.003945945945945946,5.28,5.7,25.7,8.6,23.0,8.2
V1_C1,1,77,66.0,1790.0,0.0048378378378378375,5.28,4.8,26.2,8.6,22.0,9.9
V1_C1,1,84,73.0,2140.0,0.005783783783783784,5.28,5.1,27.2,8.6,29.0,11.0
V1_C1,1,91,80.0,2470.0,0.006675675675675676,5.28,3.0,27.6,8.6,28.0,12.0
V1_C1,1,98,87.0,2835.0,0.007662162162162162,5.28,4.8,27.3,8.6,30.0,12.7
V1_C1,1,105,94.0,3180.0,0.008594594594594595,5.28,4.6,28.1,8.6,30.0,14.5
V1_C1,1,112,101.0,3600.0,0.00972972972972973,5.28,4.4,27.1,8.6,33.0,15.8
V1_C1,1,119,108.0,,,5.28,2.6,26.8,8.6,,16.3
V1_C2,1,28,20.0,136.0,0.00017548387096774193,11.06,4.4,27.7,8.6,37.0,4.0
V1_C2,1,35,27.0,214.0,0.0002761290322580645,11.06,3.8,28.7,8.6,37.0,5.6
V1_C2,1,42,34.0,440.0,0.000567741935483871,11.06,4.0,27.6,8.6,39.0,7.1
V1_C2,1,49,41.0,800.0,0.001032258064516129,11.06,3.6,29.3,8.6,38.0,7.4
V1_C2,1,56,48.0,1300.0,0.0016774193548387097,11.06,5.0,28.3,8.6,40.0,8.9
V1_C2,1,63,55.0,1842.0,0.0023767741935483873,11.06,3.8,28.1,8.6,39.0,10.5
V1_C2,1,70,62.0,2364.0,0.003050322580645161,11.06,3.3,28.8,8.6,38.0,10.5
V1_C2,1,77,69.0,3049.0,0.003934193548387097,11.06,3.1,28.1,8.6,39.0,11.8
V1_C2,1,84,76.0,3749.0,0.0048374193548387096,11.06,3.6,28.3,8.6,39.0,13.5
V1_C2,1,91,83.0,4504.0,0.0058116129032258065,11.06,3.7,29.9,8.6,40.0,15.0
V1_C2,1,98,90.0,4894.0,0.006314838709677419,11.06,3.9,28.1,8.6,40.0,15.0
V1_C2,1,105,97.0,5644.0,0.00728258064516129,11.06,3.2,29.9,8.6,39.0,16.8
V1_C2,1,112,104.0,6269.0,0.008089032258064515,11.06,2.8,29.5,8.6,39.0,16.8
V1_C2,1,119,111.0,7071.0,0.009123870967741936,11.06,2.9,29.0,7.7,40.0,18.0
V1_C2,1,126,118.0,7911.0,0.01020774193548387,11.06,3.9,28.9,7.7,40.0,18.9
V1_C2,1,133,125.0,8711.0,0.01124,11.06,3.6,28.6,7.7,39.0,21.8
V1_C2,1,140,132.0,9561.0,0.012336774193548387,11.06,3.3,29.3,7.7,37.0,22.5
V1_C2,1,147,139.0,10051.0,0.012969032258064516,11.06,5.8,28.7,7.8,35.0,23.4
V1_C2,1,154,146.0,10656.0,0.013749677419354839,11.06,2.8,29.2,7.8,34.0,25.0
V1_C2,1,161,153.0,11251.0,0.014517419354838709,11.06,3.5,30.1,7.8,,28.8
V1_C2,1,168,160.0,11764.0,0.015179354838709677,11.06,4.0,29.0,7.8,,30.0
V1_C2,1,175,167.0,12034.0,0.01552774193548387,11.06,5.7,29.5,7.8,,33.5
V1_C2,1,182,174.0,12194.0,0.015734193548387097,11.06,5.2,28.5,7.8,27.0,35.2
V1_C2,1,189,181.0,12327.0,0.015905806451612905,11.06,3.5,28.9,8.1,27.0,38.0
V1_C3,1,28,21.0,138.0,0.0002123076923076923,9.27,4.4,28.1,8.3,30.0,2.5
V1_C3,1,35,28.0,304.0,0.0004676923076923077,9.27,3.0,27.3,8.3,32.0,3.8
V1_C3,1,42,35.0,689.0,0.00106,9.27,3.2,27.0,8.2,30.0,5.0
V1_C3,1,49,42.0,1214.0,0.0018676923076923076,9.27,4.3,27.1,8.2,30.0,6.0
V1_C3,1,56,49.0,1774.0,0.0027292307692307694,9.27,3.8,26.9,8.2,30.0,6.9
V1_C3,1,63,56.0,2289.0,0.0035215384615384614,9.27,4.6,27.6,8.2,28.0,7.7
V1_C3,1,70,63.0,2919.0,0.0044907692307692305,9.27,2.6,27.3,8.2,29.0,9.0
V1_C3,1,77,70.0,3549.0,0.00546,9.27,4.4,27.7,8.2,30.0,10.0
V1_C3,1,84,77.0,4209.0,0.0064753846153846155,9.27,4.8,25.5,8.2,30.0,10.3
V1_C3,1,91,84.0,4889.0,0.0075215384615384615,9.27,4.5,26.5,8.2,32.0,12.0
V1_C3,1,98,91.0,5679.0,0.008736923076923076,9.27,4.1,26.6,8.2,30.0,14.0
V1_C3,1,105,98.0,6539.0,0.01006,9.27,4.1,25.5,8.2,30.0,16.0
V1_C3,1,112,105.0,7429.0,0.01142923076923077,9.27,2.8,27.8,8.2,29.0,17.5
V1_C3,1,119,112.0,8249.0,0.012690769230769231,9.27,1.8,28.4,8.2,30.0,19.5
V1_C3,1,126,119.0,8999.0,0.013844615384615384,9.27,4.4,27.4,8.2,30.0,21.0
V1_C3,1,133,126.0,9839.0,0.015136923076923077,9.27,4.2,26.5,8.2,31.0,22.5
V1_C3,1,140,133.0,10569.0,0.01626,9.27,4.4,27.1,8.2,31.0,22.6
V1_C3,1,147,140.0,11199.0,0.017229230769230768,9.27,3.8,27.8,8.2,31.0,24.0
V1_C4,1,28,19.0,90.0,0.00012,10.7,5.0,27.9,8.1,35.0,1.2
V1_C4,1,35,26.0,146.0,0.00019466666666666666,10.7,4.4,27.1,8.1,35.0,3.5
V1_C4,1,42,22.0,,,10.7,1.2,,,,5.5
V1_C4,1,49,35.0,271.0,0.00036133333333333335,10.7,3.8,28.2,8.1,38.0,5.5
V1_C4,1,56,42.0,491.0,0.0006546666666666667,10.7,3.9,28.8,8.1,37.0,6.5
V1_C4,1,63,49.0,711.0,0.000948,10.7,3.1,28.0,8.1,40.0,7.0
V1_C4,1,70,56.0,,,10.7,3.3,27.7,8.1,38.0,8.1
V1_C4,1,77,63.0,1411.0,0.0018813333333333334,10.7,3.4,28.9,8.5,30.0,9.0
V1_C4,1,84,70.0,,,10.7,3.7,27.9,8.5,33.0,9.0
V1_C4,1,91,77.0,,,10.7,1.8,28.9,8.5,30.0,9.8
V1_C4,1,98,84.0,,,10.7,3.3,29.3,8.5,32.0,11.0
V1_C4,1,105,91.0,3577.0,0.004769333333333334,10.7,4.5,29.4,8.5,30.0,12.0
V1_C4,1,112,98.0,4162.0,0.005549333333333333,10.7,2.8,29.9,8.6,,12.8
V1_C4,1,119,105.0,4807.0,0.006409333333333334,10.7,4.3,28.7,8.6,33.0,13.5
V1_C4,1,126,112.0,5467.0,0.007289333333333333,10.7,3.1,30.2,8.8,33.0,16.0
V1_C4,1,133,119.0,6124.0,0.008165333333333333,10.7,,,,,16.0
V1_C4,1,140,126.0,6774.0,0.009032,10.7,3.9,28.9,8.9,33.0,17.5
V1_C4,1,147,133.0,7354.0,0.009805333333333333,10.7,4.0,29.3,8.9,32.0,17.5
V1_C4,1,154,140.0,7874.0,0.010498666666666667,10.7,1.9,29.0,8.1,35.0,19.2
V1_C4,1,161,147.0,8484.0,0.011312,10.7,3.0,28.8,8.9,30.0,20.5
V1_C4,1,168,154.0,9114.0,0.012152,10.7,,,,30.0,21.2
V1_C4,1,182,168.0,10399.0,0.013865333333333334,10.7,2.5,29.4,8.6,28.0,24.0
V1_C4,1,189,175.0,,,10.7,,,,30.0,24.5
V1_C4,1,196,182.0,11381.0,0.015174666666666666,10.7,4.9,29.8,8.6,25.0,28.0
V1_C4,1,203,189.0,11619.0,0.015492,10.7,,,,23.0,29.5
V1_C4,1,210,196.0,11689.0,0.015585333333333333,10.7,,,,,32.0
V1_C5,1,21,12.0,58.0,6.516853932584269e-05,12.7,4.8,26.9,8.6,,1.3
V1_C5,1,28,19.0,190.0,0.00021348314606741572,12.7,3.8,27.7,8.6,21.0,3.0
V1_C5,1,35,26.0,455.0,0.0005112359550561797,12.7,3.5,27.6,,20.0,4.3
V1_C5,1,42,33.0,810.0,0.0009101123595505618,12.7,4.7,26.9,8.6,16.0,5.1
V1_C5,1,49,40.0,1290.0,0.001449438202247191,12.7,4.7,27.3,8.6,14.0,5.3
V1_C5,1,56,47.0,1685.0,0.001893258426966292,12.7,4.2,27.8,,12.0,6.5
V1_C5,1,63,54.0,2165.0,0.0024325842696629216,12.7,5.5,27.6,,10.0,7.6
V1_C5,1,70,61.0,2705.0,0.0030393258426966293,12.7,3.6,25.7,,10.0,9.2
V1_C5,1,77,68.0,3198.0,0.003593258426966292,12.7,5.1,25.0,9.2,12.0,9.5
V1_C5,1,84,75.0,3703.0,0.0041606741573033705,12.7,3.9,26.7,9.4,15.0,12.8
V1_C5,1,91,82.0,4289.0,0.0048191011235955055,12.7,4.8,25.8,8.8,18.0,16.0
V1_C5,1,98,89.0,4839.0,0.005437078651685393,12.7,4.9,29.0,8.8,,18.8
V1_C6,1,28,21.0,105.0,0.00014583333333333335,10.27,4.9,26.1,8.5,30.0,1.0
V1_C6,1,35,28.0,168.0,0.00023333333333333333,10.27,4.0,26.5,8.8,30.0,2.5
V1_C6,1,42,35.0,321.0,0.00044583333333333335,10.27,4.5,26.0,8.8,30.0,2.9
V1_C6,1,49,42.0,531.0,0.0007375,10.27,3.7,27.2,8.8,30.0,3.4
V1_C6,1,56,49.0,751.0,0.0010430555555555555,10.27,3.8,27.1,8.8,30.0,3.6
V1_C6,1,63,56.0,1051.0,0.0014597222222222223,10.27,4.5,27.4,8.8,33.0,3.7
V1_C6,1,70,63.0,1416.0,0.0019666666666666665,10.27,2.3,28.3,8.8,33.0,4.7
V1_C6,1,77,70.0,1871.0,0.002598611111111111,10.27,3.9,26.4,8.8,35.0,5.1
V1_C6,1,84,77.0,2436.0,0.0033833333333333332,10.27,3.2,27.2,8.8,35.0,5.1
V1_C6,1,98,91.0,3726.0,0.005175,10.27,3.5,28.7,8.9,35.0,5.7
V1_C6,1,105,98.0,4334.0,0.0060194444444444445,10.27,3.1,29.0,8.0,35.0,6.5
V1_C6,1,112,105.0,4964.0,0.006894444444444444,10.27,3.2,27.6,8.6,35.0,8.0
V1_C6,1,119,112.0,5444.0,0.007561111111111111,10.27,,,,35.0,9.0
V1_C6,1,126,119.0,6009.0,0.008345833333333334,10.27,3.7,28.6,8.6,34.0,10.4
V1_C6,1,133,126.0,6504.0,0.009033333333333334,10.27,3.0,28.3,8.6,35.0,12.5
V1_C6,1,140,133.0,7074.0,0.009825,10.27,3.1,28.9,8.6,35.0,12.5
V1_C6,1,154,147.0,8309.0,0.011540277777777778,10.27,2.5,29.2,8.6,35.0,17.5
V1_C6,1,161,154.0,8899.0,0.012359722222222222,10.27,2.4,29.7,8.6,,18.0
V1_C6,1,168,161.0,9059.0,0.012581944444444444,10.27,3.7,28.0,8.6,,19.5
V1_C7,1,14,7.0,516.0,0.0009644859813084112,7.63,4.5,28.1,8.8,,2.8
V1_C7,1,21,14.0,746.0,0.001394392523364486,7.63,5.2,29.5,8.8,30.0,5.8
V1_C7,1,28,21.0,1186.0,0.002216822429906542,7.63,2.5,28.8,8.8,30.0,8.2
V1_C7,1,35,28.0,1816.0,0.003394392523364486,7.63,,,,21.0,9.2
V1_C7,1,42,28.0,1916.0,0.003581308411214953,7.63,,,,21.0,9.2
V1_C7,1,49,35.0,2616.0,0.004889719626168224,7.63,3.7,29.1,8.8,20.0,12.0
V1_C7,1,56,42.0,3346.0,0.0062542056074766355,7.63,2.9,28.9,8.8,22.0,13.3
V1_C7,1,63,49.0,4151.0,0.0077588785046728975,7.63,3.5,27.6,8.8,,14.5
V1_C7,1,70,56.0,4916.0,0.009188785046728973,7.63,3.4,29.6,8.8,,15.4
V3_C1,3,35,20.0,63.0,0.0003,7.72,5.6,27.4,8.4,34.0,1.2
V3_C1,3,42,27.0,106.0,0.0005047619047619048,7.72,5.1,27.7,8.4,33.0,2.0
V3_C1,3,49,34.0,170.0,0.0008095238095238096,7.72,5.8,27.0,8.4,32.0,3.3
V3_C1,3,56,41.0,274.0,0.0013047619047619047,7.72,5.1,27.6,8.4,34.0,4.6
V3_C1,3,63,48.0,398.0,0.0018952380952380952,7.72,8.4,27.8,8.4,34.0,5.4
V3_C1,3,70,55.0,544.0,0.0025904761904761904,7.72,5.0,28.7,8.4,36.0,5.8
V3_C1,3,77,62.0,700.0,0.0033333333333333335,7.72,5.5,28.7,8.4,36.0,6.5
V3_C1,3,84,69.0,844.0,0.004019047619047619,7.72,4.2,28.2,8.4,39.0,7.6
V3_C1,3,91,76.0,1000.0,0.004761904761904762,7.72,4.6,28.5,8.4,40.0,9.0
V3_C1,3,98,83.0,1156.0,0.005504761904761905,7.72,4.0,27.6,8.4,40.0,9.5
V3_C1,3,105,90.0,1324.0,0.006304761904761905,7.72,4.3,29.2,8.4,39.0,10.5
V3_C1,3,112,97.0,1548.0,0.007371428571428571,7.72,4.1,28.7,8.4,39.0,11.6
V3_C1,3,119,104.0,1758.0,0.008371428571428571,7.72,4.2,28.4,8.4,40.0,12.9
V3_C1,3,126,111.0,1965.0,0.009357142857142857,7.72,3.3,28.9,8.4,36.0,14.5
V3_C1,3,133,118.0,2198.0,0.010466666666666668,7.72,5.1,28.4,8.4,39.0,17.0
V3_C1,3,140,125.0,2428.0,0.011561904761904761,7.72,4.3,28.2,8.4,39.0,19.0
V3_C1,3,147,132.0,2659.0,0.012661904761904761,7.72,4.1,29.7,8.4,40.0,19.8
V3_C2,3,35,27.0,176.0,0.0007183673469387755,9.01,4.8,28.3,8.2,39.0,3.7
V3_C2,3,42,34.0,329.0,0.0013428571428571428,9.01,5.0,29.5,8.2,36.0,5.0
V3_C2,3,49,41.0,506.0,0.0020653061224489796,9.01,4.0,28.2,8.2,35.0,6.3
V3_C2,3,56,48.0,736.0,0.003004081632653061,9.01,3.9,29.4,8.3,34.0,7.4
V3_C2,3,63,55.0,981.0,0.0040040816326530615,9.01,3.6,30.0,8.3,,8.7
V3_C2,3,70,62.0,1226.0,0.0050040816326530615,9.01,4.4,29.3,8.3,27.0,9.2
V3_C2,3,77,69.0,1483.0,0.006053061224489796,9.01,4.5,29.2,8.3,,10.5
V3_C2,3,84,76.0,1751.0,0.007146938775510204,9.01,3.5,29.0,8.3,27.0,11.6
V3_C2,3,91,83.0,2010.0,0.00820408163265306,9.01,1.7,29.7,8.3,28.0,12.1
V3_C2,3,98,90.0,2246.0,0.00916734693877551,9.01,4.8,28.8,8.3,,14.0
V3_C2,3,105,97.0,2496.0,0.010187755102040816,9.01,5.1,29.0,8.3,30.0,16.0
V3_C2,3,112,104.0,2776.0,0.01133061224489796,9.01,4.5,28.3,8.3,30.0,18.0
V3_C2,3,119,111.0,3056.0,0.012473469387755102,9.01,4.1,28.3,8.3,30.0,20.7
V3_C2,3,126,118.0,3336.0,0.013616326530612245,9.01,4.0,27.6,8.3,32.0,22.0
V3_C2,3,133,125.0,3616.0,0.014759183673469388,9.01,4.2,27.1,8.3,31.0,23.5
V3_C2,3,140,132.0,3876.0,0.015820408163265305,9.01,5.6,27.0,8.3,30.0,24.8
V3_C2,3,147,139.0,4156.0,0.01696326530612245,9.01,4.7,27.0,8.3,30.0,27.3
V3_C2,3,154,146.0,,,9.01,4.5,27.3,8.3,29.0,29.0
V3_C2,3,161,153.0,4701.0,0.019187755102040818,9.01,4.5,27.5,8.3,30.0,30.3
V3_C2,3,168,160.0,5016.0,0.020473469387755103,9.01,4.2,26.9,8.3,32.0,31.0
V3_C2,3,175,167.0,5221.0,0.021310204081632655,9.01,5.3,25.5,8.3,30.0,32.0
V3_C2,3,182,174.0,5376.0,0.021942857142857142,9.01,4.3,26.5,8.3,32.0,33.2
V3_C2,3,189,181.0,5556.0,0.022677551020408162,9.01,4.9,26.8,8.3,30.0,33.2
V3_C2,3,196,188.0,5736.0,0.023412244897959185,9.01,4.8,25.9,8.3,30.0,33.8
V3_C3,3,35,24.0,114.0,0.00036774193548387097,11.4,5.0,27.8,8.1,31.0,1.7
V3_C3,3,42,31.0,253.0,0.0008161290322580646,11.4,4.8,27.3,8.1,32.0,3.3
V3_C3,3,49,38.0,393.0,0.0012677419354838709,11.4,5.3,27.9,8.1,32.0,4.3
V3_C3,3,56,45.0,543.0,0.0017516129032258065,11.4,4.2,26.9,8.1,32.0,5.0
V3_C3,3,63,52.0,750.0,0.0024193548387096775,11.4,4.9,27.8,8.1,34.0,6.5
V3_C3,3,70,59.0,958.0,0.0030903225806451612,11.4,4.4,27.2,8.1,35.0,7.8
V3_C3,3,77,66.0,1208.0,0.003896774193548387,11.4,3.5,28.6,8.3,37.0,9.0
V3_C3,3,84,73.0,1452.0,0.004683870967741936,11.4,4.8,27.5,8.1,38.0,10.0
V3_C3,3,91,80.0,1712.0,0.005522580645161291,11.4,3.7,29.1,8.1,38.0,10.4
V3_C3,3,98,87.0,1927.0,0.006216129032258064,11.4,4.0,27.9,8.1,,11.4
V3_C3,3,105,94.0,2167.0,0.0069903225806451615,11.4,3.9,29.0,8.4,35.0,11.7
V3_C3,3,112,101.0,2482.0,0.008006451612903226,11.4,4.7,28.8,8.4,36.0,13.9
V3_C3,3,119,108.0,2810.0,0.009064516129032259,11.4,4.6,28.2,8.4,32.0,14.5
V3_C3,3,126,115.0,3159.0,0.010190322580645162,11.4,4.1,28.6,8.4,34.0,17.0
V3_C4,3,28,14.0,61.0,0.00022592592592592591,9.93,,,,35.0,1.6
V3_C4,3,35,21.0,152.0,0.0005629629629629629,9.93,4.2,28.0,8.8,33.0,2.0
V3_C4,3,42,28.0,317.0,0.0011740740740740741,9.93,4.0,28.8,8.8,33.0,3.0
V3_C4,3,49,35.0,467.0,0.0017296296296296296,9.93,3.4,29.4,8.8,35.0,4.0
V3_C4,3,56,42.0,622.0,0.0023037037037037036,9.93,4.1,27.0,8.8,34.0,4.7
V3_C4,3,63,49.0,817.0,0.003025925925925926,9.93,3.8,30.0,8.8,32.0,6.0
V3_C4,3,70,56.0,997.0,0.003692592592592593,9.93,3.5,29.6,8.8,28.0,6.0
V3_C4,3,77,63.0,1181.0,0.0043740740740740745,9.93,11.1,29.6,8.8,27.0,6.0
V3_C4,3,91,77.0,1637.0,0.006062962962962963,9.93,4.0,27.8,8.3,25.0,8.0
V3_C4,3,98,84.0,1905.0,0.007055555555555555,9.93,,,,25.0,8.2
V3_C4,3,105,91.0,2212.0,0.008192592592592593,9.93,,,,,8.5
V3_C4,3,112,98.0,2581.0,0.009559259259259259,9.93,,,,,9.5
V3_C4,3,119,105.0,2966.0,0.010985185185185185,9.93,3.7,28.3,8.5,20.0,11.0
V3_C4,3,126,112.0,3317.0,0.012285185185185185,9.93,4.1,28.4,8.5,19.0,12.3
V3_C4,3,133,119.0,3667.0,0.01358148148148148,9.93,4.3,29.3,8.5,19.0,14.3
V3_C4,3,140,126.0,4017.0,0.014877777777777778,9.93,4.4,29.2,8.4,20.0,15.8
V3_C4,3,147,133.0,4367.0,0.016174074074074073,9.93,4.2,27.3,8.4,,17.8
V3_C4,3,154,140.0,4717.0,0.01747037037037037,9.93,6.1,27.4,8.4,22.0,19.5
V3_C4,3,161,147.0,5067.0,0.018766666666666668,9.93,4.5,27.8,,20.0,21.3
V3_C4,3,168,154.0,5397.0,0.01998888888888889,9.93,4.7,27.1,8.5,16.0,21.3
V3_C4,3,175,161.0,5757.0,0.02132222222222222,9.93,5.2,27.3,8.3,13.0,24.5
V3_C4,3,182,168.0,6047.0,0.022396296296296296,9.93,4.9,27.5,,12.0,26.0
V3_C4,3,189,175.0,,,9.93,4.6,27.4,,10.0,24.5
V3_C4,3,196,182.0,6237.0,0.0231,9.93,5.1,26.0,,10.0,29.5
V3_C5,3,28,15.0,60.0,0.00022222222222222223,9.93,4.9,26.9,9.0,,0.5
V3_C5,3,35,22.0,105.0,0.00038888888888888887,9.93,4.9,25.6,8.8,20.0,1.3
V3_C5,3,42,29.0,142.0,0.0005259259259259259,9.93,5.0,26.2,9.0,23.0,3.0
V3_C5,3,49,36.0,187.0,0.0006925925925925926,9.93,4.1,25.2,9.0,25.0,4.2
V3_C5,3,56,43.0,300.0,0.0011111111111111111,9.93,4.8,25.8,9.0,25.0,5.8
V3_C5,3,63,50.0,492.0,0.0018222222222222223,9.93,4.6,25.9,9.0,25.0,5.8
V3_C5,3,70,57.0,755.0,0.0027962962962962963,9.93,4.5,26.1,9.0,28.0,7.0
V3_C5,3,77,64.0,1021.0,0.0037814814814814816,9.93,5.0,26.0,9.0,30.0,7.8
V3_C5,3,84,71.0,1279.0,0.004737037037037037,9.93,4.0,27.2,7.8,30.0,8.0
V3_C5,3,91,78.0,1545.0,0.005722222222222222,9.93,5.0,27.0,8.8,30.0,10.5
V3_C5,3,98,85.0,1821.0,0.006744444444444444,9.93,5.2,27.5,8.8,30.0,11.3
V3_C5,3,105,92.0,2077.0,0.007692592592592593,9.93,4.4,27.9,8.8,30.0,12.3
V3_C5,3,112,99.0,2292.0,0.00848888888888889,9.93,5.0,26.6,8.8,35.0,14.0
V3_C5,3,119,106.0,2532.0,0.009377777777777778,9.93,4.6,27.4,8.8,35.0,15.5
V3_C6,3,28,11.0,34.0,0.00017894736842105264,6.99,5.6,28.5,8.7,,1.7
V3_C6,3,35,18.0,66.0,0.0003473684210526316,6.99,5.4,28.3,8.7,35.0,3.2
V3_C6,3,42,25.0,97.0,0.0005105263157894736,6.99,4.3,28.0,8.2,35.0,5.3
V3_C6,3,49,32.0,188.0,0.0009894736842105264,6.99,5.0,29.0,8.2,35.0,6.5
V3_C6,3,56,39.0,386.0,0.002031578947368421,6.99,,,,35.0,7.7
V3_C6,3,63,46.0,631.0,0.0033210526315789472,6.99,3.8,29.1,8.7,35.0,9.0
V3_C6,3,70,53.0,873.0,0.004594736842105263,6.99,3.0,29.6,8.7,,10.5
V3_C6,3,77,60.0,1113.0,0.005857894736842105,6.99,3.2,29.1,8.9,35.0,11.5
V3_C6,3,84,67.0,1396.0,0.007347368421052632,6.99,5.0,28.9,8.8,30.0,13.5
V3_C6,3,91,74.0,1698.0,0.008936842105263158,6.99,3.5,29.2,8.8,30.0,14.5
V3_C6,3,98,81.0,1988.0,0.010463157894736843,6.99,4.0,28.8,8.8,,15.2
V3_C6,3,105,88.0,2233.0,0.011752631578947369,6.99,4.3,29.2,8.8,33.0,16.1
V3_C6,3,112,95.0,2498.0,0.013147368421052632,6.99,4.0,28.6,8.8,30.0,17.3
V3_C6,3,119,102.0,2758.0,0.014515789473684211,6.99,,,,21.0,20.0
V3_C6,3,126,109.0,3038.0,0.015989473684210526,6.99,4.5,29.1,8.8,22.0,21.5
V3_C6,3,133,116.0,3268.0,0.0172,6.99,3.6,29.1,8.8,22.0,22.5
V3_C6,3,140,123.0,3478.0,0.018305263157894738,6.99,3.7,28.5,8.8,25.0,22.5
V3_C7,3,7,2.0,,,6.99,3.8,29.3,8.7,,4.5
V3_C7,3,14,10.0,170.0,0.0008947368421052632,6.99,5.0,29.2,8.7,,7.3
V3_C7,3,21,17.0,475.0,0.0025,6.99,4.1,29.2,8.7,,10.3
V3_C7,3,28,24.0,820.0,0.00431578947368421,6.99,4.2,28.6,8.7,28.0,14.5
V3_C7,3,35,31.0,1225.0,0.006447368421052631,6.99,5.0,28.6,8.7,30.0,17.8
V3_C7,3,42,38.0,1595.0,0.008394736842105264,6.99,4.5,28.0,,28.0,21.0
V3_C7,3,49,45.0,1900.0,0.01,6.99,4.4,27.3,,28.0,25.0
V3_C7,3,63,59.0,2470.0,0.013,6.99,4.1,27.6,,28.0,32.0
V4_C1,4,35,22.0,80.0,0.0002711864406779661,8.26,5.6,25.7,8.3,25.0,1.3
V4_C1,4,42,29.0,140.0,0.0004745762711864407,8.26,5.2,26.5,8.3,25.0,3.0
V4_C1,4,49,36.0,222.0,0.0007525423728813559,8.26,5.3,27.2,8.3,28.0,4.5
V4_C1,4,56,43.0,340.0,0.0011525423728813559,8.26,4.5,27.8,8.3,28.0,7.1
V4_C1,4,63,50.0,484.0,0.0016406779661016948,8.26,5.7,27.3,8.3,30.0,7.5
V4_C1,4,70,57.0,626.0,0.0021220338983050846,8.26,5.1,27.6,8.3,29.0,8.9
V4_C1,4,77,64.0,770.0,0.0026101694915254235,8.26,5.7,26.9,8.3,34.0,10.0
V4_C10,4,21,15.0,47.0,0.00015161290322580646,8.68,5.6,28.5,8.8,28.0,1.8
V4_C10,4,28,22.0,112.0,0.00036129032258064514,8.68,5.7,28.0,8.8,30.0,3.5
V4_C10,4,35,29.0,322.0,0.0010387096774193548,8.68,5.1,28.0,,28.0,5.0
V4_C10,4,42,36.0,662.0,0.002135483870967742,8.68,4.3,27.5,,25.0,7.5
V4_C10,4,56,50.0,1502.0,0.004845161290322581,8.68,4.8,27.4,,28.0,10.2
V4_C10,4,63,57.0,1917.0,0.006183870967741935,8.68,4.4,27.6,8.7,,12.2
V4_C2,4,28,18.0,76.0,0.0003534883720930233,6.02,4.4,27.8,8.3,39.0,3.0
V4_C2,4,35,25.0,142.0,0.0006604651162790698,6.02,3.9,28.1,8.3,36.0,6.5
V4_C2,4,42,32.0,280.0,0.0013023255813953488,6.02,3.8,27.3,8.3,38.0,8.0
V4_C2,4,49,39.0,444.0,0.0020651162790697674,6.02,3.9,28.9,8.3,38.0,9.2
V4_C2,4,56,46.0,640.0,0.0029767441860465114,6.02,4.5,28.1,8.3,37.0,10.0
V4_C2,4,63,53.0,848.0,0.003944186046511628,6.02,3.9,28.1,8.3,38.0,10.2
V4_C2,4,70,60.0,1051.0,0.004888372093023256,6.02,4.0,29.1,8.3,37.0,11.4
V4_C2,4,77,67.0,1310.0,0.006093023255813954,6.02,4.1,28.1,8.3,38.0,12.3
V4_C2,4,84,74.0,1535.0,0.00713953488372093,6.02,4.1,28.3,8.3,40.0,14.0
V4_C2,4,91,81.0,1780.0,0.00827906976744186,6.02,3.9,29.4,8.3,40.0,16.0
V4_C2,4,98,88.0,1990.0,0.009255813953488371,6.02,4.0,28.1,8.5,40.0,17.2
V4_C2,4,105,95.0,2250.0,0.010465116279069767,6.02,3.3,29.5,8.5,40.0,18.2
V4_C2,4,112,102.0,2505.0,0.011651162790697674,6.02,3.3,29.1,8.5,39.0,19.5
V4_C2,4,119,109.0,2780.0,0.012930232558139534,6.02,3.0,28.8,7.7,39.0,21.3
V4_C2,4,126,116.0,3054.0,0.014204651162790698,6.02,4.1,28.9,7.7,40.0,21.3
V4_C2,4,133,123.0,3369.0,0.015669767441860466,6.02,3.6,28.3,7.7,39.0,22.3
V4_C2,4,140,130.0,3674.0,0.017088372093023257,6.02,4.0,29.2,7.7,38.0,25.0
V4_C2,4,147,137.0,3989.0,0.018553488372093023,6.02,4.6,28.1,7.7,35.0,28.0
V4_C2,4,154,144.0,4303.0,0.020013953488372094,6.02,3.2,29.5,7.7,33.0,29.0
V4_C2,4,161,151.0,4618.0,0.02147906976744186,6.02,3.7,29.8,7.9,,32.5
V4_C3,4,21,14.0,52.0,0.00019622641509433963,7.42,4.4,29.5,8.3,27.0,1.5
V4_C3,4,28,21.0,131.0,0.0004943396226415094,7.42,4.5,28.6,8.3,,3.5
V4_C3,4,35,28.0,267.0,0.0010075471698113207,7.42,4.4,29.0,8.3,29.0,5.5
V4_C3,4,42,35.0,461.0,0.001739622641509434,7.42,4.0,28.2,8.3,30.0,7.0
V4_C3,4,49,42.0,671.0,0.0025320754716981132,7.42,4.3,28.3,8.3,30.0,8.4
V4_C3,4,56,49.0,896.0,0.003381132075471698,7.42,4.1,27.6,8.1,32.0,8.9
V4_C3,4,63,56.0,1194.0,0.004505660377358491,7.42,3.8,27.0,8.1,31.0,10.0
V4_C3,4,70,63.0,1504.0,0.0056754716981132075,7.42,6.6,27.0,8.1,30.0,11.5
V4_C3,4,77,70.0,1819.0,0.006864150943396226,7.42,4.4,26.9,8.2,29.0,12.0
V4_C3,4,84,77.0,2114.0,0.007977358490566038,7.42,4.5,27.2,8.2,29.0,12.6
V4_C3,4,91,84.0,2430.0,0.009169811320754716,7.42,4.8,27.4,8.2,30.0,14.0
V4_C3,4,98,91.0,2745.0,0.010358490566037735,7.42,4.2,26.9,8.2,30.0,15.0
V4_C3,4,105,98.0,3030.0,0.011433962264150943,7.42,4.3,25.6,8.2,30.0,16.2
V4_C3,4,112,105.0,3275.0,0.012358490566037736,7.42,4.0,26.5,8.2,32.0,17.7
V4_C3,4,119,112.0,3521.0,0.013286792452830189,7.42,4.6,26.7,8.2,30.0,17.7
V4_C4,4,28,15.0,88.0,0.00017254901960784313,14.29,4.8,27.1,8.6,30.0,1.2
V4_C4,4,35,22.0,176.0,0.00034509803921568626,14.29,4.2,26.5,8.6,32.0,2.5
V4_C4,4,42,29.0,376.0,0.0007372549019607843,14.29,4.4,26.9,8.6,32.0,3.5
V4_C4,4,49,36.0,606.0,0.001188235294117647,14.29,3.7,27.9,8.6,31.0,4.3
V4_C4,4,56,43.0,911.0,0.0017862745098039215,14.29,3.6,26.9,8.6,32.0,5.5
V4_C4,4,63,50.0,1226.0,0.002403921568627451,14.29,3.7,27.6,8.6,32.0,6.3
V4_C4,4,70,57.0,1541.0,0.0030215686274509806,14.29,3.9,26.8,8.6,32.0,7.2
V4_C4,4,77,57.0,1791.0,0.003511764705882353,14.29,3.9,26.8,8.6,32.0,7.2
V4_C4,4,84,64.0,2156.0,0.004227450980392157,14.29,3.5,27.6,8.6,33.0,9.0
V4_C4,4,91,71.0,2489.0,0.004880392156862745,14.29,3.8,27.1,8.6,35.0,10.5
V4_C4,4,98,78.0,2866.0,0.005619607843137255,14.29,2.5,28.4,8.6,36.0,11.2
V4_C4,4,105,85.0,3244.0,0.0063607843137254904,14.29,3.6,27.5,8.6,37.0,11.2
V4_C4,4,112,92.0,3652.0,0.00716078431372549,14.29,2.4,29.0,8.6,39.0,12.4
V4_C4,4,119,99.0,4062.0,0.007964705882352941,14.29,3.4,27.5,8.6,,12.7
V4_C4,4,126,106.0,4467.0,0.008758823529411765,14.29,3.3,28.8,8.5,35.0,14.0
V4_C4,4,133,113.0,4953.0,0.009711764705882354,14.29,3.1,28.4,8.5,34.0,15.5
V4_C5,4,28,3.0,60.0,0.00017142857142857143,9.8,,,,33.0,4.0
V4_C5,4,35,10.0,265.0,0.0007571428571428572,9.8,3.4,28.9,8.8,35.0,6.2
V4_C5,4,42,17.0,535.0,0.0015285714285714286,9.8,,,,35.0,7.7
V4_C5,4,49,24.0,815.0,0.0023285714285714285,9.8,4.1,27.9,8.8,33.0,8.9
V4_C5,4,56,31.0,1140.0,0.0032571428571428573,9.8,3.5,28.6,8.8,34.0,9.8
V4_C5,4,63,38.0,1470.0,0.0042,9.8,3.7,29.3,8.8,35.0,10.0
V4_C5,4,70,45.0,1835.0,0.005242857142857143,9.8,3.0,28.1,8.8,34.0,10.5
V4_C5,4,77,52.0,2250.0,0.0064285714285714285,9.8,2.7,29.9,8.8,32.0,10.5
V4_C5,4,84,59.0,2670.0,0.007628571428571429,9.8,3.2,29.5,8.8,28.0,11.5
V4_C5,4,91,66.0,3015.0,0.008614285714285715,9.8,3.5,29.6,8.5,28.0,12.1
V4_C5,4,105,80.0,3635.0,0.010385714285714286,9.8,3.7,27.7,8.3,25.0,16.0
V4_C5,4,112,87.0,3924.0,0.011211428571428572,9.8,,,,26.0,16.5
V4_C5,4,119,94.0,4239.0,0.012111428571428572,9.8,,,,,19.1
V4_C5,4,126,101.0,4568.0,0.013051428571428571,9.8,,,,,20.5
V4_C5,4,133,108.0,4900.0,0.014,9.8,3.9,29.2,8.4,20.0,22.3
V4_C6,4,49,20.0,145.0,0.000116,35.01,4.5,27.0,8.5,16.0,1.0
V4_C6,4,56,27.0,303.0,0.0002424,35.01,5.0,27.3,8.6,14.0,1.6
V4_C6,4,63,34.0,483.0,0.0003864,35.01,4.4,27.6,,13.0,1.6
V4_C6,4,70,41.0,583.0,0.0004664,35.01,5.6,27.2,,10.0,2.7
V4_C6,4,77,48.0,804.0,0.0006432,35.01,4.5,25.9,,12.0,3.5
V4_C6,4,84,55.0,1040.0,0.000832,35.01,5.3,25.1,9.1,15.0,4.7
V4_C6,4,91,62.0,1309.0,0.0010472,35.01,4.2,26.5,9.1,13.0,5.7
V4_C6,4,98,69.0,1624.0,0.0012992,35.01,5.0,25.6,9.1,15.0,7.5
V4_C6,4,105,76.0,1924.0,0.0015392,35.01,3.1,26.9,9.1,,8.2
V4_C6,4,112,83.0,2239.0,0.0017912,35.01,4.9,25.6,9.0,25.0,8.2
V4_C6,4,119,83.0,2329.0,0.0018632,35.01,4.3,25.5,9.1,20.0,8.8
V4_C6,4,126,90.0,2644.0,0.0021152,35.01,3.5,25.5,9.1,20.0,10.3
V4_C6,4,133,97.0,2959.0,0.0023672,35.01,3.6,25.1,9.1,22.0,11.8
V4_C6,4,140,104.0,3214.0,0.0025712,35.01,3.5,25.8,9.0,25.0,13.0
V4_C6,4,147,111.0,3544.0,0.0028352,35.01,3.9,26.1,9.1,25.0,13.0
V4_C7,4,21,7.0,323.0,0.0016564102564102564,5.46,3.9,27.6,8.6,33.0,7.5
V4_C7,4,28,14.0,518.0,0.0026564102564102564,5.46,4.4,26.3,8.6,35.0,10.0
V4_C7,4,35,21.0,763.0,0.003912820512820513,5.46,4.2,27.4,8.6,35.0,12.3
V4_C7,4,49,35.0,1263.0,0.006476923076923077,5.46,4.1,28.0,8.9,35.0,14.8
V4_C8,4,14,6.0,220.0,0.0011282051282051281,5.46,4.6,28.4,8.9,,10.8
V4_C8,4,21,13.0,535.0,0.0027435897435897434,5.46,4.0,28.6,8.9,30.0,12.5
V4_C8,4,28,20.0,855.0,0.004384615384615384,5.46,3.8,27.9,8.6,33.0,14.1
V4_C8,4,35,27.0,1205.0,0.0061794871794871795,5.46,4.0,28.8,8.6,35.0,15.0
V4_C9,4,14,5.0,565.0,0.0023061224489795916,6.86,5.0,28.7,8.9,30.0,4.5
V4_C9,4,21,12.0,785.0,0.003204081632653061,6.86,4.5,29.2,8.9,30.0,6.8
V4_C9,4,28,19.0,1060.0,0.004326530612244898,6.86,4.8,28.8,8.9,,9.0
V4_C9,4,35,26.0,1350.0,0.005510204081632653,6.86,3.9,29.4,8.9,33.0,11.0
V4_C9,4,42,33.0,1670.0,0.006816326530612245,6.86,4.0,28.6,8.8,30.0,12.5
V4_C9,4,49,40.0,2065.0,0.00842857142857143,6.86,,,,23.0,13.5
V4_C9,4,56,47.0,2450.0,0.01,6.86,3.2,29.0,8.9,23.0,14.5
V4_C9,4,63,47.0,2730.0,0.011142857142857144,6.86,3.2,29.0,8.9,23.0,14.5
V4_C9,4,70,54.0,3100.0,0.012653061224489797,6.86,3.3,28.8,8.9,25.0,16.5
V4_C9,4,77,61.0,3525.0,0.014387755102040817,6.86,3.5,28.3,8.9,25.0,18.0
V5_C1,5,42,32.0,223.0,0.0006757575757575758,8.73,3.7,27.6,8.3,31.0,2.8
V5_C1,5,49,39.0,357.0,0.0010818181818181818,8.73,4.2,26.8,8.3,31.0,3.4
V5_C1,5,56,46.0,505.0,0.0015303030303030303,8.73,3.8,27.4,8.3,33.0,4.2
V5_C1,5,63,53.0,659.0,0.001996969696969697,8.73,4.4,27.8,8.3,32.0,4.7
V5_C1,5,70,60.0,828.0,0.002509090909090909,8.73,3.1,28.1,8.3,34.0,6.0
V5_C1,5,77,67.0,1041.0,0.0031545454545454546,8.73,5.3,28.2,8.3,32.0,6.0
V5_C1,5,84,74.0,1221.0,0.0037,8.73,3.9,27.7,8.3,38.0,6.0
V5_C1,5,91,81.0,1419.0,0.0043,8.73,3.3,28.1,8.3,40.0,7.2
V5_C1,5,98,88.0,1637.0,0.00496060606060606,8.73,3.8,27.3,8.3,40.0,7.2
V5_C1,5,105,95.0,1859.0,0.005633333333333333,8.73,3.4,28.9,8.3,36.0,9.0
V5_C1,5,112,102.0,2113.0,0.006403030303030303,8.73,5.2,27.9,8.3,40.0,10.0
V5_C1,5,119,109.0,2380.0,0.007212121212121212,8.73,4.3,27.9,8.3,38.0,11.2
V5_C1,5,126,116.0,2637.0,0.00799090909090909,8.73,3.8,28.6,8.3,36.0,11.2
V5_C1,5,133,123.0,2987.0,0.00905151515151515,8.73,4.6,27.9,8.3,37.0,12.5
V5_C1,5,140,130.0,3272.0,0.009915151515151516,8.73,4.4,28.1,8.3,39.0,12.5
V5_C1,5,147,137.0,3587.0,0.01086969696969697,8.73,4.3,29.5,8.3,40.0,15.3
V5_C1,5,154,144.0,3857.0,0.011687878787878787,8.73,3.8,28.0,8.3,40.0,15.3
V5_C1,5,161,151.0,4192.0,0.012703030303030303,8.73,4.3,29.4,8.3,40.0,15.5
V5_C1,5,168,158.0,4537.0,0.013748484848484848,8.73,3.6,29.1,8.3,40.0,15.5
V5_C1,5,175,165.0,4973.0,0.015069696969696969,8.73,3.2,28.4,7.8,41.0,17.5
V5_C2,5,28,18.0,108.0,0.00015104895104895105,18.92,3.6,29.2,8.2,33.0,2.0
V5_C2,5,35,25.0,207.0,0.00028951048951048953,18.92,3.6,29.9,8.2,,2.9
V5_C2,5,42,32.0,377.0,0.0005272727272727272,18.92,3.8,29.7,8.2,26.0,3.1
V5_C2,5,49,39.0,722.0,0.0010097902097902097,18.92,4.7,29.3,8.2,,3.7
V5_C2,5,56,46.0,1212.0,0.0016951048951048952,18.92,4.3,28.8,8.2,27.0,4.4
V5_C2,5,63,53.0,1744.0,0.002439160839160839,18.92,3.1,29.3,8.2,27.0,5.4
V5_C2,5,70,60.0,2259.0,0.0031594405594405593,18.92,2.7,28.7,8.2,,6.7
V5_C2,5,77,67.0,2959.0,0.004138461538461539,18.92,3.4,28.8,8.2,30.0,8.2
V5_C2,5,84,74.0,3659.0,0.005117482517482517,18.92,3.8,28.2,8.2,32.0,10.0
V5_C2,5,91,81.0,4289.0,0.0059986013986013985,18.92,3.6,28.2,8.2,31.0,11.8
V5_C2,5,98,88.0,4989.0,0.006977622377622378,18.92,3.8,27.6,8.2,32.0,14.3
V5_C2,5,105,95.0,5649.0,0.007900699300699301,18.92,2.4,26.9,8.2,32.0,16.3
V5_C2,5,112,102.0,6349.0,0.008879720279720279,18.92,4.2,27.1,8.2,32.0,16.8
V5_C2,5,119,109.0,7119.0,0.009956643356643357,18.92,3.5,26.9,8.2,30.0,19.1
V5_C3,5,21,13.0,46.0,0.00011219512195121951,10.85,5.7,25.6,8.2,30.0,1.2
V5_C3,5,28,20.0,78.0,0.0001902439024390244,10.85,4.9,26.4,8.2,32.0,2.2
V5_C3,5,35,27.0,140.0,0.0003414634146341463,10.85,4.7,26.7,8.2,30.0,3.0
V5_C3,5,42,34.0,310.0,0.0007560975609756098,10.85,5.3,25.7,8.2,30.0,3.8
V5_C3,5,49,41.0,565.0,0.0013780487804878048,10.85,4.4,27.3,8.2,29.0,4.9
V5_C3,5,56,48.0,885.0,0.002158536585365854,10.85,3.7,28.1,8.2,30.0,5.7
V5_C3,5,63,55.0,1272.0,0.003102439024390244,10.85,3.3,27.1,8.2,30.0,7.0
V5_C3,5,70,62.0,1657.0,0.004041463414634146,10.85,3.7,26.7,8.2,31.0,8.5
V5_C3,5,77,69.0,2042.0,0.004980487804878048,10.85,4.4,27.0,8.2,32.0,8.5
V5_C3,5,84,76.0,2427.0,0.005919512195121952,10.85,3.8,27.7,8.2,31.0,9.5
V5_C3,5,91,83.0,2812.0,0.006858536585365854,10.85,3.5,26.9,8.2,32.0,11.5
V5_C3,5,98,90.0,3197.0,0.007797560975609756,10.85,3.3,27.4,8.7,32.0,13.1
V5_C3,5,105,97.0,3572.0,0.008712195121951219,10.85,3.1,26.8,8.7,32.0,14.3
V5_C3,5,112,104.0,4007.0,0.009773170731707317,10.85,3.3,27.5,8.2,33.0,14.3
V5_C3,5,119,111.0,4397.0,0.010724390243902438,10.85,3.2,27.0,8.2,35.0,17.0
V5_C3,5,126,118.0,4733.0,0.01154390243902439,10.85,3.0,28.2,8.2,37.0,18.8
V5_C4,5,21,12.0,68.0,7.555555555555556e-05,23.81,5.7,28.1,8.4,35.0,0.8
V5_C4,5,28,19.0,177.0,0.00019666666666666666,23.81,4.9,28.0,8.4,33.0,1.6
V5_C4,5,35,26.0,377.0,0.0004188888888888889,23.81,4.5,28.5,8.4,34.0,2.5
V5_C4,5,42,33.0,,,23.81,2.5,29.6,8.4,33.0,2.7
V5_C4,5,49,40.0,895.0,0.0009944444444444445,23.81,3.9,29.9,,33.0,3.0
V5_C4,5,56,47.0,1155.0,0.0012833333333333334,23.81,,,,33.0,3.3
V5_C4,5,63,54.0,1395.0,0.00155,23.81,3.3,29.1,8.9,34.0,4.3
V5_C4,5,70,61.0,1665.0,0.00185,23.81,,,,35.0,4.6
V5_C4,5,77,68.0,1948.0,0.0021644444444444445,23.81,4.4,27.8,8.8,30.0,6.0
V5_C4,5,84,75.0,2263.0,0.0025144444444444446,23.81,3.8,28.2,8.0,33.0,6.2
V5_C4,5,91,82.0,2608.0,0.0028977777777777778,23.81,3.6,29.2,8.8,35.0,6.2
V5_C4,5,98,89.0,3003.0,0.0033366666666666666,23.81,2.5,27.9,8.8,34.0,6.2
V5_C4,5,105,96.0,3443.0,0.0038255555555555556,23.81,3.6,29.8,8.8,32.0,6.5
V5_C4,5,112,103.0,3888.0,0.00432,23.81,3.2,29.4,8.8,28.0,6.5
V5_C4,5,119,110.0,4358.0,0.004842222222222223,23.81,2.7,29.4,8.8,27.0,6.5
V5_C4,5,133,124.0,5408.0,0.006008888888888889,23.81,3.2,27.5,8.8,25.0,8.0
V5_C4,5,140,131.0,5823.0,0.00647,23.81,,,,26.0,8.0
V5_C4,5,147,138.0,6283.0,0.0069811111111111115,23.81,,,,,9.3
V5_C4,5,154,145.0,6753.0,0.007503333333333333,23.81,,,,,10.3
V5_C4,5,161,152.0,7183.0,0.00798111111111111,23.81,4.0,28.0,8.8,20.0,12.7
V5_C4,5,168,159.0,7603.0,0.008447777777777778,23.81,4.4,28.3,8.8,18.0,12.8
V5_C4,5,175,166.0,8023.0,0.008914444444444444,23.81,3.3,29.0,8.8,20.0,12.8
V5_C5,5,49,14.0,276.0,0.0008761904761904762,8.33,4.7,25.7,,10.0,7.0
V5_C5,5,56,21.0,401.0,0.001273015873015873,8.33,5.8,25.1,9.0,14.0,9.6
V5_C5,5,63,28.0,627.0,0.0019904761904761905,8.33,4.5,26.5,9.0,14.0,13.3
V5_C5,5,70,28.0,738.0,0.002342857142857143,8.33,4.5,26.5,9.0,14.0,13.3
V5_C5,5,77,35.0,991.0,0.003146031746031746,8.33,4.5,25.8,9.0,16.0,14.4
V5_C5,5,84,42.0,1261.0,0.004003174603174603,8.33,4.4,26.8,9.0,,18.0
V5_C5,5,91,49.0,1534.0,0.00486984126984127,8.33,4.9,25.6,9.0,20.0,19.5
V5_C5,5,98,56.0,1724.0,0.005473015873015873,8.33,4.5,25.5,9.0,20.0,23.0
V5_C6,5,35,21.0,87.0,0.00010235294117647059,22.49,4.3,25.9,8.6,30.0,1.2
V5_C6,5,42,28.0,111.0,0.00013058823529411764,22.49,3.2,26.8,8.8,30.0,1.4
V5_C6,5,49,35.0,201.0,0.00023647058823529412,22.49,3.8,26.8,8.6,33.0,3.5
V5_C6,5,56,42.0,419.0,0.0004929411764705882,22.49,4.4,27.1,8.6,33.0,4.0
V5_C6,5,63,49.0,599.0,0.0007047058823529412,22.49,4.3,27.6,8.6,35.0,5.0
V5_C6,5,70,56.0,806.0,0.0009482352941176471,22.49,4.1,26.1,8.8,35.0,5.4
V5_C6,5,77,63.0,1126.0,0.0013247058823529412,22.49,4.2,27.0,8.8,35.0,6.1
V5_C6,5,91,77.0,1881.0,0.002212941176470588,22.49,4.1,28.0,8.9,35.0,8.7
V5_C6,5,98,84.0,2246.0,0.0026423529411764707,22.49,3.4,28.6,8.9,36.0,9.7
V5_C6,5,105,91.0,2591.0,0.003048235294117647,22.49,3.7,27.2,8.9,35.0,11.3
V5_C7,5,28,25.0,206.0,0.0002423529411764706,22.49,3.8,28.8,8.9,35.0,2.1
V5_C7,5,35,32.0,446.0,0.0005247058823529411,22.49,2.8,29.3,8.8,,2.5
V5_C7,5,42,39.0,816.0,0.00096,22.49,2.9,28.9,8.8,35.0,2.5
V5_C7,5,49,46.0,1121.0,0.0013188235294117646,22.49,3.2,28.8,8.8,30.0,3.0
V5_C7,5,56,53.0,1511.0,0.0017776470588235294,22.49,2.1,29.3,8.8,30.0,4.2
V5_C7,5,63,60.0,1931.0,0.002271764705882353,22.49,3.0,28.6,8.8,,4.2
V5_C7,5,70,67.0,2351.0,0.0027658823529411766,22.49,3.8,29.3,8.8,30.0,5.5
V5_C7,5,77,74.0,2711.0,0.0031894117647058825,22.49,2.4,28.6,8.8,30.0,6.0
V5_C7,5,84,81.0,3251.0,0.003824705882352941,22.49,,,,22.0,9.0
V5_C7,5,91,88.0,3731.0,0.004389411764705882,22.49,2.3,28.9,8.8,23.0,9.0
V5_C8,5,21,5.0,482.0,0.0020510638297872343,6.22,5.0,28.8,8.7,,5.5
V5_C8,5,28,12.0,782.0,0.0033276595744680853,6.22,3.6,29.0,8.7,,8.0
V5_C8,5,35,19.0,1127.0,0.004795744680851064,6.22,3.5,28.4,8.7,28.0,10.7
V5_C8,5,42,26.0,1532.0,0.006519148936170213,6.22,5.3,28.4,8.7,30.0,13.0
V5_C8,5,49,33.0,1952.0,0.008306382978723404,6.22,4.9,27.8,,28.0,14.5
V5_C8,5,56,40.0,2402.0,0.01022127659574468,6.22,4.0,27.5,,25.0,17.5
V6_C1,6,35,31.0,266.0,0.00149438202247191,17.12,5.2,26.9,8.4,19.0,1.7
V6_C1,6,42,38.0,406.0,0.0022808988764044945,17.12,4.7,25.9,8.4,19.0,3.0
V6_C1,6,49,45.0,526.0,0.0029550561797752808,17.12,4.6,26.2,8.4,18.0,4.3
V6_C1,6,56,52.0,666.0,0.0037415730337078653,17.12,4.8,26.1,8.4,21.0,5.2
V6_C1,6,63,59.0,806.0,0.00452808988764045,17.12,5.1,25.9,8.4,23.0,6.5
V6_C1,6,70,66.0,946.0,0.005314606741573033,17.12,3.6,26.7,8.4,22.0,7.0
V6_C1,6,77,73.0,1086.0,0.006101123595505618,17.12,4.7,27.4,8.4,27.0,9.0
V6_C1,6,84,80.0,1216.0,0.006831460674157303,17.12,3.8,27.7,8.4,26.0,10.5
V6_C1,6,91,87.0,1346.0,0.007561797752808989,17.12,4.5,27.5,8.4,29.0,12.0
V6_C1,6,98,94.0,1481.0,0.008320224719101123,17.12,4.1,28.1,8.4,28.0,13.1
V6_C1,6,105,101.0,1621.0,0.009106741573033707,17.12,4.3,27.4,8.4,31.0,13.1
V6_C1,6,112,108.0,1761.0,0.009893258426966292,17.12,4.0,27.6,8.4,30.0,15.5
V6_C1,6,119,115.0,1891.0,0.010623595505617978,17.12,4.9,28.2,8.4,33.0,15.5
V6_C1,6,126,122.0,2031.0,0.011410112359550561,17.12,4.0,28.5,8.4,35.0,16.5
V6_C2,6,35,22.0,86.0,0.00041951219512195123,19.71,3.2,29.2,8.3,38.0,1.9
V6_C2,6,42,29.0,156.0,0.0007609756097560976,19.71,4.7,28.2,8.3,42.0,2.4
V6_C2,6,49,36.0,266.0,0.001297560975609756,19.71,3.7,28.1,8.3,40.0,3.0
V6_C2,6,56,43.0,399.0,0.0019463414634146342,19.71,3.6,28.8,8.3,36.0,3.5
V6_C2,6,63,50.0,571.0,0.0027853658536585364,19.71,3.4,28.4,8.3,37.0,4.1
V6_C2,6,70,57.0,754.0,0.0036780487804878048,19.71,4.0,28.2,8.3,40.0,4.6
V6_C2,6,77,64.0,948.0,0.004624390243902439,19.71,3.3,29.4,8.3,40.0,6.0
V6_C2,6,84,71.0,1156.0,0.005639024390243903,19.71,3.3,28.5,8.3,39.0,6.5
V6_C2,6,91,78.0,1366.0,0.006663414634146342,19.71,3.6,29.6,8.3,39.0,7.3
V6_C2,6,98,85.0,1576.0,0.007687804878048781,19.71,3.0,29.4,8.3,40.0,8.3
V6_C2,6,105,92.0,1786.0,0.008712195121951219,19.71,2.9,28.4,7.7,39.0,9.6
V6_C2,6,112,99.0,1989.0,0.009702439024390243,19.71,3.8,29.3,7.7,40.0,9.6
V6_C2,6,119,106.0,2228.0,0.01086829268292683,19.71,3.6,28.6,7.7,39.0,11.3
V6_C2,6,126,113.0,2458.0,0.011990243902439024,19.71,3.2,29.4,7.7,38.0,12.5
V6_C2,6,133,120.0,2703.0,0.013185365853658537,19.71,3.7,28.3,7.7,35.0,15.0
V6_C2,6,140,127.0,2948.0,0.014380487804878049,19.71,2.5,29.4,7.7,33.0,16.2
V6_C2,6,147,134.0,3173.0,0.015478048780487804,19.71,1.4,30.0,7.7,,16.5
V6_C2,6,154,141.0,3418.0,0.016673170731707317,19.71,3.0,29.6,7.7,26.0,17.5
V6_C2,6,161,148.0,3593.0,0.017526829268292684,19.71,,,,,17.5
V6_C3,6,28,24.0,190.0,0.0011176470588235294,16.35,3.4,29.0,8.4,29.0,2.5
V6_C3,6,35,31.0,360.0,0.0021176470588235292,16.35,3.8,28.5,8.4,30.0,2.5
V6_C3,6,42,38.0,537.0,0.0031588235294117647,16.35,3.4,28.4,8.4,28.0,3.5
V6_C3,6,49,45.0,732.0,0.004305882352941177,16.35,4.1,28.0,8.4,32.0,4.7
V6_C3,6,56,52.0,927.0,0.005452941176470588,16.35,3.1,27.1,8.4,31.0,5.4
V6_C3,6,63,59.0,1132.0,0.006658823529411765,16.35,4.5,27.1,8.4,32.0,5.9
V6_C3,6,70,66.0,1392.0,0.008188235294117647,16.35,3.4,27.2,8.4,30.0,7.1
V6_C3,6,77,73.0,1649.0,0.0097,16.35,3.6,27.4,8.4,28.0,9.4
V6_C3,6,84,80.0,1894.0,0.011141176470588236,16.35,4.1,27.6,8.4,30.0,10.2
V6_C3,6,91,87.0,2129.0,0.012523529411764706,16.35,3.9,27.2,8.4,30.0,11.0
V6_C3,6,98,94.0,2374.0,0.013964705882352942,16.35,4.4,25.9,8.4,30.0,11.6
V6_C3,6,105,101.0,2604.0,0.01531764705882353,16.35,3.1,26.9,8.4,30.0,13.4
V6_C3,6,112,108.0,2849.0,0.016758823529411764,16.35,3.0,27.0,8.4,30.0,15.1
V6_C3,6,119,115.0,3069.0,0.018052941176470588,16.35,3.9,26.2,8.4,30.0,15.7
V6_C3,6,126,122.0,3309.0,0.01946470588235294,16.35,3.5,27.5,8.4,29.0,15.7
V6_C3,6,133,129.0,3549.0,0.020876470588235295,16.35,2.8,28.3,8.4,30.0,17.5
V6_C4,6,28,20.0,64.0,0.00032,19.23,4.1,27.9,8.1,31.0,1.0
V6_C4,6,35,27.0,114.0,0.00057,19.23,4.1,,8.1,32.0,2.0
V6_C4,6,42,34.0,209.0,0.001045,19.23,3.2,27.8,8.1,32.0,2.7
V6_C4,6,49,41.0,314.0,0.00157,19.23,4.6,27.1,8.1,32.0,3.7
V6_C4,6,56,48.0,417.0,0.002085,19.23,4.0,27.9,8.1,33.0,4.9
V6_C4,6,63,55.0,541.0,0.002705,19.23,4.0,27.4,8.1,35.0,5.6
V6_C4,6,70,62.0,673.0,0.003365,19.23,3.6,28.4,8.1,36.0,6.9
V6_C4,6,77,69.0,811.0,0.004055,19.23,3.9,27.9,8.1,37.0,8.0
V6_C4,6,84,76.0,981.0,0.004905,19.23,3.0,29.1,8.1,38.0,9.3
V6_C4,6,91,83.0,1131.0,0.005655,19.23,4.6,28.3,8.1,,10.0
V6_C4,6,98,90.0,1323.0,0.006615,19.23,3.8,28.9,8.4,35.0,12.0
V6_C4,6,105,97.0,1521.0,0.007605,19.23,4.4,28.5,8.4,35.0,14.0
V6_C4,6,112,104.0,1729.0,0.008645,19.23,3.8,28.5,8.4,32.0,15.0
V6_C4,6,119,111.0,1954.0,0.00977,19.23,2.2,28.9,8.5,34.0,17.0
V6_C5,6,21,3.7,,,51.92,,,,,1.3
V6_C5,6,28,13.0,100.0,0.00018518518518518518,51.92,3.9,29.1,8.7,35.0,1.7
V6_C5,6,35,20.0,205.0,0.0003796296296296296,51.92,,,,33.0,1.8
V6_C5,6,42,27.0,325.0,0.0006018518518518519,51.92,,,,,2.1
V6_C5,6,49,34.0,550.0,0.0010185185185185184,51.92,2.8,28.9,8.6,31.0,2.5
V6_C5,6,56,41.0,670.0,0.0012407407407407408,51.92,3.9,29.6,8.6,30.0,3.2
V6_C5,6,63,48.0,,,51.92,3.2,29.3,8.6,32.0,3.5
V6_C5,6,70,55.0,1028.0,0.0019037037037037037,51.92,2.8,28.7,8.6,32.0,4.2
V6_C5,6,77,62.0,1258.0,0.00232962962962963,51.92,3.0,29.1,8.6,32.0,4.9
V6_C5,6,91,76.0,1738.0,0.0032185185185185186,51.92,2.6,29.6,8.6,28.0,5.5
V6_C5,6,98,83.0,2073.0,0.003838888888888889,51.92,2.3,28.3,8.6,29.0,7.5
V6_C5,6,105,90.0,2423.0,0.004487037037037037,51.92,2.8,29.6,8.6,25.0,8.8
V6_C5,6,112,97.0,2773.0,0.005135185185185185,51.92,,,,,9.6
V6_C5,6,119,104.0,3123.0,0.005783333333333333,51.92,,,,,12.5
V6_C5,6,126,111.0,3473.0,0.006431481481481482,51.92,3.8,30.0,8.5,,12.8
V6_C5,6,133,118.0,3763.0,0.006968518518518519,51.92,4.4,28.4,8.5,20.0,15.5
V6_C5,6,140,125.0,4043.0,0.007487037037037037,51.92,3.6,29.9,8.2,20.0,16.5
V6_C5,6,147,132.0,4193.0,0.007764814814814815,51.92,4.0,29.7,8.2,,16.5
V6_C6,6,42,26.0,161.0,0.0014,11.06,5.2,27.3,,10.0,3.0
V6_C6,6,49,33.0,286.0,0.0024869565217391304,11.06,4.6,26.1,,10.0,4.4
V6_C6,6,56,40.0,411.0,0.0035739130434782607,11.06,5.2,25.1,9.1,14.0,5.7
V6_C6,6,63,47.0,551.0,0.004791304347826087,11.06,4.3,26.7,9.1,13.0,7.3
V6_C6,6,70,54.0,691.0,0.006008695652173913,11.06,5.5,26.1,9.1,16.0,9.3
V6_C6,6,77,61.0,831.0,0.007226086956521739,11.06,3.3,27.0,9.1,,9.3
V6_C6,6,84,68.0,975.0,0.008478260869565218,11.06,3.9,25.8,9.1,20.0,10.0
V6_C6,6,91,75.0,1076.0,0.009356521739130435,11.06,4.7,25.8,9.1,20.0,10.3
V6_C6,6,98,82.0,1184.0,0.010295652173913044,11.06,4.6,25.6,9.1,20.0,10.9
V6_C7,6,42,17.0,44.0,0.00038260869565217393,11.06,5.0,27.4,8.7,30.0,1.8
V6_C7,6,49,24.0,80.0,0.0006956521739130435,11.06,4.1,28.0,8.8,33.0,2.2
V6_C7,6,56,31.0,182.0,0.001582608695652174,11.06,3.0,26.7,8.8,30.0,3.1
V6_C7,6,63,38.0,282.0,0.0024521739130434783,11.06,4.0,27.4,8.8,35.0,4.0
V6_C7,6,77,52.0,487.0,0.004234782608695652,11.06,2.7,28.4,9.0,35.0,4.3
V6_C7,6,84,59.0,592.0,0.005147826086956522,11.06,3.0,28.8,9.0,35.0,5.2
V6_C7,6,91,66.0,687.0,0.005973913043478261,11.06,3.2,28.0,9.0,35.0,6.0
V6_C7,6,98,73.0,807.0,0.007017391304347826,11.06,3.2,28.7,9.0,,6.7
V6_C7,6,105,80.0,947.0,0.008234782608695652,11.06,3.6,28.8,9.0,35.0,7.7
V6_C7,6,112,87.0,1087.0,0.009452173913043479,11.06,3.3,28.3,9.0,35.0,8.5
V7_C1,7,35,22.0,70.0,0.00036842105263157896,15.08,6.0,25.7,8.3,25.0,1.3
V7_C1,7,42,29.0,137.0,0.0007210526315789474,15.08,1.9,26.6,8.3,26.0,2.4
V7_C1,7,49,36.0,223.0,0.0011736842105263157,15.08,4.9,27.4,8.3,29.0,2.8
V7_C1,7,56,43.0,320.0,0.0016842105263157896,15.08,3.5,27.6,8.3,29.0,3.5
V7_C1,7,63,50.0,420.0,0.0022105263157894735,15.08,4.4,27.5,8.3,32.0,4.6
V7_C1,7,70,57.0,534.0,0.002810526315789474,15.08,3.7,27.9,8.3,33.0,5.3
V7_C1,7,77,64.0,657.0,0.003457894736842105,15.08,4.7,27.2,8.3,33.0,6.0
V7_C1,7,84,71.0,803.0,0.004226315789473684,15.08,4.5,27.4,8.3,36.0,7.5
V7_C1,7,91,78.0,947.0,0.00498421052631579,15.08,4.8,28.0,8.3,35.0,9.5
V7_C1,7,98,85.0,1111.0,0.0058473684210526315,15.08,4.0,28.5,8.3,35.0,11.0
V7_C1,7,105,92.0,1279.0,0.006731578947368421,15.08,3.7,28.4,8.3,35.0,11.8
V7_C1,7,112,99.0,1447.0,0.00761578947368421,15.08,3.5,28.1,8.3,36.0,12.5
V7_C1,7,119,106.0,1591.0,0.008373684210526316,15.08,3.2,28.3,8.3,38.0,14.0
V7_C1,7,126,113.0,1761.0,0.009268421052631579,15.08,2.6,27.7,8.4,40.0,15.8
V7_C1,7,133,120.0,1951.0,0.01026842105263158,15.08,3.3,29.1,8.4,38.0,17.5
V7_C1,7,140,127.0,2124.0,0.011178947368421052,15.08,4.2,28.2,8.4,39.0,18.4
V7_C1,7,147,134.0,,,15.08,,,,,18.4
V7_C2,7,28,15.0,45.0,0.00023684210526315788,15.08,4.3,29.5,8.3,38.0,1.6
V7_C2,7,35,22.0,101.0,0.000531578947368421,15.08,4.8,28.5,8.3,40.0,2.5
V7_C2,7,42,29.0,237.0,0.0012473684210526316,15.08,4.1,29.8,8.3,40.0,3.3
V7_C2,7,49,36.0,419.0,0.002205263157894737,15.08,3.8,29.3,8.3,39.0,4.0
V7_C2,7,56,43.0,601.0,0.003163157894736842,15.08,3.2,28.5,7.8,40.0,4.7
V7_C2,7,63,50.0,769.0,0.004047368421052632,15.08,4.5,29.0,7.8,39.0,5.6
V7_C2,7,70,57.0,971.0,0.005110526315789473,15.08,3.7,28.7,7.8,39.0,6.5
V7_C2,7,77,64.0,1181.0,0.00621578947368421,15.08,3.1,29.2,7.8,38.0,7.3
V7_C2,7,84,71.0,1391.0,0.007321052631578948,15.08,3.9,28.2,7.8,35.0,9.0
V7_C2,7,91,78.0,1601.0,0.008426315789473685,15.08,1.8,29.3,7.8,33.0,9.1
V7_C2,7,98,85.0,1796.0,0.009452631578947369,15.08,2.2,29.8,7.8,,11.0
V7_C2,7,105,92.0,2006.0,0.010557894736842105,15.08,3.0,29.6,7.8,26.0,11.9
V7_C2,7,112,99.0,2196.0,0.011557894736842106,15.08,3.3,29.5,7.8,,13.2
V7_C2,7,119,106.0,2421.0,0.012742105263157895,15.08,4.3,29.1,7.8,28.0,14.4
V7_C2,7,126,113.0,2610.0,0.013736842105263158,15.08,3.1,29.6,8.2,28.0,15.8
V7_C2,7,133,120.0,2820.0,0.014842105263157894,15.08,2.9,29.0,8.2,,17.7
V7_C2,7,140,127.0,3042.0,0.016010526315789475,15.08,3.0,29.0,8.2,28.0,18.7
V7_C2,7,147,134.0,3266.0,0.017189473684210525,15.08,4.2,28.5,8.2,32.0,21.5
V7_C2,7,154,141.0,3476.0,0.018294736842105263,15.08,4.1,28.3,8.2,30.0,24.5
V7_C2,7,161,148.0,3686.0,0.0194,15.08,3.3,27.8,8.2,30.0,27.0
V7_C2,7,168,155.0,3888.0,0.020463157894736843,15.08,3.0,27.2,8.2,32.0,29.5
V7_C2,7,175,162.0,4069.0,0.02141578947368421,15.08,4.1,27.1,8.2,30.0,30.0
V7_C3,7,28,16.0,50.0,0.0002380952380952381,16.67,5.4,25.8,8.1,30.0,1.1
V7_C3,7,35,23.0,90.0,0.00042857142857142855,16.67,4.7,26.9,8.1,31.0,2.0
V7_C3,7,42,30.0,190.0,0.0009047619047619047,16.67,4.8,26.9,8.1,30.0,2.7
V7_C3,7,49,37.0,325.0,0.0015476190476190477,16.67,4.3,26.0,8.1,30.0,3.3
V7_C3,7,56,44.0,495.0,0.002357142857142857,16.67,3.9,27.4,8.1,29.0,4.5
V7_C3,7,63,51.0,705.0,0.003357142857142857,16.67,2.3,28.1,8.1,30.0,6.0
V7_C3,7,70,58.0,950.0,0.004523809523809524,16.67,3.7,27.3,8.1,30.0,8.0
V7_C3,7,77,65.0,1180.0,0.005619047619047619,16.67,3.8,26.9,8.1,32.0,10.0
V7_C3,7,84,72.0,1425.0,0.0067857142857142855,16.67,3.7,27.2,8.1,30.0,11.5
V7_C3,7,91,79.0,1680.0,0.008,16.67,3.1,27.9,8.1,31.0,13.5
V7_C3,7,98,86.0,1925.0,0.009166666666666667,16.67,3.2,27.2,8.1,32.0,15.5
V7_C3,7,105,93.0,2170.0,0.010333333333333333,16.67,3.0,27.7,8.1,32.0,15.5
V7_C3,7,112,100.0,2415.0,0.0115,16.67,3.8,26.9,8.1,32.0,17.0
V7_C4,7,14,3.0,51.0,0.00025,16.19,2.1,28.7,8.3,36.0,3.0
V7_C4,7,21,10.0,116.0,0.0005686274509803922,16.19,2.1,28.7,8.3,36.0,3.0
V7_C4,7,28,17.0,221.0,0.0010833333333333333,16.19,4.4,27.9,8.3,37.0,3.0
V7_C4,7,35,24.0,391.0,0.0019166666666666666,16.19,3.8,29.2,8.3,38.0,6.4
V7_C4,7,42,31.0,541.0,0.0026519607843137256,16.19,4.7,28.2,8.3,,6.8
V7_C4,7,49,38.0,729.0,0.003573529411764706,16.19,3.8,29.0,8.6,35.0,8.0
V7_C4,7,63,52.0,1153.0,0.005651960784313725,16.19,3.9,28.5,8.6,33.0,9.5
V7_C4,7,70,59.0,1418.0,0.006950980392156862,16.19,2.4,28.8,8.6,35.0,11.0
V7_C4,7,77,66.0,1685.0,0.008259803921568628,16.19,1.4,29.9,8.6,32.0,13.6
V7_C4,7,84,73.0,1940.0,0.009509803921568628,16.19,3.8,30.2,,32.0,14.0
V7_C4,7,91,80.0,2180.0,0.010686274509803922,16.19,,,,33.0,16.7
V7_C4,7,98,87.0,2420.0,0.011862745098039215,16.19,3.0,29.3,8.8,34.0,18.0
V7_C5,7,14,4.0,341.0,0.0017947368421052632,15.08,3.3,28.3,8.8,33.0,2.6
V7_C5,7,21,11.0,485.0,0.0025526315789473684,15.08,2.7,29.5,8.8,33.0,3.5
V7_C5,7,28,18.0,659.0,0.003468421052631579,15.08,2.7,28.2,8.8,31.0,3.5
V7_C5,7,35,25.0,873.0,0.004594736842105263,15.08,2.3,29.9,8.8,32.0,4.1
V7_C5,7,42,32.0,1113.0,0.005857894736842105,15.08,3.4,29.4,8.6,28.0,5.4
V7_C5,7,49,39.0,1353.0,0.007121052631578947,15.08,2.3,29.9,8.6,26.0,5.9
V7_C5,7,63,53.0,1973.0,0.01038421052631579,15.08,2.6,27.8,8.6,24.0,7.7
V7_C5,7,70,60.0,2323.0,0.012226315789473684,15.08,,,,25.0,9.0
V7_C5,7,77,67.0,2673.0,0.014068421052631579,15.08,,,,,10.8
V7_C5,7,84,74.0,3023.0,0.015910526315789472,15.08,,,,,12.0
V7_C5,7,91,81.0,3373.0,0.017752631578947367,15.08,2.7,28.3,8.7,22.0,14.0
V7_C5,7,98,88.0,3713.0,0.019542105263157895,15.08,3.9,28.7,8.7,20.0,14.9
V7_C5,7,105,95.0,3993.0,0.02101578947368421,15.08,3.0,29.2,8.7,21.0,15.2
V7_C5,7,112,102.0,4288.0,0.022568421052631578,15.08,3.1,29.0,8.6,22.0,18.1
V7_C5,7,119,109.0,4533.0,0.023857894736842106,15.08,3.8,27.3,8.6,,18.1
V7_C5,7,126,116.0,4748.0,0.024989473684210527,15.08,4.5,27.6,8.6,21.0,19.0
V7_C6,7,28,6.0,139.0,0.0007315789473684211,15.08,6.3,27.3,,9.0,3.6
V7_C6,7,35,13.0,264.0,0.0013894736842105264,15.08,4.8,26.0,,10.0,4.6
V7_C6,7,42,20.0,389.0,0.0020473684210526315,15.08,5.6,25.0,8.7,13.0,6.0
V7_C6,7,49,27.0,529.0,0.0027842105263157896,15.08,3.9,26.6,8.7,13.0,7.2
V7_C6,7,56,34.0,669.0,0.0035210526315789473,15.08,5.0,25.9,8.7,15.0,8.4
V7_C6,7,63,41.0,811.0,0.004268421052631579,15.08,4.8,27.0,8.7,,10.0
V7_C6,7,70,48.0,972.0,0.005115789473684211,15.08,4.6,25.8,8.7,20.0,11.8
V7_C6,7,77,55.0,1135.0,0.005973684210526316,15.08,4.0,25.8,8.7,20.0,12.6
V7_C7,7,35,21.0,57.0,0.00031666666666666665,14.29,4.6,26.2,9.0,30.0,1.2
V7_C7,7,42,28.0,101.0,0.0005611111111111111,14.29,3.4,27.2,8.9,30.0,2.2
V7_C7,7,49,35.0,171.0,0.00095,14.29,4.4,27.4,8.1,30.0,7.3
V7_C7,7,56,42.0,241.0,0.0013388888888888888,14.29,3.8,27.5,8.7,30.0,3.3
V7_C7,7,63,49.0,361.0,0.0020055555555555556,14.29,3.4,28.0,8.7,35.0,3.9
V7_C7,7,70,56.0,503.0,0.0027944444444444444,14.29,3.9,26.7,8.2,35.0,4.7
V7_C7,7,77,63.0,633.0,0.0035166666666666666,14.29,3.2,27.4,8.7,35.0,5.6
V7_C7,7,91,77.0,903.0,0.005016666666666667,14.29,2.3,28.6,8.7,35.0,7.1
V7_C7,7,98,84.0,1056.0,0.005866666666666667,14.29,2.5,28.9,8.7,35.0,8.3
V7_C7,7,105,91.0,1193.0,0.006627777777777778,14.29,3.3,27.7,8.7,35.0,8.6
V7_C7,7,112,98.0,1363.0,0.007572222222222222,14.29,3.3,28.7,8.7,,10.0
V7_C8,7,14,10.0,306.0,0.0021103448275862067,11.51,2.2,29.1,8.8,35.0,7.0
V7_C8,7,21,17.0,548.0,0.0037793103448275863,11.51,2.5,28.9,8.8,35.0,10.1
V7_C8,7,28,24.0,793.0,0.005468965517241379,11.51,1.8,29.5,8.8,,10.1
V7_C8,7,35,31.0,1041.0,0.007179310344827586,11.51,2.4,29.3,8.8,33.0,12.0
V7_C8,7,42,38.0,1286.0,0.00886896551724138,11.51,3.0,29.0,8.8,30.0,12.5
V7_C8,7,49,45.0,1501.0,0.010351724137931034,11.51,2.8,29.5,8.8,30.0,13.5
V7_C8,7,56,52.0,1771.0,0.012213793103448277,11.51,2.0,28.9,8.8,,14.0
V7_C8,7,63,59.0,1991.0,0.013731034482758621,11.51,3.6,29.4,8.8,30.0,16.0
V7_C8,7,70,66.0,2201.0,0.015179310344827586,11.51,3.3,28.8,8.8,28.0,17.0
V7_C9,7,14,7.0,532.0,0.00133,31.75,3.4,29.4,8.7,22.0,3.0
V7_C9,7,21,14.0,885.0,0.0022125,31.75,3.1,28.5,8.7,25.0,4.1
V7_C9,7,28,21.0,,,31.75,1.3,29.6,8.7,,4.5
V7_C9,7,35,28.0,1425.0,0.0035625,31.75,3.3,28.9,8.7,,6.0
V7_C9,7,42,35.0,1645.0,0.0041125,31.75,3.1,29.3,8.7,,8.0
V7_C9,7,49,42.0,1905.0,0.0047625,31.75,1.8,28.9,8.7,28.0,11.0
V7_C9,7,56,49.0,2175.0,0.0054375,31.75,4.7,28.6,8.7,30.0,13.3
V8_C1,8,35,22.0,88.0,0.00045128205128205126,12.58,3.2,27.7,8.3,30.0,1.7
V8_C1,8,42,29.0,153.0,0.0007846153846153846,12.58,4.4,27.5,8.3,32.0,2.7
V8_C1,8,49,36.0,248.0,0.0012717948717948719,12.58,3.5,27.9,8.3,30.0,3.5
V8_C1,8,56,43.0,356.0,0.0018256410256410256,12.58,3.7,27.4,8.3,33.0,3.8
V8_C1,8,63,50.0,490.0,0.002512820512820513,12.58,4.6,27.5,8.3,33.0,4.4
V8_C1,8,70,57.0,620.0,0.0031794871794871794,12.58,4.0,28.1,8.3,35.0,5.5
V8_C1,8,77,64.0,776.0,0.00397948717948718,12.58,3.6,28.5,8.3,36.0,6.0
V8_C1,8,84,71.0,944.0,0.004841025641025641,12.58,4.4,28.3,8.3,36.0,6.7
V8_C1,8,91,78.0,1112.0,0.005702564102564102,12.58,3.2,28.1,8.3,35.0,8.5
V8_C1,8,98,85.0,1256.0,0.006441025641025641,12.58,3.8,28.2,8.3,36.0,10.4
V8_C1,8,105,92.0,1432.0,0.007343589743589744,12.58,3.4,27.7,8.3,38.0,11.5
V8_C1,8,112,99.0,1609.0,0.008251282051282052,12.58,2.8,29.1,8.3,39.0,11.5
V8_C1,8,119,106.0,1798.0,0.009220512820512821,12.58,5.0,28.2,8.3,40.0,13.5
V8_C1,8,126,113.0,2004.0,0.010276923076923078,12.58,3.5,28.3,8.3,41.0,15.5
V8_C1,8,133,120.0,2199.0,0.011276923076923077,12.58,2.5,29.0,8.3,36.0,16.5
V8_C2,8,35,20.0,62.0,0.00031794871794871797,12.58,4.9,29.4,8.0,40.0,1.5
V8_C2,8,42,27.0,104.0,0.0005333333333333334,12.58,3.5,28.7,7.8,40.0,2.6
V8_C2,8,49,34.0,165.0,0.0008461538461538462,12.58,4.5,29.2,7.8,40.0,3.6
V8_C2,8,56,41.0,296.0,0.001517948717948718,12.58,4.4,28.6,7.8,39.0,4.0
V8_C2,8,63,48.0,446.0,0.002287179487179487,12.58,4.2,29.4,7.8,38.0,4.7
V8_C2,8,70,55.0,621.0,0.0031846153846153847,12.58,5.1,28.1,7.7,35.0,5.7
V8_C2,8,77,62.0,796.0,0.004082051282051282,12.58,3.0,29.4,7.7,33.0,6.8
V8_C2,8,84,69.0,971.0,0.00497948717948718,12.58,2.8,30.0,7.7,,7.8
V8_C2,8,91,76.0,1151.0,0.005902564102564103,12.58,3.8,29.7,7.7,26.0,9.2
V8_C2,8,98,83.0,1351.0,0.006928205128205129,12.58,2.8,29.2,7.7,,10.5
V8_C2,8,105,90.0,1561.0,0.008005128205128205,12.58,4.2,29.1,7.7,27.0,12.0
V8_C2,8,112,97.0,1771.0,0.009082051282051282,12.58,3.1,29.7,7.9,28.0,13.4
V8_C2,8,119,104.0,1981.0,0.010158974358974358,12.58,3.6,28.9,7.8,,14.9
V8_C2,8,126,111.0,2211.0,0.011338461538461539,12.58,3.5,29.0,7.8,29.0,15.7
V8_C2,8,133,118.0,2476.0,0.012697435897435898,12.58,3.4,28.4,7.8,33.0,17.2
V8_C2,8,140,125.0,2756.0,0.014133333333333333,12.58,3.4,28.5,7.8,30.0,19.0
V8_C2,8,147,132.0,3016.0,0.015466666666666667,12.58,3.7,27.8,7.8,30.0,21.5
V8_C2,8,154,139.0,3260.0,0.016717948717948718,12.58,2.5,27.1,7.8,33.0,23.0
V8_C2,8,161,146.0,3496.0,0.01792820512820513,12.58,4.6,27.1,7.8,32.0,25.0
V8_C2,8,168,153.0,3741.0,0.019184615384615383,12.58,3.7,27.0,7.8,30.0,27.0
V8_C2,8,175,160.0,3971.0,0.020364102564102565,12.58,3.8,26.9,7.8,30.0,30.0
V8_C2,8,182,167.0,4131.0,0.021184615384615385,12.58,5.0,27.6,7.8,30.0,31.0
V8_C2,8,189,174.0,4271.0,0.021902564102564102,12.58,3.3,27.2,7.8,30.0,32.5
V8_C2,8,196,181.0,4406.0,0.022594871794871796,12.58,4.6,25.9,7.8,31.0,34.0
V8_C2,8,203,188.0,4536.0,0.023261538461538462,12.58,3.6,26.7,7.8,31.0,35.0
V8_C3,8,35,21.0,60.0,0.00023529411764705883,16.45,3.7,27.4,8.0,30.0,1.8
V8_C3,8,42,28.0,115.0,0.0004509803921568627,16.45,4.6,26.8,8.0,30.0,2.6
V8_C3,8,49,35.0,275.0,0.0010784313725490195,16.45,3.8,27.3,8.0,31.0,3.3
V8_C3,8,56,42.0,480.0,0.0018823529411764706,16.45,3.9,27.9,8.0,31.0,3.8
V8_C3,8,63,49.0,690.0,0.0027058823529411765,16.45,3.8,27.4,8.6,32.0,5.0
V8_C3,8,70,56.0,900.0,0.0035294117647058825,16.45,3.6,27.6,8.0,32.0,6.0
V8_C3,8,77,63.0,1110.0,0.004352941176470588,16.45,4.4,26.9,8.0,32.0,6.9
V8_C3,8,84,70.0,1290.0,0.005058823529411765,16.45,3.1,27.9,8.0,33.0,8.0
V8_C3,8,91,77.0,1470.0,0.005764705882352941,16.45,3.1,27.4,8.0,34.0,9.0
V8_C3,8,98,84.0,1680.0,0.006588235294117647,16.45,3.3,28.3,8.0,35.0,10.5
V8_C3,8,105,91.0,1864.0,0.007309803921568627,16.45,4.3,27.9,8.0,37.0,10.5
V8_C3,8,112,98.0,2074.0,0.008133333333333333,16.45,2.5,29.1,8.0,38.0,12.1
V8_C3,8,119,105.0,2274.0,0.00891764705882353,16.45,3.4,28.1,8.0,,13.0
V8_C3,8,126,112.0,2522.0,0.009890196078431373,16.45,3.4,28.9,8.5,34.0,14.7
V8_C3,8,133,119.0,2712.0,0.010635294117647059,16.45,3.9,28.4,8.5,36.0,16.5
V8_C3,8,140,126.0,2927.0,0.01147843137254902,16.45,4.8,28.4,8.5,33.0,18.5
V8_C3,8,147,133.0,3087.0,0.012105882352941176,16.45,3.1,28.8,8.6,34.0,21.5
V8_C3,8,154,140.0,3237.0,0.012694117647058823,16.45,2.5,29.7,8.6,33.0,24.0
V8_C4,8,7,5.0,140.0,0.0008,11.29,,,,31.0,5.5
V8_C4,8,14,12.0,350.0,0.002,11.29,3.3,29.0,8.8,33.0,7.1
V8_C4,8,21,19.0,560.0,0.0032,11.29,,,,34.0,7.7
V8_C4,8,28,26.0,770.0,0.0044,11.29,3.6,28.2,8.7,30.0,8.7
V8_C4,8,35,33.0,1000.0,0.005714285714285714,11.29,3.5,28.3,8.7,32.0,8.7
V8_C4,8,42,40.0,1240.0,0.0070857142857142855,11.29,1.7,29.5,8.7,33.0,9.2
V8_C4,8,49,47.0,1480.0,0.008457142857142858,11.29,2.3,28.3,8.7,32.0,10.8
V8_C4,8,56,54.0,1710.0,0.009771428571428572,11.29,3.8,30.0,8.7,33.0,11.5
V8_C4,8,63,61.0,1950.0,0.011142857142857144,11.29,2.7,29.5,8.7,28.0,11.5
V8_C4,8,70,68.0,2190.0,0.012514285714285714,11.29,1.9,29.9,8.6,27.0,13.0
V8_C4,8,84,82.0,2665.0,0.015228571428571428,11.29,2.6,27.7,8.7,24.0,16.0
V8_C4,8,98,96.0,3188.0,0.01821714285714286,11.29,,,,,19.5
V8_C4,8,105,103.0,3428.0,0.019588571428571427,11.29,,,,,19.5
V8_C4,8,112,110.0,3578.0,0.020445714285714286,11.29,3.4,28.2,8.7,22.0,22.0
V8_C5,8,56,21.0,85.0,0.000425,12.9,3.9,27.2,8.6,13.0,2.5
V8_C5,8,63,28.0,192.0,0.00096,12.9,4.7,27.9,,12.0,2.7
V8_C5,8,70,35.0,332.0,0.00166,12.9,4.1,27.6,,10.0,3.3
V8_C5,8,77,42.0,472.0,0.00236,12.9,5.2,26.0,,12.0,4.5
V8_C5,8,84,49.0,602.0,0.00301,12.9,5.0,25.5,8.7,12.0,6.1
V8_C5,8,91,56.0,742.0,0.00371,12.9,6.0,26.7,8.7,13.0,6.9
V8_C5,8,98,63.0,882.0,0.00441,12.9,5.5,25.9,8.7,15.0,8.1
V8_C5,8,105,70.0,1024.0,0.00512,12.9,4.1,27.1,8.7,,9.2
V8_C5,8,112,77.0,1185.0,0.005925,12.9,4.1,25.8,8.7,20.0,9.7
V8_C5,8,119,84.0,1348.0,0.00674,12.9,3.6,25.9,8.7,20.0,10.2
V8_C5,8,126,91.0,1467.0,0.007335,12.9,4.1,25.5,8.7,20.0,12.1
V8_C5,8,133,98.0,1579.0,0.007895,12.9,2.7,26.4,8.7,20.0,14.1
V8_C6,8,42,22.0,324.0,0.0016281407035175879,12.84,5.2,27.5,8.5,30.0,1.2
V8_C6,8,49,29.0,405.0,0.002035175879396985,12.84,5.0,27.9,8.5,33.0,2.0
V8_C6,8,56,36.0,511.0,0.0025678391959798996,12.84,4.6,26.7,8.5,35.0,2.5
V8_C6,8,63,43.0,649.0,0.0032613065326633165,12.84,4.8,27.3,8.5,35.0,3.0
V8_C6,8,70,50.0,783.0,0.003934673366834171,12.84,4.4,27.4,8.8,35.0,3.2
V8_C6,8,77,57.0,913.0,0.004587939698492463,12.84,3.4,25.4,8.9,35.0,3.5
V8_C6,8,84,64.0,1052.0,0.00528643216080402,12.84,4.0,28.9,8.9,35.0,4.0
V8_C6,8,91,71.0,1172.0,0.005889447236180905,12.84,3.6,27.7,8.9,35.0,4.0
V8_C6,8,98,78.0,1293.0,0.0064974874371859295,12.84,3.5,28.7,8.9,,4.8
V8_C6,8,105,85.0,1423.0,0.007150753768844221,12.84,3.4,28.7,8.9,35.0,6.0
V8_C7,8,14,5.0,453.0,0.0033555555555555556,8.71,4.2,28.8,8.8,33.0,4.5
V8_C7,8,21,12.0,627.0,0.004644444444444444,8.71,3.5,29.6,8.8,,6.5
V8_C7,8,28,19.0,837.0,0.0062,8.71,4.5,29.1,8.8,35.0,8.5
V8_C7,8,35,26.0,1047.0,0.0077555555555555555,8.71,4.0,29.1,8.7,30.0,13.0
V8_C7,8,42,33.0,1242.0,0.0092,8.71,4.1,29.3,8.7,30.0,15.3
V8_C8,8,14,7.0,75.0,0.00075,6.45,4.0,28.9,8.9,30.0,9.3
V8_C8,8,21,14.0,271.0,0.00271,6.45,,,,20.0,11.2
V8_C8,8,28,21.0,501.0,0.00501,6.45,4.1,29.1,8.9,23.0,13.6
V8_C8,8,35,28.0,761.0,0.00761,6.45,2.1,29.3,8.9,23.0,16.0
V8_C8,8,42,35.0,1021.0,0.01021,6.45,2.6,28.4,8.9,26.0,18.5
V8_C8,8,49,42.0,1301.0,0.01301,6.45,4.9,29.4,8.9,,19.5
V9_C1,9,28,18.0,50.0,0.0005681818181818182,11.43,4.0,27.8,8.3,30.0,1.9
V9_C1,9,35,25.0,71.0,0.0008068181818181818,11.43,5.3,27.5,8.3,31.0,3.8
V9_C1,9,42,32.0,131.0,0.0014886363636363636,11.43,4.5,28.1,8.3,31.0,6.4
V9_C1,9,49,39.0,201.0,0.0022840909090909092,11.43,5.2,27.4,8.3,32.0,8.4
V9_C1,9,56,46.0,301.0,0.0034204545454545455,11.43,5.3,27.5,8.3,33.0,11.2
V9_C1,9,63,53.0,401.0,0.004556818181818182,11.43,5.7,28.3,8.3,35.0,11.9
V9_C1,9,70,60.0,506.0,0.00575,11.43,4.5,28.6,8.3,35.0,14.2
V9_C2,9,35,15.0,65.0,0.00037142857142857143,22.73,5.7,28.1,8.3,38.0,1.1
V9_C2,9,42,22.0,136.0,0.0007771428571428571,22.73,3.8,28.1,8.3,39.0,1.8
V9_C2,9,49,29.0,246.0,0.0014057142857142857,22.73,5.4,28.9,8.3,35.0,2.5
V9_C2,9,56,36.0,394.0,0.0022514285714285713,22.73,3.9,28.5,8.3,39.0,3.0
V9_C2,9,63,43.0,556.0,0.003177142857142857,22.73,3.5,28.6,8.3,40.0,3.8
V9_C2,9,70,50.0,729.0,0.004165714285714286,22.73,3.6,29.6,8.3,40.0,4.6
V9_C2,9,77,57.0,918.0,0.005245714285714286,22.73,3.8,28.5,8.4,40.0,5.6
V9_C2,9,84,64.0,1124.0,0.0064228571428571425,22.73,3.9,29.6,8.4,40.0,6.7
V9_C2,9,91,71.0,1333.0,0.007617142857142857,22.73,3.1,29.4,8.4,40.0,8.0
V9_C2,9,98,78.0,1543.0,0.008817142857142857,22.73,3.0,28.6,7.8,40.0,8.9
V9_C2,9,105,85.0,1738.0,0.009931428571428572,22.73,2.9,29.3,7.8,40.0,10.4
V9_C2,9,112,92.0,1933.0,0.011045714285714285,22.73,4.0,28.7,7.8,39.0,12.3
V9_C2,9,119,99.0,2143.0,0.012245714285714285,22.73,3.1,29.2,7.8,38.0,12.5
V9_C2,9,126,106.0,2353.0,0.013445714285714287,22.73,4.0,28.1,7.8,35.0,13.0
V9_C2,9,133,113.0,2563.0,0.014645714285714286,22.73,1.9,29.4,7.8,33.0,15.0
V9_C2,9,140,120.0,2773.0,0.015845714285714286,22.73,2.4,30.1,7.7,,17.0
V9_C2,9,147,127.0,2988.0,0.017074285714285715,22.73,3.0,29.8,7.7,26.0,18.5
V9_C2,9,154,134.0,3183.0,0.01818857142857143,22.73,2.7,29.4,7.7,,21.0
V9_C3,9,42,27.0,151.0,0.000755,25.97,4.2,27.8,8.2,30.0,1.7
V9_C3,9,49,34.0,261.0,0.001305,25.97,3.9,27.1,8.2,30.0,2.4
V9_C3,9,56,41.0,393.0,0.001965,25.97,4.9,27.2,8.2,31.0,2.9
V9_C3,9,63,48.0,568.0,0.00284,25.97,4.3,27.3,8.2,30.0,3.4
V9_C3,9,70,55.0,743.0,0.003715,25.97,4.2,27.5,8.2,30.0,4.3
V9_C3,9,77,62.0,918.0,0.00459,25.97,4.8,27.6,8.2,29.0,5.3
V9_C3,9,84,69.0,1098.0,0.00549,25.97,3.2,27.3,8.2,30.0,6.5
V9_C3,9,91,76.0,1273.0,0.006365,25.97,5.3,26.1,8.2,30.0,8.0
V9_C3,9,98,83.0,1433.0,0.007165,25.97,4.2,27.2,8.2,30.0,9.2
V9_C3,9,105,90.0,1608.0,0.00804,25.97,4.4,27.1,8.2,30.0,10.5
V9_C3,9,112,97.0,1783.0,0.008915,25.97,4.5,26.4,8.1,30.0,10.5
V9_C3,9,119,104.0,2013.0,0.010065,25.97,4.2,27.5,8.1,29.0,11.7
V9_C3,9,126,111.0,2198.0,0.01099,25.97,3.5,28.3,8.1,30.0,12.4
V9_C3,9,133,118.0,2418.0,0.01209,25.97,3.9,27.6,8.1,30.0,14.5
V9_C3,9,140,125.0,2613.0,0.013065,25.97,3.8,27.3,8.1,30.0,15.5
V9_C7,9,28,14.0,127.0,0.00048659003831417623,33.9,,,,,1.5
V9_C7,9,35,21.0,285.0,0.0010919540229885056,33.9,,,,,2.8
V9_C7,9,42,28.0,460.0,0.0017624521072796934,33.9,4.9,28.4,8.7,20.0,3.8
V9_C7,9,49,35.0,665.0,0.0025478927203065136,33.9,4.9,28.8,8.7,19.0,4.9
V9_C7,9,56,42.0,935.0,0.003582375478927203,33.9,4.4,29.2,8.8,20.0,5.3
V9_C7,9,63,49.0,1264.0,0.004842911877394636,33.9,2.5,29.2,8.7,20.0,6.5
V9_C7,9,70,56.0,1574.0,0.0060306513409961685,33.9,3.6,27.5,8.7,,8.5
V9_C7,9,77,63.0,1879.0,0.007199233716475096,33.9,4.5,27.7,8.6,22.0,10.2
V9_C8,9,28,8.0,20.0,0.00010810810810810811,24.03,5.3,27.4,,8.0,1.2
V9_C8,9,35,15.0,91.0,0.0004918918918918919,24.03,5.4,26.1,,10.0,1.7
V9_C8,9,42,22.0,176.0,0.0009513513513513514,24.03,5.4,25.8,8.9,10.0,2.1
V9_C8,9,49,29.0,278.0,0.0015027027027027027,24.03,5.0,26.8,8.9,12.0,2.4
V9_C8,9,56,36.0,413.0,0.002232432432432432,24.03,5.8,26.1,8.9,15.0,3.4
V9_C8,9,63,43.0,534.0,0.0028864864864864867,24.03,5.1,27.0,8.9,,3.8
V9_C8,9,70,50.0,660.0,0.0035675675675675674,24.03,5.6,26.0,8.9,20.0,4.5
V9_C8,9,77,57.0,788.0,0.004259459459459459,24.03,4.5,26.1,9.1,20.0,5.5
V9_C8,9,84,64.0,928.0,0.005016216216216216,24.03,5.4,25.8,9.1,20.0,6.6
V9_C8,9,91,71.0,1058.0,0.005718918918918919,24.03,4.0,26.6,9.1,22.0,7.6
V9_C8,9,98,78.0,1213.0,0.006556756756756757,24.03,4.6,26.7,9.0,23.0,8.8
V9_C8,9,105,85.0,1388.0,0.007502702702702702,24.03,3.8,26.6,9.0,25.0,11.0
